Testdatum;2026-07-07
Batch-Nr.;Widerstandsmessung

Zeit;t [ms];Zustand;Zyklus;Zyklen gesamt;I1 [A];I2 [A];I3 [A];I4 [A];I5 [A];I6 [A];I7 [A];I8 [A];I9 [A];I10 [A];U1 [V];U2 [V];U3 [V];U4 [V];U5 [V];U6 [V];U7 [V];U8 [V];U9 [V];U10 [V];T1 [°C];T2 [°C];T3 [°C];T4 [°C];T5 [°C];T6 [°C];Lüfter rechts [1/min];Lüfter links [1/min];Defekt
2026-07-07 15:56:39;0;IDLE;0;10;0,000;0,000;0,000;0,000;0,000;0,000;0,000;0,000;0,000;0,000;0,000;0,000;0,000;0,000;0,000;0,000;0,000;0,000;0,000;0,000;24,87;24,62;24,87;24,69;24,56;24,75;0;0;
2026-07-07 15:56:40;1026;RUNNING;0;4;0,010;0,000;0,000;0,000;0,000;0,000;0,000;0,000;0,000;0,000;0,064;0,000;0,000;0,000;0,000;0,000;0,000;0,000;0,000;0,000;24,94;24,56;24,81;24,69;24,56;24,75;0;0;
2026-07-07 15:56:41;2025;RUNNING;0;4;0,032;0,017;0,000;0,000;0,000;0,000;0,000;0,000;0,000;0,000;0,150;0,060;0,000;0,000;0,000;0,000;0,000;0,000;0,000;0,000;24,94;24,62;24,81;24,69;24,62;24,75;0;0;
2026-07-07 15:56:42;3026;RUNNING;0;4;0,054;0,039;0,019;0,000;0,000;0,000;0,000;0,000;0,000;0,000;0,233;0,142;0,073;0,000;0,000;0,000;0,000;0,000;0,000;0,000;24,94;24,62;24,87;24,69;24,56;24,75;0;0;
2026-07-07 15:56:43;4027;RUNNING;0;4;0,075;0,061;0,042;0,018;0,000;0,000;0,000;0,000;0,000;0,000;0,318;0,229;0,160;0,065;0,000;0,000;0,000;0,000;0,000;0,000;24,94;24,62;24,87;24,69;24,56;24,75;0;0;
2026-07-07 15:56:44;5027;RUNNING;0;4;0,096;0,083;0,062;0,040;0,018;0,000;0,000;0,000;0,000;0,000;0,399;0,311;0,240;0,149;0,080;0,000;0,000;0,000;0,000;0,000;24,94;24,62;24,87;24,69;24,56;24,75;0;0;
2026-07-07 15:56:45;6027;RUNNING;0;4;0,118;0,104;0,084;0,061;0,039;0,018;0,000;0,000;0,000;0,000;0,480;0,396;0,324;0,231;0,161;0,099;0,000;0,000;0,000;0,000;24,94;24,62;24,87;24,69;24,56;24,75;0;0;
2026-07-07 15:56:46;7028;RUNNING;0;4;0,139;0,125;0,106;0,083;0,061;0,040;0,019;0,000;0,000;0,000;0,563;0,478;0,407;0,316;0,243;0,180;0,123;0,000;0,000;0,000;24,94;24,62;24,81;24,69;24,62;24,75;600;600;
2026-07-07 15:56:47;8028;RUNNING;0;4;0,161;0,147;0,127;0,104;0,083;0,061;0,040;0,019;0,000;0,000;0,645;0,562;0,487;0,398;0,325;0,260;0,206;0,098;0,000;0,000;24,87;24,56;24,81;24,69;24,56;24,75;300;300;
2026-07-07 15:56:48;9029;RUNNING;0;4;0,182;0,168;0,149;0,125;0,104;0,083;0,061;0,040;0,018;0,000;0,728;0,646;0,571;0,479;0,408;0,345;0,287;0,180;0,097;0,000;24,94;24,62;24,81;24,69;24,56;24,75;600;300;
2026-07-07 15:56:49;10029;RUNNING;0;4;0,204;0,190;0,171;0,147;0,125;0,104;0,083;0,061;0,040;0,018;0,809;0,728;0,653;0,564;0,490;0,426;0,368;0,259;0,181;0,100;24,87;24,62;24,81;24,69;24,56;24,75;600;300;
2026-07-07 15:56:50;11029;RUNNING;0;4;0,225;0,212;0,193;0,168;0,147;0,125;0,104;0,084;0,061;0,040;0,892;0,810;0,736;0,644;0,573;0,509;0,452;0,344;0,264;0,183;24,87;24,62;24,81;24,69;24,56;24,75;600;300;
2026-07-07 15:56:51;12029;RUNNING;0;4;0,247;0,234;0,214;0,190;0,168;0,147;0,125;0,105;0,083;0,061;0,973;0,895;0,820;0,730;0,657;0,592;0,531;0,426;0,343;0,264;24,87;24,56;24,87;24,69;24,56;24,75;600;300;
2026-07-07 15:56:52;13029;RUNNING;0;4;0,268;0,255;0,236;0,211;0,190;0,168;0,147;0,126;0,104;0,083;1,054;0,979;0,903;0,813;0,738;0,674;0,614;0,509;0,425;0,351;24,87;24,56;24,87;24,69;24,56;24,75;600;600;
2026-07-07 15:56:53;14029;RUNNING;0;4;0,290;0,276;0,257;0,232;0,211;0,190;0,168;0,149;0,126;0,104;1,137;1,060;0,985;0,895;0,822;0,755;0,695;0,590;0,508;0,430;24,87;24,56;24,81;24,69;24,56;24,75;600;300;
2026-07-07 15:56:54;15029;RUNNING;0;4;0,311;0,298;0,279;0,253;0,232;0,211;0,190;0,170;0,147;0,125;1,220;1,144;1,067;0,979;0,905;0,838;0,778;0,672;0,589;0,513;24,87;24,56;24,81;24,69;24,56;24,75;600;600;
2026-07-07 15:56:55;16029;RUNNING;0;4;0,333;0,319;0,300;0,275;0,253;0,232;0,211;0,192;0,169;0,147;1,302;1,228;1,150;1,062;0,987;0,920;0,859;0,755;0,672;0,597;24,87;24,56;24,81;24,69;24,56;24,75;600;600;
2026-07-07 15:56:56;17029;RUNNING;0;4;0,354;0,341;0,322;0,296;0,275;0,254;0,233;0,214;0,190;0,168;1,385;1,311;1,234;1,144;1,068;1,004;0,942;0,838;0,755;0,680;24,87;24,56;24,81;24,69;24,50;24,75;600;600;
2026-07-07 15:56:57;18029;RUNNING;0;4;0,376;0,362;0,344;0,318;0,297;0,275;0,255;0,236;0,212;0,191;1,468;1,393;1,315;1,226;1,152;1,086;1,024;0,921;0,840;0,761;24,87;24,56;24,81;24,69;24,50;24,75;600;600;
2026-07-07 15:56:58;19029;RUNNING;0;4;0,397;0,384;0,365;0,340;0,318;0,297;0,276;0,257;0,234;0,211;1,549;1,477;1,399;1,310;1,235;1,167;1,105;1,004;0,920;0,842;24,87;24,56;24,81;24,69;24,50;24,69;600;600;
2026-07-07 15:56:59;20029;RUNNING;0;4;0,419;0,406;0,388;0,360;0,340;0,318;0,297;0,279;0,256;0,233;1,632;1,559;1,481;1,394;1,318;1,254;1,188;1,084;1,003;0,925;24,87;24,56;24,81;24,69;24,50;24,75;600;900;
2026-07-07 15:57:00;21029;RUNNING;0;4;0,441;0,428;0,409;0,382;0,361;0,339;0,319;0,300;0,277;0,255;1,713;1,643;1,561;1,477;1,400;1,333;1,271;1,167;1,084;1,008;24,87;24,56;24,81;24,69;24,50;24,69;900;900;
2026-07-07 15:57:01;22029;RUNNING;0;4;0,462;0,448;0,432;0,403;0,382;0,361;0,340;0,322;0,298;0,276;1,794;1,724;1,646;1,559;1,482;1,413;1,352;1,250;1,168;1,091;24,87;24,56;24,81;24,69;24,50;24,69;900;900;
2026-07-07 15:57:02;23029;RUNNING;0;4;0,483;0,470;0,453;0,425;0,404;0,382;0,362;0,344;0,321;0,298;1,877;1,808;1,729;1,643;1,565;1,498;1,433;1,333;1,251;1,173;24,87;24,50;24,81;24,69;24,50;24,69;900;900;
2026-07-07 15:57:03;24029;RUNNING;0;4;0,505;0,492;0,475;0,446;0,426;0,403;0,383;0,366;0,342;0,320;1,960;1,892;1,811;1,725;1,648;1,579;1,515;1,415;1,332;1,256;24,81;24,50;24,81;24,69;24,50;24,69;900;900;
2026-07-07 15:57:04;25029;RUNNING;0;4;0,526;0,513;0,496;0,468;0,447;0,425;0,405;0,387;0,363;0,341;2,042;1,974;1,895;1,809;1,730;1,661;1,598;1,498;1,415;1,337;24,87;24,50;24,81;24,69;24,50;24,69;900;900;
2026-07-07 15:57:05;26029;RUNNING;0;4;0,548;0,535;0,518;0,489;0,469;0,446;0,426;0,409;0,385;0,362;2,125;2,057;1,976;1,889;1,814;1,742;1,679;1,579;1,497;1,418;24,87;24,50;24,81;24,69;24,44;24,69;900;900;
2026-07-07 15:57:06;27029;RUNNING;0;4;0,569;0,557;0,540;0,511;0,490;0,467;0,448;0,431;0,407;0,384;2,208;2,141;2,060;1,973;1,897;1,825;1,762;1,662;1,580;1,501;24,87;24,50;24,81;24,69;24,44;24,69;900;900;
2026-07-07 15:57:07;28029;RUNNING;0;4;0,591;0,578;0,561;0,532;0,511;0,489;0,469;0,452;0,429;0,406;2,289;2,223;2,142;2,056;1,977;1,908;1,843;1,744;1,661;1,583;24,87;24,50;24,81;24,69;24,44;24,69;900;900;
2026-07-07 15:57:08;29029;RUNNING;0;4;0,612;0,600;0,583;0,553;0,533;0,510;0,491;0,474;0,450;0,427;2,370;2,307;2,225;2,138;2,060;1,991;1,924;1,827;1,742;1,666;24,81;24,44;24,81;24,69;24,44;24,69;1200;1200;
2026-07-07 15:57:09;30029;RUNNING;0;4;0,634;0,621;0,606;0,575;0,554;0,532;0,512;0,496;0,471;0,449;2,452;2,388;2,309;2,222;2,144;2,073;2,006;1,908;1,826;1,747;24,81;24,44;24,75;24,69;24,44;24,69;1200;1200;
2026-07-07 15:57:10;31029;RUNNING;0;4;0,655;0,643;0,627;0,596;0,576;0,553;0,533;0,518;0,493;0,470;2,536;2,472;2,390;2,306;2,227;2,156;2,087;1,991;1,907;1,829;24,81;24,44;24,75;24,69;24,44;24,69;1200;900;
2026-07-07 15:57:11;32029;RUNNING;0;4;0,678;0,664;0,649;0,617;0,598;0,575;0,556;0,539;0,514;0,492;2,617;2,554;2,472;2,387;2,309;2,237;2,168;2,073;1,990;1,912;24,81;24,44;24,75;24,69;24,44;24,69;1200;1200;
2026-07-07 15:57:12;33029;RUNNING;0;4;0,699;0,686;0,671;0,640;0,619;0,596;0,577;0,561;0,537;0,514;2,700;2,639;2,556;2,471;2,390;2,319;2,253;2,156;2,073;1,995;24,81;24,44;24,75;24,69;24,44;24,69;1200;1200;
2026-07-07 15:57:13;34029;RUNNING;0;4;0,721;0,708;0,692;0,661;0,642;0,617;0,598;0,583;0,558;0,535;2,782;2,721;2,639;2,553;2,474;2,402;2,334;2,237;2,155;2,076;24,81;24,44;24,75;24,69;24,37;24,69;1200;1200;
2026-07-07 15:57:14;35029;RUNNING;0;4;0,743;0,729;0,715;0,682;0,663;0,639;0,620;0,604;0,579;0,557;2,865;2,805;2,723;2,637;2,555;2,483;2,415;2,319;2,238;2,157;24,81;24,44;24,75;24,69;24,37;24,69;1200;1200;
2026-07-07 15:57:15;36029;RUNNING;0;4;0,764;0,751;0,737;0,703;0,684;0,661;0,642;0,627;0,601;0,579;2,946;2,887;2,804;2,720;2,640;2,566;2,497;2,402;2,319;2,240;24,81;24,37;24,75;24,69;24,37;24,62;1200;1200;
2026-07-07 15:57:16;37029;RUNNING;0;4;0,786;0,772;0,758;0,725;0,706;0,683;0,663;0,648;0,623;0,599;3,029;2,971;2,886;2,802;2,722;2,649;2,580;2,485;2,400;2,322;24,81;24,37;24,75;24,69;24,37;24,62;1200;1200;
2026-07-07 15:57:17;38029;RUNNING;0;4;0,808;0,795;0,780;0,747;0,727;0,704;0,684;0,670;0,644;0,621;3,112;3,056;2,971;2,886;2,805;2,732;2,663;2,567;2,484;2,403;24,81;24,37;24,75;24,69;24,37;24,69;1200;1800;
2026-07-07 15:57:18;39029;RUNNING;0;4;0,829;0,815;0,802;0,768;0,749;0,725;0,706;0,692;0,666;0,643;3,193;3,138;3,050;2,970;2,887;2,814;2,744;2,650;2,567;2,486;24,81;24,37;24,69;24,69;24,37;24,69;1200;1500;
2026-07-07 15:57:19;40029;RUNNING;0;4;0,851;0,837;0,823;0,790;0,771;0,747;0,728;0,714;0,688;0,664;3,276;3,220;3,137;3,053;2,971;2,895;2,827;2,733;2,648;2,571;24,81;24,31;24,75;24,69;24,37;24,69;1200;1500;
2026-07-07 15:57:20;41029;RUNNING;0;4;0,872;0,859;0,846;0,811;0,793;0,768;0,749;0,736;0,709;0,686;3,357;3,303;3,220;3,135;3,052;2,978;2,908;2,816;2,733;2,652;24,81;24,31;24,69;24,69;24,37;24,62;1500;1500;
2026-07-07 15:57:21;42029;RUNNING;0;4;0,895;0,882;0,867;0,833;0,814;0,790;0,771;0,758;0,731;0,707;3,442;3,385;3,304;3,219;3,137;3,061;2,990;2,897;2,811;2,733;24,81;24,31;24,69;24,69;24,37;24,62;1500;1500;
2026-07-07 15:57:22;43029;RUNNING;0;4;0,916;0,903;0,890;0,854;0,836;0,811;0,793;0,779;0,753;0,730;3,525;3,469;3,385;3,303;3,221;3,144;3,073;2,980;2,894;2,816;24,81;24,31;24,75;24,69;24,37;24,62;1800;1500;
2026-07-07 15:57:23;44029;RUNNING;0;4;0,938;0,924;0,912;0,876;0,857;0,833;0,814;0,801;0,774;0,752;3,608;3,554;3,469;3,385;3,302;3,227;3,156;3,062;2,975;2,898;24,75;24,31;24,69;24,75;24,31;24,62;1500;1500;
2026-07-07 15:57:24;45029;RUNNING;0;4;0,960;0,946;0,933;0,898;0,879;0,854;0,836;0,823;0,796;0,773;3,689;3,636;3,552;3,468;3,386;3,310;3,237;3,147;3,058;2,981;24,75;24,31;24,69;24,75;24,37;24,69;1800;1800;
2026-07-07 15:57:25;46029;RUNNING;0;4;0,981;0,967;0,956;0,919;0,901;0,875;0,857;0,845;0,817;0,794;3,772;3,718;3,636;3,554;3,467;3,390;3,319;3,228;3,142;3,062;24,75;24,25;24,69;24,75;24,31;24,62;1500;1800;
2026-07-07 15:57:26;47029;RUNNING;0;4;1,003;0,991;0,977;0,941;0,922;0,897;0,879;0,866;0,839;0,816;3,854;3,802;3,717;3,636;3,552;3,473;3,400;3,311;3,225;3,144;24,75;24,25;24,69;24,75;24,31;24,62;1800;1500;
2026-07-07 15:57:27;48029;RUNNING;0;4;1,025;1,011;0,999;0,963;0,944;0,919;0,901;0,889;0,861;0,837;3,938;3,884;3,801;3,719;3,634;3,558;3,483;3,393;3,306;3,228;24,75;24,25;24,69;24,75;24,31;24,62;1500;1800;
2026-07-07 15:57:28;49029;RUNNING;0;4;1,047;1,033;1,022;0,984;0,966;0,940;0,923;0,910;0,882;0,860;4,020;3,967;3,884;3,801;3,717;3,639;3,567;3,474;3,389;3,310;24,75;24,25;24,69;24,75;24,31;24,62;1800;1800;
2026-07-07 15:57:29;50029;RUNNING;0;4;1,068;1,054;1,043;1,006;0,987;0,962;0,944;0,933;0,904;0,881;4,103;4,051;3,968;3,885;3,801;3,721;3,648;3,559;3,471;3,393;24,75;24,25;24,69;24,75;24,31;24,62;1500;1500;
2026-07-07 15:57:30;51029;RUNNING;0;4;1,090;1,077;1,066;1,028;1,010;0,984;0,966;0,954;0,926;0,903;4,184;4,133;4,050;3,969;3,884;3,804;3,733;3,642;3,555;3,474;24,75;24,19;24,69;24,75;24,25;24,62;1800;1800;
2026-07-07 15:57:31;52029;RUNNING;0;4;1,112;1,098;1,087;1,050;1,032;1,006;0,988;0,976;0,948;0,925;4,267;4,217;4,131;4,051;3,968;3,887;3,812;3,723;3,637;3,559;24,69;24,19;24,69;24,75;24,31;24,62;1800;1800;
2026-07-07 15:57:32;53029;RUNNING;0;4;1,134;1,120;1,110;1,071;1,053;1,027;1,009;0,999;0,970;0,946;4,348;4,300;4,215;4,134;4,049;3,970;3,895;3,807;3,720;3,640;24,75;24,19;24,69;24,75;24,31;24,62;1800;1800;
2026-07-07 15:57:33;54029;RUNNING;0;4;1,155;1,141;1,132;1,093;1,074;1,049;1,032;1,020;0,992;0,967;4,431;4,382;4,298;4,218;4,133;4,051;3,979;3,888;3,801;3,721;24,69;24,19;24,69;24,75;24,25;24,62;1800;1800;
2026-07-07 15:57:34;55029;RUNNING;0;4;1,177;1,163;1,153;1,114;1,096;1,070;1,053;1,042;1,013;0,990;4,512;4,464;4,382;4,300;4,214;4,133;4,060;3,973;3,884;3,804;24,69;24,19;24,69;24,75;24,25;24,62;1800;2100;
2026-07-07 15:57:35;56029;RUNNING;0;4;1,199;1,185;1,175;1,136;1,117;1,092;1,074;1,064;1,035;1,011;4,595;4,546;4,464;4,382;4,298;4,216;4,141;4,054;3,966;3,886;24,69;24,19;24,69;24,75;24,25;24,62;1800;1800;
2026-07-07 15:57:36;57029;RUNNING;0;4;1,221;1,206;1,198;1,157;1,139;1,114;1,096;1,086;1,056;1,033;4,677;4,628;4,547;4,465;4,379;4,297;4,224;4,136;4,049;3,970;24,69;24,12;24,69;24,81;24,25;24,62;2100;1800;
2026-07-07 15:57:37;58029;RUNNING;0;4;1,242;1,227;1,219;1,179;1,162;1,136;1,118;1,108;1,078;1,054;4,760;4,712;4,629;4,547;4,463;4,382;4,307;4,217;4,130;4,050;24,69;24,12;24,69;24,81;24,25;24,62;2100;2100;
2026-07-07 15:57:38;59029;RUNNING;0;4;1,264;1,249;1,242;1,200;1,184;1,157;1,139;1,130;1,100;1,076;4,841;4,794;4,711;4,629;4,544;4,462;4,388;4,300;4,213;4,133;24,69;24,12;24,62;24,81;24,25;24,56;2100;2100;
2026-07-07 15:57:39;60029;RUNNING;0;4;1,286;1,271;1,264;1,222;1,205;1,178;1,162;1,152;1,122;1,097;4,922;4,877;4,794;4,713;4,628;4,545;4,470;4,382;4,295;4,215;24,69;24,12;24,62;24,81;24,31;24,62;2100;2400;
2026-07-07 15:57:40;61029;RUNNING;0;4;1,306;1,293;1,286;1,244;1,226;1,199;1,183;1,174;1,143;1,119;4,997;4,959;4,878;4,795;4,711;4,626;4,551;4,465;4,376;4,298;24,62;24,06;24,62;24,81;24,25;24,62;2100;2100;
2026-07-07 15:57:41;62129;RUNNING;0;4;1,306;1,303;1,310;1,267;1,249;1,224;1,207;1,198;1,167;1,144;4,997;4,998;4,968;4,889;4,803;4,718;4,642;4,553;4,466;4,387;24,62;24,06;24,62;24,81;24,25;24,62;2100;2100;
2026-07-07 15:57:42;63129;RUNNING;0;4;1,306;1,304;1,317;1,289;1,272;1,245;1,229;1,220;1,189;1,165;4,997;4,998;4,997;4,969;4,886;4,799;4,725;4,636;4,547;4,469;24,62;24,06;24,62;24,87;24,25;24,62;2100;2100;
2026-07-07 15:57:43;64129;RUNNING;0;4;1,306;1,303;1,317;1,296;1,295;1,267;1,250;1,242;1,211;1,187;4,997;4,997;4,997;4,998;4,968;4,882;4,808;4,719;4,631;4,550;24,62;24,06;24,62;24,81;24,25;24,62;2100;2100;
2026-07-07 15:57:44;65129;RUNNING;0;4;1,306;1,304;1,319;1,297;1,303;1,289;1,272;1,263;1,232;1,209;4,997;4,998;4,999;4,998;4,999;4,964;4,889;4,801;4,712;4,631;24,62;24,06;24,62;24,87;24,25;24,62;2100;1800;
2026-07-07 15:57:45;66129;RUNNING;0;4;1,307;1,304;1,319;1,297;1,303;1,298;1,295;1,286;1,254;1,230;4,998;4,998;5,000;4,996;4,999;4,999;4,970;4,882;4,793;4,713;24,62;24,00;24,62;24,87;24,25;24,62;1800;2100;
2026-07-07 15:57:46;67129;RUNNING;0;4;1,307;1,304;1,318;1,297;1,304;1,298;1,301;1,308;1,276;1,251;5,000;4,998;4,999;4,996;4,999;4,999;4,997;4,963;4,876;4,796;24,62;24,00;24,62;24,87;24,25;24,62;2100;2100;
2026-07-07 15:57:47;68129;RUNNING;0;4;1,307;1,304;1,319;1,298;1,303;1,299;1,302;1,317;1,298;1,273;4,998;4,997;4,999;4,998;4,999;4,999;4,997;4,997;4,958;4,877;24,62;24,00;24,62;24,87;24,31;24,62;2100;2100;
2026-07-07 15:57:48;69129;RUNNING;0;4;1,307;1,304;1,319;1,298;1,302;1,298;1,302;1,316;1,308;1,295;4,998;4,997;4,999;4,998;4,999;4,999;4,997;4,997;4,997;4,958;24,62;24,00;24,62;24,87;24,31;24,62;2100;2100;
2026-07-07 15:57:49;70228;RUNNING;0;4;1,307;1,304;1,319;1,298;1,303;1,298;1,303;1,317;1,308;1,305;4,998;4,997;4,999;4,998;4,999;4,999;5,000;4,997;4,999;4,997;24,62;24,00;24,62;24,94;24,25;24,62;2100;2100;
2026-07-07 15:57:50;71228;RUNNING;0;4;1,307;1,304;1,319;1,298;1,303;1,299;1,303;1,317;1,310;1,306;5,000;4,997;4,999;5,000;4,999;4,999;4,997;4,999;5,000;4,999;24,62;24,00;24,62;24,94;24,31;24,69;2100;2100;
2026-07-07 15:57:51;72228;RUNNING;0;4;1,307;1,304;1,319;1,298;1,303;1,299;1,303;1,318;1,309;1,307;4,998;4,998;4,999;4,998;4,997;4,999;4,998;4,999;5,000;4,999;24,62;24,00;24,62;24,94;24,31;24,62;2100;2100;
2026-07-07 15:57:52;73228;RUNNING;0;4;1,307;1,304;1,319;1,298;1,303;1,299;1,303;1,318;1,309;1,307;5,000;4,998;4,999;4,998;4,999;4,997;4,998;4,999;5,000;4,999;24,62;24,00;24,62;24,94;24,31;24,69;2100;1800;
2026-07-07 15:57:53;74228;RUNNING;0;4;1,307;1,304;1,319;1,298;1,302;1,299;1,303;1,318;1,310;1,307;4,998;4,998;4,999;4,998;5,000;4,997;4,998;5,001;5,000;4,999;24,56;24,00;24,56;24,94;24,31;24,69;1800;2100;
2026-07-07 15:57:54;75228;RUNNING;0;4;1,307;1,305;1,319;1,298;1,303;1,299;1,303;1,318;1,310;1,307;4,998;4,998;5,000;4,998;4,999;4,997;5,000;4,999;5,000;4,999;24,56;24,00;24,62;24,94;24,31;24,69;2100;2100;
2026-07-07 15:57:55;76228;RUNNING;0;4;1,307;1,304;1,319;1,298;1,304;1,299;1,303;1,318;1,310;1,307;5,000;4,998;4,999;4,998;4,999;4,997;5,000;4,999;5,000;4,999;24,56;24,00;24,62;25,00;24,31;24,69;2100;2100;
2026-07-07 15:57:56;77228;RUNNING;0;4;1,307;1,305;1,319;1,298;1,303;1,299;1,303;1,318;1,310;1,307;5,000;4,998;4,999;4,998;4,999;4,997;4,998;4,999;5,000;4,999;24,56;24,00;24,62;25,00;24,31;24,69;2100;2100;
2026-07-07 15:57:57;78228;RUNNING;0;4;1,307;1,305;1,319;1,298;1,304;1,299;1,303;1,318;1,310;1,307;4,998;4,998;4,999;4,998;4,999;4,997;4,998;4,999;5,000;4,999;24,56;24,00;24,56;25,00;24,31;24,69;2100;2100;
2026-07-07 15:57:58;79228;RUNNING;0;4;1,308;1,304;1,319;1,298;1,303;1,299;1,303;1,318;1,310;1,307;4,998;4,998;4,999;4,998;4,999;4,997;4,998;4,999;4,999;4,999;24,56;23,94;24,62;25,00;24,37;24,69;2100;2100;
2026-07-07 15:57:59;80228;RUNNING;0;4;1,308;1,305;1,319;1,298;1,304;1,299;1,304;1,318;1,310;1,307;4,998;4,998;4,999;4,998;4,999;4,997;5,000;4,999;5,000;4,997;24,56;23,94;24,56;25,00;24,37;24,75;2100;2100;
2026-07-07 15:58:00;81228;RUNNING;0;4;1,307;1,304;1,319;1,298;1,303;1,299;1,303;1,318;1,309;1,307;4,998;4,998;4,999;4,998;4,999;4,997;5,000;4,999;5,000;4,997;24,56;23,94;24,56;25,00;24,37;24,75;2100;1800;
2026-07-07 15:58:01;82228;RUNNING;0;4;1,308;1,305;1,319;1,298;1,303;1,300;1,303;1,318;1,310;1,307;4,998;4,998;4,999;4,998;4,999;4,999;4,998;4,999;5,000;4,997;24,56;23,94;24,62;25,00;24,37;24,75;1800;2100;
2026-07-07 15:58:02;83228;RUNNING;0;4;1,308;1,304;1,319;1,298;1,304;1,300;1,303;1,318;1,310;1,307;4,998;4,998;5,000;4,998;4,999;4,999;4,998;4,999;5,000;4,999;24,56;23,94;24,56;25,06;24,37;24,75;2100;2400;
2026-07-07 15:58:03;84228;RUNNING;0;4;1,308;1,305;1,319;1,299;1,304;1,300;1,304;1,318;1,310;1,307;4,998;4,998;4,999;4,998;4,999;4,999;4,998;4,999;5,002;4,999;24,56;23,94;24,56;25,06;24,37;24,75;2100;2100;
2026-07-07 15:58:04;85228;RUNNING;0;4;1,308;1,304;1,319;1,298;1,304;1,300;1,304;1,318;1,310;1,308;4,998;4,998;4,999;4,996;4,999;4,999;4,998;4,999;5,000;4,999;24,56;23,94;24,56;25,06;24,37;24,75;2100;2400;
2026-07-07 15:58:05;86228;RUNNING;0;4;1,308;1,304;1,319;1,298;1,304;1,300;1,304;1,318;1,310;1,307;4,998;4,998;5,000;4,998;4,999;4,999;4,998;4,999;4,999;4,999;24,56;23,94;24,56;25,06;24,37;24,75;2100;2100;
2026-07-07 15:58:06;87228;RUNNING;0;4;1,308;1,305;1,320;1,299;1,304;1,300;1,304;1,318;1,310;1,308;4,998;4,998;4,999;4,998;4,999;4,999;4,998;4,999;5,000;4,997;24,56;23,94;24,56;25,06;24,37;24,75;2100;2100;
2026-07-07 15:58:07;88228;RUNNING;0;4;1,308;1,304;1,319;1,300;1,304;1,300;1,304;1,318;1,310;1,307;4,998;4,998;5,000;4,998;4,999;4,999;4,998;4,997;4,999;4,997;24,50;23,94;24,56;25,06;24,44;24,75;2100;2100;
2026-07-07 15:58:08;89228;RUNNING;0;4;1,308;1,304;1,319;1,298;1,304;1,300;1,304;1,318;1,310;1,307;4,998;4,998;4,999;4,998;4,999;4,999;5,000;4,999;4,999;4,999;24,56;23,87;24,56;25,06;24,44;24,75;2100;1800;
2026-07-07 15:58:09;90228;RUNNING;0;4;1,308;1,304;1,319;1,298;1,304;1,300;1,303;1,318;1,310;1,307;4,998;4,997;4,999;4,998;4,999;5,001;5,000;4,997;4,999;4,997;24,56;23,94;24,56;25,06;24,44;24,81;2100;2100;
2026-07-07 15:58:10;91228;RUNNING;0;4;1,308;1,304;1,320;1,299;1,304;1,300;1,304;1,318;1,310;1,307;4,998;4,998;4,999;4,998;4,999;4,999;4,998;4,999;5,000;4,997;24,50;23,87;24,56;25,06;24,44;24,81;2100;2100;
2026-07-07 15:58:11;92228;RUNNING;0;4;1,308;1,305;1,320;1,299;1,303;1,300;1,303;1,319;1,310;1,307;4,998;4,997;4,997;4,998;4,997;4,999;5,000;4,999;5,000;4,997;24,50;23,87;24,56;25,06;24,44;24,81;2100;2100;
2026-07-07 15:58:12;93228;RUNNING;0;4;1,308;1,305;1,319;1,299;1,304;1,300;1,304;1,318;1,310;1,307;4,998;4,998;4,999;4,998;4,999;4,999;4,998;4,997;4,999;4,997;24,50;23,87;24,56;25,12;24,44;24,81;1800;2100;
2026-07-07 15:58:13;94228;RUNNING;0;4;1,308;1,304;1,319;1,299;1,304;1,300;1,304;1,318;1,310;1,307;4,998;4,998;4,999;5,000;4,999;4,999;5,000;4,999;4,999;4,999;24,50;23,87;24,56;25,12;24,44;24,81;1800;2100;
2026-07-07 15:58:14;95228;RUNNING;0;4;1,308;1,305;1,320;1,299;1,304;1,300;1,304;1,319;1,310;1,307;4,998;4,998;4,999;4,998;4,999;4,999;4,998;5,001;5,000;4,999;24,50;23,87;24,56;25,12;24,44;24,81;2100;2100;
2026-07-07 15:58:15;96228;RUNNING;0;4;1,308;1,305;1,319;1,298;1,304;1,300;1,304;1,319;1,310;1,309;4,998;4,997;4,999;4,996;4,999;5,001;5,002;5,001;4,999;5,001;24,50;23,87;24,56;25,12;24,44;24,81;2100;2100;
2026-07-07 15:58:16;97228;RUNNING;0;4;1,308;1,305;1,319;1,299;1,304;1,300;1,304;1,319;1,310;1,308;4,998;4,998;4,997;4,998;4,997;4,999;5,002;5,001;4,999;4,999;24,50;23,94;24,56;25,12;24,50;24,81;2100;2100;
2026-07-07 15:58:17;98228;RUNNING;0;4;1,308;1,305;1,320;1,298;1,304;1,300;1,304;1,319;1,310;1,307;4,998;4,997;4,999;4,996;4,999;4,999;5,000;5,001;4,997;5,001;24,50;23,87;24,56;25,12;24,50;24,81;2100;1800;
2026-07-07 15:58:18;99228;RUNNING;0;4;1,308;1,305;1,320;1,299;1,304;1,300;1,304;1,319;1,310;1,308;4,998;4,997;4,999;4,996;4,999;4,999;5,000;5,001;4,999;5,001;24,50;23,87;24,56;25,19;24,50;24,87;2100;2100;
2026-07-07 15:58:19;100228;RUNNING;0;4;1,308;1,305;1,320;1,299;1,304;1,300;1,304;1,319;1,310;1,308;4,998;4,998;4,997;4,998;4,999;4,999;5,002;5,001;4,999;5,001;24,50;23,87;24,56;25,12;24,50;24,87;2100;2100;
2026-07-07 15:58:20;101228;RUNNING;0;4;1,308;1,304;1,319;1,300;1,304;1,301;1,304;1,319;1,310;1,308;4,997;4,997;4,999;5,000;4,997;4,999;5,002;5,001;4,999;4,999;24,50;23,87;24,56;25,12;24,50;24,87;2100;2100;
2026-07-07 15:58:21;102228;RUNNING;0;4;1,308;1,304;1,320;1,300;1,304;1,300;1,304;1,319;1,310;1,309;4,998;4,997;4,999;5,000;4,999;4,997;5,002;5,001;4,999;4,999;24,50;23,87;24,56;25,19;24,50;24,87;2100;2100;
2026-07-07 15:58:22;103228;RUNNING;0;4;1,308;1,304;1,320;1,300;1,304;1,300;1,305;1,319;1,310;1,308;4,998;4,998;4,999;5,000;4,997;4,999;5,002;5,001;4,999;4,999;24,50;23,87;24,56;25,19;24,50;24,87;2100;2400;
2026-07-07 15:58:23;104228;RUNNING;0;4;1,308;1,305;1,319;1,300;1,304;1,300;1,304;1,319;1,310;1,309;4,998;4,997;4,999;5,000;4,999;4,999;5,000;5,001;4,999;4,999;24,50;23,87;24,56;25,19;24,56;24,87;2100;2400;
2026-07-07 15:58:24;105228;RUNNING;0;4;1,308;1,305;1,320;1,300;1,304;1,301;1,304;1,319;1,310;1,309;4,998;4,997;4,999;5,000;4,999;4,999;5,002;5,001;4,999;4,999;24,50;23,87;24,56;25,19;24,50;24,87;2100;2100;
2026-07-07 15:58:25;106228;RUNNING;0;4;1,308;1,304;1,319;1,300;1,304;1,301;1,305;1,319;1,310;1,308;4,998;4,998;4,999;5,000;4,999;4,997;5,000;5,001;4,999;5,001;24,50;23,87;24,56;25,19;24,50;24,87;2100;2400;
2026-07-07 15:58:26;107228;RUNNING;0;4;1,308;1,305;1,319;1,299;1,304;1,300;1,304;1,319;1,310;1,309;4,998;5,000;4,997;5,000;4,999;4,999;5,002;4,999;4,999;4,999;24,50;23,94;24,56;25,19;24,56;24,87;2100;1800;
2026-07-07 15:58:27;108228;RUNNING;0;4;1,308;1,306;1,320;1,300;1,304;1,300;1,304;1,319;1,310;1,309;4,998;5,000;4,999;5,000;4,999;4,999;5,002;4,999;4,999;4,999;24,44;23,87;24,62;25,19;24,56;24,87;1800;2100;
2026-07-07 15:58:28;109228;RUNNING;0;4;1,309;1,306;1,321;1,300;1,304;1,300;1,304;1,319;1,310;1,307;4,998;5,000;4,999;5,000;4,999;4,997;5,002;5,001;4,999;4,999;24,50;23,94;24,56;25,25;24,56;24,87;1800;2100;
2026-07-07 15:58:29;110228;RUNNING;0;4;1,308;1,306;1,320;1,300;1,304;1,301;1,304;1,319;1,310;1,309;4,998;5,000;4,999;5,002;4,997;4,997;5,002;4,999;4,999;4,999;24,50;23,87;24,56;25,25;24,56;24,94;2100;2100;
2026-07-07 15:58:30;111228;RUNNING;0;4;1,308;1,306;1,320;1,300;1,304;1,300;1,304;1,319;1,310;1,308;4,998;5,000;4,999;5,000;4,999;4,999;5,000;5,001;4,999;5,001;24,50;23,94;24,56;25,25;24,56;24,87;2100;2100;
2026-07-07 15:58:31;112228;RUNNING;0;4;1,308;1,306;1,320;1,300;1,304;1,300;1,304;1,319;1,310;1,308;4,998;5,000;4,999;5,000;4,997;4,999;5,002;5,001;4,999;5,001;24,50;23,94;24,56;25,25;24,56;24,94;2100;2100;
2026-07-07 15:58:32;113228;RUNNING;0;4;1,308;1,306;1,320;1,300;1,305;1,300;1,304;1,319;1,310;1,308;4,998;4,998;4,999;5,000;4,999;4,999;5,000;4,999;4,999;4,999;24,44;23,94;24,62;25,25;24,62;24,94;2100;2100;
2026-07-07 15:58:33;114228;RUNNING;0;4;1,308;1,306;1,319;1,300;1,304;1,300;1,304;1,319;1,310;1,308;4,998;5,000;5,000;5,000;4,997;4,999;5,002;5,001;4,999;4,999;24,50;23,94;24,56;25,25;24,62;24,94;2100;2100;
2026-07-07 15:58:34;115228;RUNNING;0;4;1,308;1,306;1,320;1,300;1,304;1,300;1,304;1,319;1,310;1,309;4,997;5,000;4,999;5,000;4,999;4,997;5,002;5,001;4,999;4,999;24,50;23,94;24,62;25,25;24,62;24,94;2100;2100;
2026-07-07 15:58:35;116228;RUNNING;0;4;1,308;1,306;1,319;1,300;1,304;1,301;1,304;1,319;1,310;1,309;4,998;5,000;4,999;5,000;4,999;4,997;5,002;5,001;4,999;4,999;24,50;23,94;24,62;25,25;24,62;24,94;2100;2100;
2026-07-07 15:58:36;117228;RUNNING;0;4;1,308;1,306;1,320;1,300;1,304;1,301;1,305;1,319;1,310;1,309;4,998;5,000;4,999;5,000;4,999;4,999;5,002;5,001;5,000;4,999;24,50;23,94;24,56;25,25;24,62;25,00;2100;2100;
2026-07-07 15:58:37;118228;RUNNING;0;4;1,308;1,305;1,319;1,300;1,304;1,301;1,304;1,319;1,310;1,308;4,998;5,000;4,999;5,000;4,997;4,999;5,002;5,001;4,999;4,999;24,44;23,94;24,56;25,25;24,62;24,94;2100;1800;
2026-07-07 15:58:38;119228;RUNNING;0;4;1,309;1,306;1,319;1,300;1,304;1,301;1,304;1,319;1,310;1,308;4,998;5,000;4,999;5,000;4,999;4,999;5,002;5,002;4,999;4,999;24,44;23,94;24,62;25,25;24,62;25,00;2100;2100;
2026-07-07 15:58:39;120228;RUNNING;0;4;1,309;1,305;1,320;1,300;1,304;1,301;1,304;1,319;1,310;1,308;4,998;5,000;4,999;5,002;5,000;5,001;5,000;4,999;4,999;4,999;24,50;23,87;24,62;25,25;24,62;25,00;2100;2100;
2026-07-07 15:58:40;121228;RUNNING;0;4;1,308;1,306;1,319;1,300;1,304;1,301;1,305;1,319;1,310;1,308;4,998;5,000;4,997;5,002;4,999;5,001;5,002;5,001;4,999;4,999;24,50;23,94;24,56;25,25;24,62;25,00;2100;2100;
2026-07-07 15:58:41;122228;RUNNING;0;4;1,308;1,306;1,320;1,300;1,304;1,301;1,305;1,319;1,310;1,309;4,998;5,000;4,999;5,000;4,999;5,001;5,000;5,001;4,999;4,999;24,50;23,94;24,56;25,31;24,69;25,00;2100;2100;
2026-07-07 15:58:42;123228;RUNNING;0;4;1,308;1,305;1,319;1,300;1,304;1,301;1,305;1,319;1,310;1,308;4,998;5,000;4,999;5,000;4,997;5,001;5,002;4,999;4,999;4,999;24,44;23,94;24,56;25,31;24,62;25,00;2100;2100;
2026-07-07 15:58:43;124228;RUNNING;0;4;1,308;1,306;1,320;1,300;1,304;1,301;1,305;1,319;1,310;1,309;4,998;4,998;4,999;5,000;4,999;5,001;5,000;5,001;4,999;4,999;24,44;23,94;24,62;25,31;24,69;25,00;2100;2100;
2026-07-07 15:58:44;125228;RUNNING;0;4;1,309;1,306;1,320;1,299;1,304;1,301;1,304;1,319;1,310;1,309;4,998;4,998;4,999;5,000;4,999;5,001;5,002;4,999;4,999;4,999;24,44;23,94;24,62;25,31;24,62;25,00;2100;2100;
2026-07-07 15:58:45;126228;RUNNING;0;4;1,308;1,306;1,320;1,300;1,305;1,301;1,304;1,319;1,310;1,308;4,998;5,000;4,997;5,000;4,999;5,001;5,002;5,001;4,999;4,999;24,44;23,94;24,62;25,31;24,62;25,00;2100;2100;
2026-07-07 15:58:46;127228;RUNNING;0;4;1,309;1,306;1,319;1,300;1,304;1,301;1,304;1,319;1,310;1,308;4,998;5,000;4,997;5,000;4,999;5,001;5,002;5,001;4,997;4,999;24,44;23,94;24,62;25,31;24,62;25,00;2100;2100;
2026-07-07 15:58:47;128228;RUNNING;0;4;1,309;1,305;1,320;1,300;1,304;1,301;1,304;1,319;1,310;1,309;5,000;4,998;4,999;5,000;4,999;5,001;5,002;5,001;4,999;5,001;24,44;23,94;24,62;25,31;24,69;25,00;2100;2100;
2026-07-07 15:58:48;129228;RUNNING;0;4;1,308;1,306;1,320;1,300;1,304;1,301;1,304;1,319;1,310;1,309;4,998;4,998;4,999;5,000;4,999;5,001;5,002;5,001;4,999;5,001;24,44;23,87;24,62;25,31;24,69;25,00;2100;2400;
2026-07-07 15:58:49;130228;RUNNING;0;4;1,308;1,305;1,320;1,300;1,304;1,301;1,304;1,319;1,310;1,307;4,998;5,000;4,999;5,002;4,999;5,001;5,002;4,999;4,999;4,999;24,44;23,87;24,62;25,31;24,62;25,00;2100;2100;
2026-07-07 15:58:50;131228;RUNNING;0;4;1,308;1,305;1,320;1,300;1,304;1,301;1,305;1,320;1,310;1,309;4,998;4,998;4,999;4,998;4,999;5,001;5,003;5,001;4,999;5,001;24,44;23,87;24,56;25,31;24,69;25,00;2100;2100;
2026-07-07 15:58:51;132228;RUNNING;0;4;1,308;1,306;1,320;1,300;1,304;1,301;1,305;1,319;1,310;1,308;4,998;5,000;4,999;5,000;4,999;5,001;5,000;5,001;4,999;4,999;24,44;23,87;24,62;25,31;24,62;25,00;2100;2100;
2026-07-07 15:58:52;133228;RUNNING;0;4;1,309;1,306;1,320;1,300;1,304;1,301;1,304;1,319;1,310;1,309;4,997;4,998;4,999;5,000;4,999;4,999;5,000;5,001;4,999;4,999;24,44;23,87;24,62;25,31;24,62;25,00;2100;1800;
2026-07-07 15:58:53;134228;RUNNING;0;4;1,309;1,305;1,319;1,300;1,304;1,301;1,305;1,319;1,310;1,309;4,998;5,000;4,999;5,000;4,999;5,003;5,002;5,001;4,999;5,001;24,44;23,87;24,56;25,31;24,69;25,06;2100;2100;
2026-07-07 15:58:54;135228;RUNNING;0;4;1,308;1,305;1,320;1,300;1,304;1,301;1,305;1,319;1,310;1,307;4,998;4,998;4,999;5,000;4,999;5,001;5,000;5,001;4,999;4,999;24,44;23,87;24,56;25,31;24,62;25,00;2100;2100;
2026-07-07 15:58:55;136228;RUNNING;0;4;1,308;1,306;1,320;1,300;1,304;1,301;1,305;1,319;1,310;1,308;4,998;4,998;4,999;5,000;4,999;5,001;5,000;4,999;4,999;4,999;24,44;23,87;24,62;25,31;24,69;25,00;2100;2100;
2026-07-07 15:58:56;137228;RUNNING;0;4;1,309;1,306;1,320;1,299;1,304;1,301;1,305;1,319;1,310;1,309;4,998;4,998;4,999;5,002;4,999;5,001;5,002;5,001;4,999;5,001;24,44;23,87;24,62;25,31;24,69;25,00;2100;2100;
2026-07-07 15:58:57;138228;RUNNING;0;4;1,309;1,306;1,321;1,300;1,304;1,301;1,305;1,320;1,310;1,309;4,998;4,998;4,999;5,000;4,999;5,001;5,002;5,001;4,999;5,001;24,44;23,87;24,56;25,31;24,69;25,00;1800;2100;
2026-07-07 15:58:58;139228;RUNNING;0;4;1,309;1,306;1,320;1,300;1,304;1,301;1,305;1,319;1,310;1,309;4,998;4,998;4,999;5,000;4,999;5,001;5,002;5,001;4,999;4,999;24,44;23,87;24,56;25,31;24,69;25,00;1800;2100;
2026-07-07 15:58:59;140228;RUNNING;0;4;1,309;1,306;1,320;1,300;1,304;1,301;1,305;1,319;1,310;1,309;4,998;4,998;4,997;5,000;4,999;5,001;5,000;5,001;4,999;5,001;24,44;23,87;24,62;25,31;24,62;25,00;2100;2100;
2026-07-07 15:59:00;141228;RUNNING;0;4;1,308;1,306;1,320;1,300;1,305;1,301;1,305;1,319;1,310;1,308;4,998;5,000;4,999;5,000;5,000;5,001;5,000;5,001;4,997;4,999;24,44;23,87;24,56;25,37;24,69;25,00;2100;2100;
2026-07-07 15:59:01;142228;RUNNING;0;4;1,309;1,307;1,320;1,300;1,305;1,301;1,304;1,319;1,310;1,307;4,998;5,000;4,999;5,000;5,000;5,001;5,002;5,001;4,999;5,001;24,44;23,87;24,62;25,31;24,69;25,00;2100;2400;
2026-07-07 15:59:02;143228;RUNNING;0;4;1,308;1,306;1,319;1,300;1,305;1,301;1,305;1,319;1,310;1,308;4,998;4,998;4,999;5,000;5,000;5,001;5,002;4,999;4,999;4,999;24,44;23,87;24,62;25,37;24,69;25,00;2100;2100;
2026-07-07 15:59:03;144228;RUNNING;0;4;1,309;1,306;1,320;1,300;1,305;1,301;1,305;1,319;1,310;1,309;4,998;5,000;4,999;5,000;5,000;5,001;5,000;5,001;4,999;4,999;24,44;23,87;24,62;25,37;24,62;25,06;2100;2100;
2026-07-07 15:59:04;145228;RUNNING;0;4;1,309;1,306;1,321;1,300;1,305;1,301;1,305;1,319;1,310;1,309;4,998;4,998;4,999;5,002;5,000;5,001;5,000;5,001;4,997;4,999;24,44;23,87;24,62;25,37;24,69;25,06;2100;2100;
2026-07-07 15:59:05;146228;RUNNING;0;4;1,308;1,305;1,320;1,300;1,306;1,301;1,305;1,319;1,310;1,309;4,998;5,000;4,999;5,000;5,000;5,001;5,002;5,001;4,999;4,999;24,44;23,87;24,62;25,37;24,62;25,00;2100;2100;
2026-07-07 15:59:06;147228;RUNNING;0;4;1,308;1,305;1,320;1,300;1,305;1,301;1,305;1,319;1,311;1,309;4,998;4,998;4,999;5,000;5,002;5,001;5,002;5,001;4,999;4,999;24,44;23,87;24,56;25,37;24,62;25,00;2100;2100;
2026-07-07 15:59:07;148228;RUNNING;0;4;1,310;1,306;1,320;1,300;1,305;1,301;1,304;1,319;1,311;1,309;5,002;4,998;4,999;5,000;5,000;5,001;5,002;5,002;4,999;5,001;24,44;23,87;24,62;25,37;24,62;25,00;2100;2100;
2026-07-07 15:59:08;149228;RUNNING;0;4;1,309;1,305;1,320;1,300;1,305;1,301;1,305;1,319;1,311;1,308;5,000;4,998;4,999;5,000;5,000;5,001;5,000;5,001;4,999;5,001;24,44;23,87;24,62;25,37;24,62;25,00;2100;2100;
2026-07-07 15:59:09;150228;RUNNING;0;4;1,310;1,307;1,320;1,300;1,305;1,301;1,305;1,319;1,310;1,308;5,000;4,998;4,999;5,000;5,000;5,001;5,002;5,001;4,999;5,001;24,44;23,81;24,62;25,37;24,69;25,00;2100;1800;
2026-07-07 15:59:10;151228;RUNNING;0;4;1,309;1,306;1,320;1,300;1,305;1,301;1,305;1,319;1,310;1,308;5,002;4,998;4,999;5,000;5,000;5,001;5,002;5,001;4,999;5,001;24,44;23,87;24,62;25,37;24,62;25,00;2100;2100;
2026-07-07 15:59:11;152228;RUNNING;0;4;1,309;1,306;1,319;1,300;1,306;1,301;1,305;1,319;1,310;1,310;5,002;4,998;4,999;5,000;5,000;5,001;5,000;5,001;5,000;4,999;24,44;23,87;24,56;25,37;24,62;25,06;2400;2100;
2026-07-07 15:59:12;153228;RUNNING;0;4;1,309;1,306;1,320;1,300;1,305;1,301;1,305;1,319;1,310;1,310;5,000;5,000;4,999;5,000;5,000;5,001;5,002;5,001;4,999;5,001;24,37;23,87;24,62;25,37;24,62;25,00;2400;2100;
2026-07-07 15:59:13;154228;RUNNING;0;4;1,309;1,306;1,321;1,300;1,305;1,301;1,305;1,320;1,311;1,307;5,000;4,998;4,999;4,998;5,000;5,001;5,002;5,001;4,999;5,001;24,44;23,81;24,56;25,37;24,62;25,00;2100;2100;
2026-07-07 15:59:14;155228;RUNNING;0;4;1,309;1,306;1,320;1,300;1,305;1,301;1,304;1,319;1,310;1,309;5,002;4,998;4,999;5,002;5,002;5,001;5,002;5,001;4,999;4,999;24,44;23,81;24,56;25,37;24,62;25,00;2400;2100;
2026-07-07 15:59:15;156228;RUNNING;0;4;1,309;1,306;1,320;1,300;1,305;1,301;1,305;1,319;1,310;1,309;5,000;4,998;4,999;5,000;5,000;5,001;5,000;5,001;4,999;5,001;24,37;23,81;24,56;25,37;24,62;25,00;2100;2100;
2026-07-07 15:59:16;157228;RUNNING;0;4;1,309;1,306;1,321;1,300;1,305;1,301;1,305;1,320;1,310;1,309;5,000;5,000;4,999;5,000;5,000;4,999;5,002;5,001;4,999;5,001;24,44;23,81;24,62;25,37;24,62;25,06;2100;2100;
2026-07-07 15:59:17;158228;RUNNING;0;4;1,309;1,305;1,320;1,301;1,305;1,301;1,305;1,319;1,311;1,309;5,002;5,000;5,000;5,000;5,000;5,001;5,002;4,999;4,999;5,001;24,44;23,81;24,62;25,37;24,62;25,00;2100;2100;
2026-07-07 15:59:18;159228;RUNNING;0;4;1,309;1,306;1,319;1,300;1,305;1,301;1,305;1,319;1,310;1,309;5,000;4,998;4,999;5,002;5,000;5,001;5,002;5,001;5,000;5,001;24,37;23,81;24,62;25,37;24,62;25,00;2100;2100;
2026-07-07 15:59:19;160228;RUNNING;0;4;1,310;1,305;1,320;1,300;1,305;1,301;1,305;1,319;1,310;1,309;5,002;5,000;5,000;5,000;5,000;5,001;5,002;5,001;4,999;5,001;24,37;23,81;24,56;25,37;24,62;25,00;2100;2100;
2026-07-07 15:59:20;161228;RUNNING;0;4;1,309;1,306;1,320;1,300;1,305;1,301;1,305;1,319;1,310;1,309;5,002;4,998;4,999;5,002;5,002;5,001;5,002;5,001;5,000;5,001;24,37;23,81;24,62;25,37;24,62;25,06;2100;2100;
2026-07-07 15:59:21;162228;RUNNING;0;4;1,309;1,305;1,319;1,300;1,305;1,301;1,305;1,319;1,311;1,308;5,002;5,000;4,999;5,000;5,000;5,001;5,003;5,001;4,999;5,001;24,37;23,81;24,56;25,37;24,62;25,00;2100;2100;
2026-07-07 15:59:22;163228;RUNNING;0;4;1,310;1,306;1,321;1,300;1,306;1,301;1,305;1,319;1,310;1,309;5,000;4,998;5,000;5,000;5,000;5,001;5,002;5,001;4,999;5,001;24,44;23,81;24,62;25,37;24,62;25,00;2100;2100;
2026-07-07 15:59:23;164228;RUNNING;0;4;1,309;1,307;1,319;1,300;1,305;1,301;1,305;1,319;1,310;1,309;5,000;4,998;4,999;5,000;5,000;5,001;5,002;5,001;4,999;5,001;24,37;23,81;24,62;25,37;24,62;25,00;2100;2100;
2026-07-07 15:59:24;165228;RUNNING;0;4;1,310;1,306;1,319;1,300;1,305;1,301;1,305;1,319;1,310;1,309;5,002;5,000;4,999;5,000;5,002;5,001;5,000;5,001;5,000;5,001;24,37;23,81;24,56;25,37;24,62;25,06;2100;2100;
2026-07-07 15:59:25;166228;RUNNING;0;4;1,310;1,306;1,321;1,300;1,305;1,301;1,305;1,319;1,310;1,309;5,000;5,000;5,000;5,000;4,999;5,001;5,002;5,001;4,999;5,001;24,37;23,81;24,62;25,44;24,62;25,06;1800;2100;
2026-07-07 15:59:26;167228;RUNNING;0;4;1,310;1,305;1,321;1,300;1,305;1,301;1,304;1,319;1,310;1,309;5,002;4,998;5,000;5,000;5,000;5,001;5,002;5,001;4,999;5,001;24,37;23,81;24,56;25,37;24,62;25,00;1800;2100;
2026-07-07 15:59:27;168228;RUNNING;0;4;1,309;1,305;1,321;1,300;1,305;1,301;1,304;1,319;1,310;1,308;5,000;4,998;5,000;5,000;5,000;5,001;5,002;5,001;4,999;5,001;24,37;23,81;24,56;25,37;24,62;25,06;1800;2100;
2026-07-07 15:59:28;169228;RUNNING;0;4;1,310;1,306;1,322;1,300;1,305;1,301;1,305;1,320;1,311;1,308;5,000;4,998;5,000;5,000;5,000;4,999;5,002;5,001;4,999;5,001;24,37;23,81;24,56;25,37;24,62;25,06;1800;2100;
2026-07-07 15:59:29;170228;RUNNING;0;4;1,310;1,306;1,320;1,300;1,305;1,301;1,305;1,319;1,311;1,308;5,000;5,000;5,000;5,000;5,000;5,001;5,002;4,999;4,997;5,001;24,37;23,81;24,56;25,37;24,62;25,06;1800;2100;
2026-07-07 15:59:30;171228;RUNNING;0;4;1,310;1,306;1,321;1,300;1,305;1,301;1,305;1,319;1,310;1,310;5,000;4,998;5,000;5,000;5,000;5,001;5,000;5,001;5,000;5,001;24,37;23,81;24,56;25,37;24,62;25,06;1800;2100;
2026-07-07 15:59:31;172228;RUNNING;0;4;1,309;1,306;1,322;1,301;1,305;1,301;1,305;1,319;1,311;1,309;5,002;4,998;5,002;5,000;5,000;5,001;5,002;5,001;4,999;5,001;24,37;23,81;24,62;25,37;24,62;25,06;1800;1800;
2026-07-07 15:59:32;173228;RUNNING;0;4;1,310;1,306;1,320;1,300;1,305;1,301;1,305;1,320;1,310;1,309;5,000;4,998;5,000;5,000;5,002;5,001;5,002;5,001;4,999;5,001;24,37;23,81;24,62;25,44;24,69;25,06;1800;1800;
2026-07-07 15:59:33;174228;RUNNING;0;4;1,310;1,306;1,321;1,300;1,305;1,301;1,305;1,320;1,311;1,310;5,002;4,998;5,002;5,000;5,000;5,001;5,002;5,001;4,999;5,001;24,37;23,81;24,56;25,44;24,62;25,06;1800;1800;
2026-07-07 15:59:34;175228;RUNNING;0;4;1,310;1,305;1,320;1,300;1,306;1,302;1,304;1,320;1,310;1,310;5,002;4,998;5,000;5,002;5,000;5,001;5,000;5,001;4,999;5,001;24,37;23,81;24,56;25,44;24,62;25,06;1800;1800;
2026-07-07 15:59:35;176228;RUNNING;0;4;1,310;1,306;1,322;1,300;1,305;1,301;1,305;1,319;1,311;1,309;5,002;4,998;5,000;5,003;5,002;5,001;5,002;5,001;4,997;5,001;24,37;23,81;24,62;25,44;24,69;25,06;1800;2100;
2026-07-07 15:59:36;177228;RUNNING;0;4;1,310;1,307;1,320;1,300;1,305;1,301;1,305;1,319;1,310;1,310;5,000;4,998;5,000;5,000;5,000;5,001;5,002;4,999;4,999;5,001;24,37;23,81;24,62;25,44;24,62;25,06;1800;2100;
2026-07-07 15:59:37;178228;RUNNING;0;4;1,310;1,306;1,321;1,300;1,305;1,301;1,304;1,320;1,310;1,309;5,002;4,998;5,002;5,000;5,000;5,001;5,002;5,001;4,999;5,001;24,37;23,81;24,56;25,44;24,62;25,06;1800;2100;
2026-07-07 15:59:38;179228;RUNNING;0;4;1,309;1,306;1,321;1,301;1,306;1,301;1,304;1,320;1,311;1,309;5,002;4,998;5,002;5,000;5,002;5,001;5,000;5,001;5,000;5,001;24,37;23,81;24,56;25,44;24,62;25,06;2100;2100;
2026-07-07 15:59:39;180228;RUNNING;0;4;1,309;1,306;1,321;1,300;1,306;1,302;1,304;1,319;1,310;1,309;5,002;4,998;5,000;5,000;5,002;5,001;5,000;5,001;5,000;5,001;24,37;23,81;24,56;25,44;24,62;25,06;2100;2100;
2026-07-07 15:59:40;181228;RUNNING;0;4;1,310;1,305;1,321;1,300;1,305;1,302;1,305;1,319;1,311;1,310;5,002;4,998;5,002;5,000;5,002;5,001;4,998;5,001;4,999;5,001;24,37;23,81;24,62;25,44;24,69;25,06;2100;2100;
2026-07-07 15:59:41;182228;RUNNING;0;4;1,310;1,306;1,321;1,300;1,305;1,301;1,304;1,319;1,311;1,310;5,002;4,998;5,000;5,000;5,000;4,999;4,998;5,001;4,999;5,001;24,37;23,81;24,56;25,44;24,62;25,06;2100;2100;
2026-07-07 15:59:42;183228;RUNNING;0;4;1,310;1,307;1,322;1,300;1,305;1,301;1,305;1,319;1,311;1,309;5,000;4,998;5,002;5,002;5,000;5,001;4,998;5,001;5,002;5,001;24,37;23,81;24,62;25,44;24,62;25,06;2100;2100;
2026-07-07 15:59:43;184228;RUNNING;0;4;1,310;1,306;1,319;1,300;1,305;1,302;1,305;1,320;1,311;1,309;5,002;4,998;5,002;5,000;5,000;4,999;5,000;5,001;5,000;5,001;24,37;23,81;24,56;25,44;24,69;25,06;2100;2100;
2026-07-07 15:59:44;185228;RUNNING;0;4;1,310;1,307;1,321;1,301;1,306;1,301;1,305;1,319;1,311;1,309;5,000;5,000;5,000;5,000;5,000;5,001;5,002;5,001;4,999;5,001;24,37;23,81;24,56;25,44;24,69;25,06;2100;2100;
2026-07-07 15:59:45;186228;RUNNING;0;4;1,310;1,306;1,321;1,300;1,305;1,301;1,304;1,320;1,310;1,308;5,002;4,998;5,000;5,000;5,000;5,001;5,002;5,001;4,999;5,001;24,37;23,81;24,56;25,44;24,69;25,06;2100;2100;
2026-07-07 15:59:46;187228;RUNNING;0;4;1,310;1,307;1,321;1,301;1,305;1,301;1,305;1,320;1,311;1,309;5,000;5,000;5,000;5,000;5,002;5,001;5,002;5,001;4,999;5,001;24,37;23,81;24,56;25,44;24,69;25,06;2100;2100;
2026-07-07 15:59:47;188228;RUNNING;0;4;1,310;1,307;1,321;1,300;1,306;1,301;1,305;1,320;1,311;1,308;5,002;5,000;5,002;5,000;5,002;5,001;5,000;5,001;5,000;5,001;24,37;23,81;24,62;25,44;24,69;25,06;2100;2100;
2026-07-07 15:59:48;189228;RUNNING;0;4;1,310;1,306;1,321;1,300;1,305;1,301;1,305;1,320;1,310;1,310;5,000;4,998;5,002;5,000;5,000;5,001;5,000;5,001;4,999;5,001;24,37;23,81;24,56;25,44;24,69;25,06;2100;2100;
2026-07-07 15:59:49;190228;RUNNING;0;4;1,310;1,306;1,321;1,300;1,306;1,301;1,305;1,319;1,311;1,309;5,002;5,000;5,002;5,000;5,002;5,001;5,003;5,001;5,000;5,003;24,37;23,81;24,56;25,44;24,69;25,06;2100;2100;
2026-07-07 15:59:50;191228;RUNNING;0;4;1,310;1,306;1,321;1,300;1,306;1,301;1,305;1,319;1,311;1,308;5,002;4,998;5,002;5,000;5,002;5,001;5,002;5,001;5,000;5,001;24,37;23,81;24,56;25,44;24,69;25,06;2100;2100;
2026-07-07 15:59:51;192228;RUNNING;0;4;1,310;1,305;1,321;1,301;1,305;1,301;1,305;1,319;1,311;1,309;5,002;4,998;5,002;5,000;5,000;5,001;5,002;5,001;4,999;5,001;24,37;23,81;24,62;25,44;24,69;25,06;2100;2100;
2026-07-07 15:59:52;193228;RUNNING;0;4;1,310;1,307;1,321;1,300;1,306;1,301;1,304;1,320;1,311;1,309;5,002;4,998;5,002;5,002;5,000;5,001;5,002;5,001;4,999;5,001;24,37;23,81;24,56;25,44;24,69;25,06;2100;2100;
2026-07-07 15:59:53;194228;RUNNING;0;4;1,310;1,307;1,321;1,300;1,305;1,301;1,305;1,319;1,311;1,310;5,002;5,000;5,002;5,000;4,999;5,001;5,002;5,001;4,999;5,003;24,37;23,81;24,56;25,44;24,69;25,06;2100;2100;
2026-07-07 15:59:54;195228;RUNNING;0;4;1,309;1,306;1,321;1,301;1,305;1,302;1,305;1,319;1,311;1,310;5,002;4,998;5,000;5,000;5,000;5,001;5,002;5,001;4,999;5,003;24,37;23,81;24,62;25,44;24,69;25,06;2100;2100;
2026-07-07 15:59:55;196228;RUNNING;0;4;1,310;1,306;1,321;1,300;1,305;1,302;1,305;1,319;1,310;1,310;5,002;5,000;5,000;5,000;5,000;5,001;5,003;5,001;4,999;5,003;24,37;23,81;24,56;25,44;24,69;25,06;2100;2100;
2026-07-07 15:59:56;197228;RUNNING;0;4;1,310;1,306;1,321;1,301;1,305;1,301;1,305;1,320;1,311;1,308;5,002;5,000;5,000;5,000;5,000;5,001;5,002;5,001;4,999;5,003;24,37;23,81;24,56;25,44;24,69;25,06;2100;2100;
2026-07-07 15:59:57;198228;RUNNING;0;4;1,310;1,306;1,321;1,300;1,305;1,301;1,305;1,320;1,311;1,310;5,002;5,000;5,002;5,000;5,000;5,001;5,002;5,001;4,999;5,001;24,37;23,81;24,62;25,44;24,69;25,06;2100;2100;
2026-07-07 15:59:58;199228;RUNNING;0;4;1,310;1,306;1,322;1,301;1,305;1,301;1,305;1,319;1,311;1,310;5,002;5,000;5,000;5,000;5,000;5,001;5,000;5,001;5,000;5,001;24,37;23,81;24,62;25,44;24,69;25,06;2100;2100;
2026-07-07 15:59:59;200228;RUNNING;0;4;1,310;1,306;1,321;1,300;1,305;1,301;1,305;1,319;1,311;1,310;5,002;4,998;5,000;5,000;5,000;5,001;5,002;5,001;5,000;4,999;24,37;23,81;24,62;25,44;24,69;25,06;2100;2100;
2026-07-07 16:00:00;201228;RUNNING;0;4;1,310;1,306;1,321;1,300;1,306;1,301;1,305;1,320;1,311;1,310;5,002;4,998;5,000;5,000;5,000;5,001;5,002;5,001;4,999;4,999;24,37;23,81;24,62;25,44;24,69;25,06;2100;2100;
2026-07-07 16:00:01;202228;RUNNING;0;4;1,310;1,307;1,321;1,301;1,305;1,301;1,305;1,320;1,311;1,308;5,002;4,998;5,000;5,000;5,002;5,001;5,002;4,999;4,999;4,999;24,37;23,81;24,62;25,44;24,69;25,06;2100;2100;
2026-07-07 16:00:02;203228;RUNNING;0;4;1,310;1,306;1,321;1,300;1,305;1,301;1,305;1,319;1,311;1,308;5,000;4,998;5,002;5,000;5,000;5,001;5,002;5,001;4,999;5,001;24,37;23,81;24,62;25,44;24,69;25,06;2100;2100;
2026-07-07 16:00:03;204228;RUNNING;0;4;1,310;1,307;1,321;1,300;1,305;1,301;1,305;1,320;1,311;1,310;5,002;4,998;5,000;5,000;5,000;5,001;5,002;5,001;4,999;4,999;24,37;23,81;24,62;25,44;24,69;25,06;2100;2400;
2026-07-07 16:00:04;205228;RUNNING;0;4;1,310;1,306;1,322;1,301;1,305;1,302;1,305;1,320;1,311;1,308;5,002;4,998;5,000;5,002;5,000;5,003;5,002;5,001;5,000;4,999;24,37;23,81;24,62;25,44;24,69;25,06;2100;2100;
2026-07-07 16:00:05;206228;RUNNING;0;4;1,310;1,307;1,321;1,300;1,306;1,301;1,305;1,319;1,311;1,310;5,002;4,998;5,002;5,000;5,000;5,001;5,002;5,001;4,999;4,999;24,37;23,81;24,62;25,50;24,69;25,06;2100;2100;
2026-07-07 16:00:06;207228;RUNNING;0;4;1,309;1,307;1,321;1,301;1,305;1,302;1,305;1,319;1,311;1,310;5,000;4,998;5,000;5,000;5,000;5,001;5,000;5,001;5,000;5,001;24,37;23,81;24,62;25,44;24,69;25,06;2100;2100;
2026-07-07 16:00:07;208228;RUNNING;0;4;1,310;1,307;1,321;1,301;1,305;1,301;1,304;1,320;1,311;1,310;5,002;4,998;5,002;5,000;5,000;5,001;5,002;5,001;5,000;4,999;24,37;23,81;24,62;25,44;24,69;25,06;2100;2100;
2026-07-07 16:00:08;209228;RUNNING;0;4;1,310;1,306;1,321;1,301;1,305;1,301;1,305;1,320;1,311;1,309;5,002;5,000;5,002;5,002;5,000;5,003;5,002;5,002;5,000;4,999;24,37;23,81;24,62;25,44;24,69;25,06;2100;2100;
2026-07-07 16:00:09;210228;RUNNING;0;4;1,310;1,307;1,321;1,301;1,306;1,301;1,306;1,320;1,311;1,308;5,002;4,998;5,002;5,000;5,000;5,001;5,002;5,001;4,999;4,999;24,37;23,81;24,62;25,44;24,69;25,06;2100;2100;
2026-07-07 16:00:10;211228;RUNNING;0;4;1,310;1,306;1,321;1,300;1,305;1,302;1,305;1,320;1,311;1,309;5,002;4,998;5,002;5,000;5,000;5,001;5,002;5,001;4,999;4,999;24,37;23,81;24,62;25,50;24,69;25,06;2100;2100;
2026-07-07 16:00:11;212228;RUNNING;0;4;1,310;1,307;1,322;1,300;1,305;1,301;1,305;1,319;1,311;1,309;5,000;4,998;5,000;5,000;5,000;5,001;5,002;5,001;4,999;4,999;24,37;23,81;24,62;25,50;24,69;25,06;2100;2100;
2026-07-07 16:00:12;213228;RUNNING;0;4;1,310;1,306;1,320;1,301;1,305;1,301;1,305;1,320;1,311;1,309;5,002;4,998;5,000;5,002;5,002;5,001;5,002;5,001;5,000;4,999;24,37;23,81;24,62;25,50;24,69;25,06;1800;2100;
2026-07-07 16:00:13;214228;RUNNING;0;4;1,310;1,306;1,322;1,301;1,305;1,301;1,305;1,320;1,311;1,310;5,002;5,000;5,000;5,002;5,002;5,001;5,002;5,001;5,000;4,999;24,37;23,81;24,62;25,50;24,69;25,06;1800;2100;
2026-07-07 16:00:14;215228;RUNNING;0;4;1,310;1,305;1,321;1,300;1,304;1,301;1,305;1,320;1,311;1,308;5,002;5,000;5,002;5,000;5,000;5,001;5,002;5,001;4,999;4,999;24,37;23,81;24,56;25,50;24,69;25,06;1800;2100;
2026-07-07 16:00:15;216228;RUNNING;0;4;1,310;1,307;1,322;1,301;1,305;1,301;1,306;1,320;1,311;1,310;5,002;5,000;5,000;4,998;5,002;5,001;5,000;5,001;4,999;5,001;24,37;23,81;24,56;25,50;24,69;25,06;1800;2100;
2026-07-07 16:00:16;217228;RUNNING;0;4;1,310;1,306;1,322;1,301;1,305;1,301;1,305;1,320;1,311;1,308;5,002;5,000;5,002;5,002;5,000;5,001;5,000;5,001;5,000;4,999;24,37;23,81;24,56;25,44;24,69;25,06;1800;2100;
2026-07-07 16:00:17;218228;RUNNING;0;4;1,310;1,306;1,321;1,301;1,306;1,301;1,306;1,319;1,311;1,308;5,002;4,998;5,002;5,000;5,000;5,001;5,002;5,002;4,999;4,999;24,37;23,81;24,56;25,44;24,69;25,06;2100;2100;
2026-07-07 16:00:18;219228;RUNNING;0;4;1,310;1,306;1,322;1,300;1,305;1,301;1,306;1,320;1,311;1,309;5,002;4,998;5,000;5,002;5,000;5,001;5,002;5,001;5,000;4,999;24,37;23,81;24,56;25,50;24,69;25,06;2100;2100;
2026-07-07 16:00:19;220228;RUNNING;0;4;1,310;1,306;1,321;1,300;1,305;1,301;1,305;1,320;1,311;1,309;5,002;5,000;5,002;5,000;5,000;5,001;5,002;5,001;4,999;4,999;24,37;23,81;24,62;25,50;24,69;25,06;2100;2100;
2026-07-07 16:00:20;221228;RUNNING;0;4;1,310;1,306;1,321;1,300;1,305;1,302;1,305;1,319;1,311;1,310;5,002;4,998;5,000;5,000;5,000;5,001;5,000;5,001;5,000;4,999;24,37;23,81;24,56;25,44;24,69;25,06;2100;2100;
2026-07-07 16:00:21;222228;RUNNING;0;4;1,310;1,307;1,321;1,300;1,305;1,301;1,305;1,320;1,311;1,310;5,002;4,998;5,002;5,000;5,000;5,001;5,002;5,001;5,000;4,999;24,37;23,81;24,56;25,50;24,69;25,06;2100;2100;
2026-07-07 16:00:22;223228;RUNNING;0;4;1,310;1,306;1,321;1,301;1,306;1,301;1,305;1,320;1,311;1,308;5,002;4,998;5,000;5,000;5,000;5,001;5,002;5,001;5,000;4,999;24,37;23,81;24,56;25,50;24,69;25,12;2100;2100;
2026-07-07 16:00:23;224228;RUNNING;0;4;1,310;1,306;1,321;1,301;1,306;1,302;1,305;1,320;1,311;1,310;5,002;5,000;5,000;5,000;5,000;5,001;5,002;5,001;4,999;4,999;24,37;23,81;24,62;25,50;24,69;25,06;2100;2100;
2026-07-07 16:00:24;225228;RUNNING;0;4;1,310;1,306;1,322;1,300;1,306;1,301;1,305;1,320;1,311;1,309;5,002;5,000;5,000;5,000;5,000;5,001;5,002;5,001;5,000;4,999;24,37;23,81;24,56;25,50;24,69;25,12;2100;2100;
2026-07-07 16:00:25;226228;RUNNING;0;4;1,310;1,306;1,322;1,301;1,306;1,301;1,306;1,320;1,311;1,310;5,002;5,000;5,002;5,000;5,002;5,001;5,002;5,001;5,000;4,999;24,37;23,81;24,56;25,50;24,69;25,12;2100;2100;
2026-07-07 16:00:26;227228;RUNNING;0;4;1,310;1,307;1,321;1,301;1,306;1,301;1,305;1,320;1,311;1,309;5,002;4,998;5,000;5,002;5,000;5,003;5,002;5,001;4,999;4,999;24,37;23,81;24,62;25,50;24,69;25,06;2100;2100;
2026-07-07 16:00:27;228228;RUNNING;0;4;1,310;1,307;1,322;1,301;1,305;1,302;1,305;1,320;1,311;1,310;5,002;5,000;5,002;5,002;5,000;5,001;5,002;5,001;5,000;5,001;24,37;23,81;24,62;25,50;24,69;25,12;2100;2100;
2026-07-07 16:00:28;229228;RUNNING;0;4;1,309;1,307;1,321;1,300;1,306;1,302;1,306;1,320;1,311;1,309;5,002;4,998;5,002;5,000;5,000;5,001;5,002;5,001;5,000;4,999;24,37;23,81;24,62;25,50;24,69;25,12;2100;2100;
2026-07-07 16:00:29;230228;RUNNING;0;4;1,310;1,307;1,321;1,301;1,306;1,301;1,305;1,320;1,311;1,310;5,002;5,000;5,002;5,002;5,000;5,001;5,000;5,002;5,000;5,001;24,37;23,81;24,62;25,50;24,69;25,12;2100;2400;
2026-07-07 16:00:30;231228;RUNNING;0;4;1,310;1,307;1,321;1,301;1,306;1,302;1,305;1,320;1,311;1,309;5,002;5,000;5,000;5,000;5,002;5,001;5,002;5,001;5,000;4,999;24,37;23,81;24,56;25,50;24,69;25,12;2100;2100;
2026-07-07 16:00:31;232228;RUNNING;0;4;1,310;1,307;1,321;1,300;1,305;1,302;1,306;1,320;1,311;1,309;5,002;5,000;5,000;5,002;5,000;5,001;5,002;5,001;4,999;5,001;24,37;23,81;24,56;25,50;24,69;25,12;2100;2100;
2026-07-07 16:00:32;233228;RUNNING;0;4;1,310;1,307;1,321;1,301;1,305;1,302;1,305;1,320;1,311;1,310;5,002;5,000;5,000;5,000;5,002;5,001;5,002;5,001;5,000;4,999;24,37;23,81;24,62;25,50;24,75;25,12;2100;2100;
2026-07-07 16:00:33;234228;RUNNING;0;4;1,310;1,306;1,321;1,301;1,306;1,301;1,305;1,320;1,311;1,310;5,002;5,000;5,000;5,000;5,000;5,003;5,000;5,001;4,999;5,001;24,37;23,81;24,62;25,50;24,75;25,12;2100;2100;
2026-07-07 16:00:34;235228;RUNNING;0;4;1,310;1,306;1,322;1,301;1,305;1,301;1,305;1,320;1,311;1,310;5,002;5,000;5,002;5,000;5,000;5,001;5,002;5,001;5,000;5,001;24,37;23,81;24,62;25,50;24,75;25,12;2100;2100;
2026-07-07 16:00:35;236228;RUNNING;0;4;1,310;1,306;1,322;1,301;1,305;1,301;1,305;1,320;1,311;1,310;5,002;5,000;5,002;5,002;5,000;5,001;5,002;5,002;5,000;5,001;24,37;23,81;24,56;25,50;24,75;25,12;1800;2100;
2026-07-07 16:00:36;237228;RUNNING;0;4;1,310;1,307;1,321;1,301;1,305;1,302;1,305;1,320;1,311;1,309;5,000;5,000;5,000;5,002;5,000;5,003;5,002;5,001;5,000;5,001;24,37;23,81;24,62;25,50;24,75;25,12;2100;2100;
2026-07-07 16:00:37;238228;RUNNING;0;4;1,310;1,307;1,321;1,301;1,305;1,302;1,306;1,320;1,311;1,310;5,002;5,000;5,002;5,000;5,002;5,001;5,000;5,001;5,000;5,001;24,37;23,81;24,62;25,50;24,75;25,12;2100;2100;
2026-07-07 16:00:38;239228;RUNNING;0;4;1,310;1,307;1,320;1,300;1,305;1,302;1,305;1,320;1,311;1,310;5,002;5,000;5,000;5,002;5,000;5,001;5,002;5,001;5,000;5,001;24,37;23,81;24,62;25,50;24,75;25,12;2100;2100;
2026-07-07 16:00:39;240228;RUNNING;0;4;1,310;1,307;1,322;1,300;1,306;1,302;1,305;1,320;1,311;1,309;5,002;5,000;5,004;5,000;5,002;5,003;5,002;5,002;5,000;5,001;24,37;23,81;24,62;25,50;24,75;25,12;2100;2100;
2026-07-07 16:00:40;241228;RUNNING;0;4;1,310;1,307;1,321;1,301;1,306;1,302;1,306;1,320;1,311;1,310;5,002;5,000;5,000;5,000;5,002;5,003;5,002;5,001;5,000;4,999;24,37;23,81;24,62;25,50;24,75;25,12;2100;2100;
2026-07-07 16:00:41;242228;RUNNING;0;4;1,310;1,307;1,321;1,301;1,305;1,302;1,305;1,320;1,311;1,310;5,002;5,000;5,000;5,002;5,002;5,001;5,002;5,002;4,999;4,999;24,37;23,81;24,62;25,50;24,75;25,12;2100;2100;
2026-07-07 16:00:42;243228;RUNNING;0;4;1,310;1,307;1,321;1,301;1,306;1,302;1,305;1,320;1,311;1,310;5,002;5,000;5,000;5,000;5,000;5,003;5,002;5,001;5,000;4,999;24,37;23,81;24,62;25,50;24,75;25,12;2100;2100;
2026-07-07 16:00:43;244228;RUNNING;0;4;1,310;1,307;1,321;1,300;1,306;1,302;1,306;1,319;1,311;1,309;5,002;5,000;5,002;5,002;5,000;5,001;5,002;4,997;5,000;5,001;24,37;23,81;24,62;25,50;24,75;25,12;2100;2100;
2026-07-07 16:00:44;245228;RUNNING;0;4;1,310;1,306;1,321;1,300;1,306;1,302;1,306;1,319;1,311;1,309;5,002;5,000;5,002;5,000;5,002;5,003;5,002;4,997;5,000;5,001;24,37;23,81;24,62;25,56;24,75;25,19;2100;2100;
2026-07-07 16:00:45;246228;RUNNING;0;4;1,310;1,306;1,320;1,301;1,305;1,302;1,305;1,319;1,311;1,309;5,002;5,000;5,000;5,002;5,000;5,003;5,002;4,999;5,000;5,001;24,37;23,87;24,62;25,50;24,75;25,12;2100;2100;
2026-07-07 16:00:46;247228;RUNNING;0;4;1,310;1,307;1,322;1,301;1,306;1,302;1,305;1,320;1,311;1,309;5,002;5,000;5,000;5,002;5,002;5,003;5,003;4,999;5,000;4,999;24,37;23,87;24,62;25,50;24,75;25,12;2100;1800;
2026-07-07 16:00:47;248228;RUNNING;0;4;1,310;1,306;1,322;1,301;1,306;1,301;1,306;1,319;1,311;1,309;5,000;5,000;5,000;5,000;5,002;5,001;5,002;4,999;5,000;5,001;24,37;23,81;24,62;25,50;24,75;25,12;2100;1800;
2026-07-07 16:00:48;249228;RUNNING;0;4;1,310;1,306;1,321;1,301;1,306;1,302;1,306;1,319;1,311;1,310;5,002;5,000;5,000;5,002;5,000;5,001;5,003;4,999;5,000;5,001;24,37;23,81;24,62;25,50;24,75;25,19;2400;1800;
2026-07-07 16:00:49;250228;RUNNING;0;4;1,310;1,306;1,322;1,301;1,305;1,302;1,305;1,320;1,311;1,310;5,002;5,000;5,000;5,002;5,000;5,003;5,002;4,999;5,000;5,001;24,37;23,87;24,62;25,50;24,75;25,12;2100;1800;
2026-07-07 16:00:50;251228;RUNNING;0;4;1,310;1,307;1,322;1,301;1,306;1,302;1,306;1,319;1,311;1,309;5,002;5,000;5,002;5,000;5,002;5,001;5,002;4,999;5,000;5,001;24,37;23,87;24,62;25,50;24,75;25,12;2100;1800;
2026-07-07 16:00:51;252228;RUNNING;0;4;1,310;1,307;1,321;1,301;1,306;1,302;1,305;1,320;1,312;1,310;5,002;5,000;5,000;5,002;5,002;5,003;5,002;4,999;5,000;5,001;24,37;23,81;24,62;25,56;24,75;25,12;2100;1800;
2026-07-07 16:00:52;253228;RUNNING;0;4;1,310;1,307;1,322;1,301;1,306;1,302;1,305;1,320;1,311;1,310;5,002;5,000;5,002;5,002;5,002;5,003;5,002;4,999;5,000;5,001;24,37;23,81;24,62;25,56;24,75;25,19;2100;1800;
2026-07-07 16:00:53;254228;RUNNING;0;4;1,310;1,307;1,321;1,301;1,306;1,301;1,305;1,319;1,311;1,310;5,002;5,000;5,002;5,000;5,002;5,001;5,002;4,999;5,000;5,001;24,37;23,87;24,62;25,50;24,75;25,12;1800;2100;
2026-07-07 16:00:54;255228;RUNNING;0;4;1,310;1,307;1,322;1,301;1,305;1,302;1,305;1,320;1,311;1,310;5,002;5,000;5,002;5,002;5,002;5,003;5,002;4,999;5,000;5,001;24,37;23,81;24,62;25,50;24,75;25,19;2100;2100;
2026-07-07 16:00:55;256228;RUNNING;0;4;1,310;1,307;1,322;1,301;1,306;1,302;1,305;1,319;1,311;1,309;5,002;5,000;5,000;5,002;5,002;5,003;5,002;4,999;5,000;5,001;24,37;23,87;24,62;25,56;24,75;25,19;2100;2100;
2026-07-07 16:00:56;257228;RUNNING;0;4;1,310;1,307;1,322;1,300;1,306;1,302;1,305;1,319;1,311;1,309;5,002;5,000;5,000;5,000;5,000;5,001;5,002;4,999;5,000;5,001;24,37;23,81;24,62;25,56;24,75;25,19;2100;2100;
2026-07-07 16:00:57;258228;RUNNING;0;4;1,310;1,307;1,322;1,301;1,305;1,302;1,305;1,319;1,311;1,309;5,002;5,000;5,000;5,000;5,000;5,003;5,002;4,999;5,000;5,001;24,37;23,87;24,62;25,50;24,75;25,12;2100;2100;
2026-07-07 16:00:58;259228;RUNNING;0;4;1,310;1,307;1,321;1,300;1,306;1,302;1,305;1,320;1,311;1,308;5,002;5,000;5,000;5,000;5,002;5,003;5,002;4,999;5,000;5,001;24,37;23,87;24,62;25,56;24,75;25,12;2700;2100;
2026-07-07 16:00:59;260228;RUNNING;0;4;1,310;1,307;1,322;1,300;1,306;1,302;1,306;1,319;1,311;1,310;5,000;5,000;5,002;5,002;5,000;5,003;5,002;4,999;5,000;5,001;24,37;23,81;24,62;25,56;24,75;25,12;2100;2100;
2026-07-07 16:01:00;261228;RUNNING;0;4;1,310;1,306;1,322;1,301;1,307;1,302;1,305;1,320;1,312;1,309;5,000;5,000;5,002;5,000;5,000;5,001;5,002;4,999;5,000;4,999;24,37;23,87;24,62;25,56;24,75;25,19;2100;2100;
2026-07-07 16:01:01;262228;RUNNING;0;4;1,310;1,306;1,322;1,301;1,306;1,302;1,306;1,319;1,311;1,310;5,000;5,000;5,002;5,000;5,000;5,001;5,000;4,999;4,999;5,001;24,37;23,87;24,62;25,56;24,75;25,12;2100;2100;
2026-07-07 16:01:02;263228;RUNNING;0;4;1,310;1,307;1,322;1,301;1,306;1,301;1,306;1,319;1,311;1,310;5,002;5,000;5,000;5,000;5,000;5,003;5,003;4,999;5,000;5,001;24,37;23,87;24,62;25,56;24,75;25,19;2100;2100;
2026-07-07 16:01:03;264228;RUNNING;0;4;1,310;1,307;1,320;1,301;1,306;1,302;1,306;1,319;1,311;1,309;5,002;5,000;5,000;5,002;5,000;5,003;5,002;4,999;5,000;5,001;24,37;23,87;24,62;25,56;24,81;25,19;2100;2400;
2026-07-07 16:01:04;265228;RUNNING;0;4;1,310;1,307;1,322;1,301;1,306;1,302;1,305;1,319;1,311;1,309;5,002;5,000;5,000;5,000;5,000;5,003;5,002;4,999;5,000;5,001;24,37;23,87;24,62;25,56;24,75;25,19;2100;2100;
2026-07-07 16:01:05;266228;RUNNING;0;4;1,310;1,306;1,322;1,301;1,307;1,302;1,305;1,320;1,311;1,310;5,002;5,000;5,000;5,000;5,002;5,003;5,002;4,999;5,000;5,001;24,37;23,87;24,62;25,56;24,75;25,19;2100;2100;
2026-07-07 16:01:06;267228;RUNNING;0;4;1,310;1,306;1,321;1,300;1,306;1,302;1,306;1,320;1,312;1,310;5,002;5,000;5,000;5,002;5,000;5,003;5,002;4,999;5,000;5,001;24,37;23,87;24,62;25,56;24,81;25,19;2100;2100;
2026-07-07 16:01:07;268228;RUNNING;0;4;1,310;1,306;1,322;1,300;1,306;1,302;1,305;1,319;1,311;1,309;5,002;5,000;5,002;5,002;5,000;5,003;5,002;4,999;5,000;5,001;24,37;23,87;24,62;25,56;24,81;25,19;2100;2100;
2026-07-07 16:01:08;269228;RUNNING;0;4;1,310;1,306;1,322;1,301;1,306;1,302;1,305;1,319;1,311;1,310;5,002;5,000;5,000;5,000;5,000;5,001;5,000;4,999;5,000;5,001;24,37;23,87;24,62;25,56;24,81;25,19;2100;2100;
2026-07-07 16:01:09;270228;RUNNING;0;4;1,310;1,307;1,322;1,301;1,306;1,302;1,306;1,320;1,311;1,309;5,002;5,000;5,000;5,002;5,002;5,001;5,002;4,999;4,999;5,001;24,37;23,87;24,62;25,56;24,81;25,19;1800;2100;
2026-07-07 16:01:10;271228;RUNNING;0;4;1,310;1,307;1,322;1,301;1,306;1,302;1,306;1,320;1,312;1,309;5,002;5,000;5,002;5,002;5,000;5,003;5,002;4,999;5,000;5,001;24,37;23,87;24,62;25,56;24,81;25,19;1800;2400;
2026-07-07 16:01:11;272228;RUNNING;0;4;1,310;1,306;1,322;1,301;1,306;1,302;1,305;1,320;1,311;1,310;5,002;5,000;5,002;5,002;5,002;5,001;5,002;5,001;5,000;5,003;24,37;23,87;24,62;25,56;24,81;25,19;2100;2100;
2026-07-07 16:01:12;273228;RUNNING;0;4;1,310;1,306;1,321;1,301;1,306;1,301;1,305;1,319;1,312;1,309;5,002;4,998;5,000;5,000;5,000;4,999;5,000;4,999;5,000;5,001;24,37;23,87;24,69;25,56;24,81;25,19;2100;2100;
2026-07-07 16:01:13;274228;RUNNING;0;4;1,310;1,307;1,321;1,300;1,306;1,301;1,305;1,319;1,311;1,310;5,002;5,000;5,002;5,002;5,000;5,001;5,002;4,999;5,000;5,001;24,37;23,87;24,62;25,56;24,75;25,19;2400;2100;
2026-07-07 16:01:14;275228;RUNNING;0;4;1,310;1,307;1,321;1,301;1,306;1,301;1,306;1,319;1,311;1,310;5,002;5,000;5,002;5,002;5,002;5,001;5,002;4,999;5,000;5,001;24,37;23,81;24,69;25,56;24,75;25,19;2100;2100;
2026-07-07 16:01:15;276228;RUNNING;0;4;1,310;1,307;1,322;1,300;1,306;1,301;1,305;1,319;1,311;1,308;5,002;5,000;5,000;5,000;5,000;5,001;5,002;4,999;5,000;5,001;24,37;23,87;24,69;25,56;24,75;25,19;2100;2100;
2026-07-07 16:01:16;277228;RUNNING;0;4;1,310;1,307;1,322;1,301;1,305;1,301;1,306;1,320;1,311;1,309;5,002;5,000;5,000;5,000;5,000;4,999;5,002;4,999;5,000;5,003;24,37;23,87;24,62;25,56;24,75;25,19;2100;2100;
2026-07-07 16:01:17;278228;RUNNING;0;4;1,310;1,306;1,322;1,301;1,306;1,301;1,305;1,319;1,311;1,310;5,002;5,000;5,002;5,002;5,000;5,001;5,002;4,999;5,000;5,001;24,37;23,81;24,62;25,56;24,75;25,19;2100;1800;
2026-07-07 16:01:18;279228;RUNNING;0;4;1,310;1,307;1,321;1,301;1,306;1,301;1,306;1,319;1,311;1,310;5,002;5,000;5,002;5,002;5,000;4,999;5,002;4,999;5,000;5,001;24,37;23,87;24,62;25,56;24,75;25,19;2100;1800;
2026-07-07 16:01:19;280228;RUNNING;0;4;1,310;1,306;1,321;1,301;1,306;1,302;1,305;1,319;1,312;1,309;5,002;5,000;5,002;5,000;5,000;5,001;5,002;4,999;5,000;5,001;24,37;23,81;24,62;25,56;24,75;25,19;2100;2100;
2026-07-07 16:01:20;281228;RUNNING;0;4;1,310;1,307;1,322;1,301;1,306;1,301;1,306;1,320;1,312;1,310;5,002;5,000;5,000;5,000;5,002;5,001;5,002;4,999;5,000;5,001;24,37;23,81;24,62;25,56;24,75;25,19;2100;2100;
2026-07-07 16:01:21;282228;RUNNING;0;4;1,310;1,307;1,322;1,301;1,306;1,301;1,305;1,320;1,311;1,309;5,002;5,000;5,002;5,000;5,002;4,999;5,002;4,999;5,000;5,001;24,37;23,81;24,62;25,56;24,75;25,19;2100;2100;
2026-07-07 16:01:22;283228;RUNNING;0;4;1,310;1,307;1,321;1,301;1,307;1,301;1,305;1,319;1,311;1,309;5,002;5,000;5,002;5,000;5,000;5,001;5,002;4,999;5,000;5,001;24,37;23,87;24,62;25,56;24,75;25,19;2100;2100;
2026-07-07 16:01:23;284228;RUNNING;0;4;1,310;1,307;1,322;1,301;1,306;1,302;1,305;1,319;1,312;1,309;5,002;5,000;5,002;5,000;5,000;4,999;5,002;4,999;5,000;5,001;24,37;23,87;24,62;25,56;24,75;25,19;2100;2100;
2026-07-07 16:01:24;285228;RUNNING;0;4;1,310;1,307;1,322;1,301;1,306;1,302;1,305;1,320;1,311;1,310;5,002;5,000;5,002;5,002;5,000;4,999;5,002;4,999;5,002;5,001;24,37;23,81;24,62;25,56;24,75;25,19;2100;2100;
2026-07-07 16:01:25;286228;RUNNING;0;4;1,310;1,307;1,322;1,301;1,305;1,302;1,306;1,320;1,311;1,310;5,002;5,000;5,002;5,002;5,000;5,001;5,002;4,999;5,000;5,001;24,37;23,81;24,69;25,56;24,75;25,19;2100;2100;
2026-07-07 16:01:26;287228;RUNNING;0;4;1,310;1,307;1,322;1,300;1,306;1,301;1,306;1,319;1,312;1,309;5,002;5,000;5,002;5,002;5,000;4,999;5,000;4,999;5,000;5,001;24,37;23,81;24,62;25,56;24,75;25,19;2100;2100;
2026-07-07 16:01:27;288228;RUNNING;0;4;1,310;1,307;1,321;1,301;1,306;1,301;1,306;1,319;1,312;1,310;5,002;5,002;5,000;5,000;5,002;4,999;5,002;4,999;5,000;5,001;24,37;23,81;24,69;25,56;24,81;25,19;2100;2100;
2026-07-07 16:01:28;289228;RUNNING;0;4;1,310;1,307;1,322;1,300;1,305;1,302;1,305;1,319;1,312;1,309;5,002;5,000;5,000;5,002;5,000;4,999;5,002;4,999;5,000;5,001;24,37;23,81;24,62;25,56;24,75;25,19;1800;2100;
2026-07-07 16:01:29;290228;RUNNING;0;4;1,310;1,307;1,322;1,301;1,305;1,301;1,305;1,320;1,311;1,310;5,002;5,000;5,002;5,002;5,000;4,999;5,002;4,999;5,002;5,001;24,37;23,81;24,69;25,56;24,75;25,19;2100;2100;
2026-07-07 16:01:30;291228;RUNNING;0;4;1,310;1,308;1,322;1,301;1,306;1,301;1,306;1,319;1,312;1,309;5,002;5,000;5,000;5,002;5,000;5,001;5,002;4,999;5,000;5,001;24,37;23,87;24,69;25,56;24,75;25,19;2100;2100;
2026-07-07 16:01:31;292228;RUNNING;0;4;1,310;1,307;1,322;1,301;1,306;1,301;1,305;1,319;1,312;1,309;5,002;5,000;5,000;5,000;5,000;4,999;5,002;4,999;5,002;5,001;24,37;23,87;24,62;25,56;24,75;25,19;2100;2100;
2026-07-07 16:01:32;293228;RUNNING;0;4;1,310;1,306;1,321;1,301;1,306;1,301;1,306;1,320;1,312;1,309;5,002;5,000;5,000;5,000;5,002;4,999;5,002;4,999;5,000;5,003;24,37;23,87;24,69;25,56;24,75;25,19;2100;2100;
2026-07-07 16:01:33;294228;RUNNING;0;4;1,310;1,307;1,321;1,301;1,306;1,301;1,305;1,319;1,311;1,309;5,002;5,000;5,002;5,000;5,000;4,999;5,002;4,999;5,000;5,003;24,37;23,81;24,62;25,56;24,75;25,19;2100;2100;
2026-07-07 16:01:34;295228;RUNNING;0;4;1,310;1,306;1,322;1,301;1,306;1,301;1,306;1,320;1,311;1,309;5,002;5,000;5,002;5,002;5,000;4,999;5,002;4,999;5,002;5,003;24,37;23,81;24,69;25,56;24,75;25,19;2400;2100;
2026-07-07 16:01:35;296228;RUNNING;0;4;1,310;1,307;1,322;1,301;1,306;1,301;1,306;1,319;1,312;1,309;5,002;5,000;5,002;5,002;5,000;4,999;5,002;5,001;5,002;5,003;24,37;23,81;24,62;25,56;24,81;25,19;2100;2100;
2026-07-07 16:01:36;297228;RUNNING;0;4;1,310;1,306;1,322;1,300;1,305;1,301;1,306;1,320;1,311;1,309;5,002;5,000;5,002;5,002;5,000;4,999;5,000;4,999;5,000;5,001;24,37;23,87;24,69;25,56;24,75;25,19;2100;2100;
2026-07-07 16:01:37;298228;RUNNING;0;4;1,310;1,307;1,321;1,300;1,306;1,301;1,305;1,320;1,311;1,310;5,002;5,000;5,002;5,000;5,000;5,001;5,002;5,001;5,000;5,001;24,37;23,87;24,69;25,56;24,75;25,19;2100;2100;
2026-07-07 16:01:38;299228;RUNNING;0;4;1,310;1,307;1,322;1,301;1,305;1,302;1,305;1,319;1,311;1,309;5,002;5,000;5,002;5,002;5,000;5,001;5,000;5,001;5,002;5,003;24,37;23,81;24,62;25,56;24,81;25,19;2100;1800;
2026-07-07 16:01:39;300228;RUNNING;0;4;1,310;1,307;1,322;1,301;1,307;1,302;1,306;1,319;1,311;1,311;5,002;5,000;5,002;5,002;5,002;5,001;5,002;4,999;5,002;5,001;24,37;23,81;24,69;25,56;24,81;25,19;2100;1800;
2026-07-07 16:01:40;301228;RUNNING;0;4;1,310;1,308;1,321;1,301;1,306;1,301;1,306;1,320;1,311;1,309;5,002;5,000;5,000;5,002;5,002;4,999;5,002;4,999;5,002;5,001;24,37;23,87;24,69;25,56;24,81;25,19;2100;2100;
2026-07-07 16:01:41;302228;RUNNING;0;4;1,310;1,307;1,321;1,301;1,306;1,302;1,305;1,320;1,312;1,309;5,002;5,000;5,002;5,002;5,002;5,001;5,002;5,001;5,002;5,003;24,37;23,87;24,69;25,56;24,81;25,19;2100;2100;
2026-07-07 16:01:42;303228;RUNNING;0;4;1,310;1,307;1,322;1,301;1,306;1,301;1,305;1,319;1,311;1,309;5,002;5,002;5,002;5,000;5,002;5,001;5,002;4,999;5,002;5,003;24,37;23,81;24,69;25,62;24,81;25,19;1800;2100;
2026-07-07 16:01:43;304228;RUNNING;0;4;1,310;1,307;1,321;1,301;1,306;1,301;1,305;1,320;1,312;1,310;5,002;5,000;5,000;5,002;5,002;5,001;5,002;4,999;5,002;5,003;24,37;23,81;24,69;25,56;24,81;25,19;2100;2100;
2026-07-07 16:01:44;305228;RUNNING;0;4;1,310;1,307;1,322;1,301;1,306;1,302;1,306;1,320;1,311;1,310;5,002;5,000;5,000;5,002;5,000;4,999;5,000;4,999;5,002;5,001;24,37;23,87;24,69;25,62;24,81;25,19;2100;2100;
2026-07-07 16:01:45;306228;RUNNING;0;4;1,310;1,307;1,321;1,301;1,306;1,301;1,306;1,320;1,312;1,310;5,002;5,002;5,000;5,002;5,002;5,001;5,002;5,001;5,000;5,003;24,37;23,87;24,69;25,62;24,81;25,19;2100;2100;
2026-07-07 16:01:46;307228;RUNNING;0;4;1,310;1,307;1,322;1,301;1,306;1,301;1,306;1,320;1,312;1,310;5,002;5,002;5,002;5,002;5,002;5,001;5,002;4,999;5,000;5,003;24,37;23,87;24,69;25,62;24,81;25,19;2100;2100;
2026-07-07 16:01:47;308228;RUNNING;0;4;1,310;1,307;1,322;1,300;1,306;1,302;1,305;1,319;1,312;1,310;5,002;5,002;5,002;5,002;5,000;4,999;5,002;4,999;5,000;5,001;24,37;23,87;24,69;25,56;24,81;25,19;2100;2400;
2026-07-07 16:01:48;309228;RUNNING;0;4;1,310;1,308;1,322;1,301;1,306;1,302;1,305;1,320;1,312;1,310;5,002;5,002;5,002;5,000;5,002;5,001;5,002;4,999;5,000;5,003;24,37;23,87;24,69;25,62;24,81;25,19;2100;2100;
2026-07-07 16:01:49;310228;RUNNING;0;4;1,310;1,307;1,322;1,301;1,305;1,301;1,306;1,319;1,312;1,310;5,000;5,000;5,002;5,002;5,000;5,001;5,002;4,999;5,000;5,003;24,37;23,87;24,69;25,56;24,81;25,19;2100;2100;
2026-07-07 16:01:50;311228;RUNNING;0;4;1,310;1,307;1,322;1,301;1,306;1,301;1,305;1,320;1,312;1,310;5,002;5,000;5,000;5,002;5,000;4,999;5,002;4,999;5,000;5,001;24,37;23,87;24,69;25,62;24,81;25,25;2100;2100;
2026-07-07 16:01:51;312228;RUNNING;0;4;1,310;1,307;1,322;1,301;1,306;1,302;1,306;1,319;1,312;1,310;5,002;5,002;5,002;5,000;5,000;4,999;5,002;4,999;5,000;5,001;24,37;23,87;24,62;25,62;24,81;25,19;2100;2100;
2026-07-07 16:01:52;313228;RUNNING;0;4;1,310;1,306;1,321;1,301;1,306;1,301;1,306;1,320;1,312;1,309;5,002;5,000;5,000;5,002;5,002;5,001;5,002;4,999;5,000;5,001;24,37;23,87;24,69;25,62;24,81;25,25;2100;2100;
2026-07-07 16:01:53;314228;RUNNING;0;4;1,310;1,308;1,322;1,301;1,306;1,301;1,305;1,320;1,312;1,310;5,002;5,000;5,000;5,002;5,000;4,999;5,002;4,999;5,002;5,001;24,44;23,87;24,69;25,62;24,81;25,25;2100;1800;
2026-07-07 16:01:54;315228;RUNNING;0;4;1,310;1,307;1,322;1,301;1,307;1,301;1,305;1,320;1,311;1,310;5,002;5,002;5,002;5,002;5,004;5,001;5,002;4,999;5,002;5,003;24,37;23,87;24,69;25,62;24,81;25,25;1800;2100;
2026-07-07 16:01:55;316228;RUNNING;0;4;1,310;1,307;1,322;1,301;1,306;1,301;1,306;1,320;1,312;1,310;5,002;5,002;5,002;5,002;5,002;4,999;5,000;4,999;5,000;5,003;24,44;23,87;24,69;25,62;24,81;25,25;2100;2100;
2026-07-07 16:01:56;317228;RUNNING;0;4;1,310;1,307;1,322;1,301;1,306;1,301;1,306;1,320;1,312;1,309;5,002;5,002;5,002;5,002;5,000;5,001;5,002;4,999;5,000;5,003;24,44;23,87;24,69;25,62;24,81;25,25;2400;2100;
2026-07-07 16:01:57;318228;RUNNING;0;4;1,310;1,307;1,322;1,301;1,306;1,302;1,305;1,320;1,312;1,310;5,002;5,004;5,002;5,002;5,002;5,001;5,002;4,999;5,002;5,003;24,44;23,87;24,69;25,62;24,81;25,25;2100;2100;
2026-07-07 16:01:58;319228;RUNNING;0;4;1,310;1,307;1,321;1,301;1,306;1,301;1,306;1,320;1,312;1,310;5,002;5,000;5,004;5,002;5,002;5,001;5,000;4,999;5,002;5,001;24,44;23,87;24,69;25,62;24,81;25,25;2100;2100;
2026-07-07 16:01:59;320228;RUNNING;0;4;1,310;1,307;1,321;1,301;1,305;1,301;1,305;1,320;1,312;1,310;5,002;5,000;5,002;5,000;5,002;5,001;5,002;5,001;5,000;5,001;24,44;23,87;24,69;25,62;24,81;25,25;2100;2100;
2026-07-07 16:02:00;321228;RUNNING;0;4;1,310;1,307;1,321;1,300;1,306;1,301;1,305;1,320;1,312;1,309;5,004;5,002;5,002;5,002;5,002;5,001;5,000;4,999;5,002;5,003;24,44;23,87;24,69;25,62;24,81;25,25;2100;2100;
2026-07-07 16:02:01;322228;RUNNING;0;4;1,310;1,307;1,322;1,301;1,306;1,301;1,305;1,320;1,312;1,310;5,002;5,002;5,002;5,002;5,000;5,001;5,002;4,999;5,002;5,003;24,44;23,87;24,69;25,62;24,81;25,25;2100;2100;
2026-07-07 16:02:02;323228;RUNNING;0;4;1,310;1,307;1,322;1,301;1,305;1,301;1,305;1,320;1,312;1,310;5,002;5,002;5,002;5,000;5,000;5,001;5,002;4,999;5,002;5,003;24,44;23,87;24,69;25,62;24,81;25,25;2100;2100;
2026-07-07 16:02:03;324228;RUNNING;0;4;1,310;1,307;1,321;1,301;1,305;1,301;1,306;1,320;1,312;1,310;5,004;5,000;5,002;5,000;5,000;4,999;5,002;5,001;5,002;5,001;24,37;23,87;24,69;25,62;24,81;25,25;2100;2100;
2026-07-07 16:02:04;325228;RUNNING;0;4;1,310;1,308;1,322;1,301;1,306;1,302;1,306;1,320;1,312;1,310;5,002;5,000;5,000;5,002;5,000;5,001;5,002;4,999;5,000;5,003;24,44;23,87;24,69;25,62;24,81;25,25;2100;2100;
2026-07-07 16:02:05;326228;RUNNING;0;4;1,310;1,307;1,322;1,301;1,306;1,301;1,306;1,320;1,312;1,310;5,002;5,002;5,002;5,000;5,000;5,001;5,002;4,999;5,002;5,003;24,44;23,87;24,69;25,62;24,81;25,25;1800;1800;
2026-07-07 16:02:06;327228;RUNNING;0;4;1,310;1,307;1,322;1,301;1,305;1,302;1,306;1,320;1,312;1,308;5,002;5,002;5,000;5,002;5,002;5,001;5,002;4,999;5,000;5,003;24,44;23,87;24,69;25,62;24,81;25,25;1800;1800;
2026-07-07 16:02:07;328228;RUNNING;0;4;1,310;1,307;1,322;1,301;1,307;1,301;1,306;1,320;1,312;1,310;5,002;5,002;5,002;5,002;5,002;5,001;5,002;4,999;5,000;5,003;24,44;23,87;24,69;25,62;24,81;25,25;2100;2100;
2026-07-07 16:02:08;329228;RUNNING;0;4;1,310;1,307;1,322;1,301;1,306;1,301;1,306;1,320;1,312;1,310;5,002;5,000;5,002;5,002;5,000;5,001;5,002;4,999;5,000;5,003;24,44;23,87;24,69;25,62;24,81;25,25;2100;2100;
2026-07-07 16:02:09;330228;RUNNING;0;4;1,310;1,307;1,322;1,301;1,305;1,301;1,305;1,320;1,311;1,310;5,002;5,002;5,002;5,002;5,002;5,001;5,000;4,999;5,002;5,001;24,44;23,87;24,69;25,62;24,81;25,25;2100;2100;
2026-07-07 16:02:10;331228;RUNNING;0;4;1,310;1,307;1,322;1,301;1,306;1,302;1,306;1,320;1,312;1,310;5,002;5,002;5,002;5,002;5,000;4,999;5,002;5,001;5,002;5,003;24,44;23,87;24,69;25,62;24,81;25,25;2100;2100;
2026-07-07 16:02:11;332228;RUNNING;0;4;1,310;1,307;1,321;1,301;1,305;1,302;1,306;1,320;1,312;1,310;5,002;5,002;5,000;5,002;4,999;5,001;5,002;4,999;5,002;5,003;24,44;23,87;24,69;25,62;24,81;25,25;2100;2100;
2026-07-07 16:02:12;333228;RUNNING;0;4;1,310;1,307;1,322;1,301;1,306;1,301;1,306;1,319;1,311;1,310;5,002;5,002;5,002;5,002;5,002;5,001;5,000;4,999;5,002;5,003;24,44;23,87;24,69;25,62;24,81;25,25;2100;2100;
2026-07-07 16:02:13;334228;RUNNING;0;4;1,310;1,307;1,321;1,301;1,306;1,301;1,305;1,320;1,312;1,310;5,002;5,000;5,002;5,002;5,002;5,001;5,002;4,999;5,002;5,003;24,37;23,87;24,69;25,62;24,81;25,25;2100;2400;
2026-07-07 16:02:14;335228;RUNNING;0;4;1,310;1,307;1,322;1,301;1,307;1,302;1,306;1,320;1,312;1,310;5,002;5,002;5,002;5,002;5,002;5,001;5,002;5,001;5,002;5,003;24,44;23,87;24,69;25,62;24,81;25,25;2100;2100;
2026-07-07 16:02:15;336228;RUNNING;0;4;1,310;1,307;1,322;1,301;1,305;1,302;1,305;1,320;1,312;1,310;5,002;5,002;5,000;5,002;5,000;4,999;5,002;5,001;5,002;5,003;24,44;23,87;24,69;25,62;24,81;25,25;2100;2100;
2026-07-07 16:02:16;337228;RUNNING;0;4;1,310;1,308;1,322;1,301;1,305;1,301;1,306;1,320;1,312;1,309;5,002;5,002;5,000;5,000;4,999;4,999;5,002;5,001;5,002;5,001;24,44;23,87;24,69;25,62;24,81;25,25;2100;2100;
2026-07-07 16:02:17;338228;RUNNING;0;4;1,310;1,307;1,321;1,301;1,306;1,301;1,306;1,320;1,312;1,309;5,002;5,002;5,002;5,000;5,000;5,001;5,003;5,001;5,002;5,001;24,44;23,87;24,69;25,62;24,81;25,25;2100;2100;
2026-07-07 16:02:18;339228;RUNNING;0;4;1,310;1,307;1,322;1,301;1,306;1,302;1,306;1,320;1,312;1,310;5,002;5,002;5,000;5,002;5,000;5,001;5,002;5,001;5,002;5,001;24,44;23,87;24,69;25,62;24,81;25,25;1800;1800;
2026-07-07 16:02:19;340228;RUNNING;0;4;1,310;1,307;1,322;1,301;1,307;1,301;1,305;1,319;1,312;1,310;5,000;5,002;5,002;5,002;5,002;4,999;5,002;4,999;5,000;5,001;24,44;23,87;24,69;25,62;24,81;25,25;2100;1800;
2026-07-07 16:02:20;341228;RUNNING;0;4;1,310;1,307;1,322;1,301;1,306;1,301;1,306;1,320;1,312;1,309;5,002;5,000;5,002;5,002;5,000;5,001;5,002;4,999;5,000;5,001;24,44;23,87;24,69;25,62;24,81;25,25;2100;2100;
2026-07-07 16:02:21;342228;RUNNING;0;4;1,310;1,307;1,322;1,301;1,306;1,301;1,305;1,320;1,312;1,310;5,002;5,002;5,000;5,000;5,000;5,001;5,000;5,001;5,002;5,001;24,44;23,87;24,69;25,62;24,81;25,25;2400;2100;
2026-07-07 16:02:22;343228;RUNNING;0;4;1,310;1,307;1,322;1,301;1,307;1,301;1,305;1,320;1,312;1,309;5,002;5,002;5,002;5,002;5,000;5,001;5,002;4,999;5,002;5,003;24,44;23,87;24,69;25,62;24,81;25,25;2100;2100;
2026-07-07 16:02:23;344228;RUNNING;0;4;1,310;1,308;1,322;1,301;1,307;1,302;1,305;1,320;1,312;1,310;5,004;5,002;5,002;5,002;5,000;5,001;5,002;4,999;5,002;5,001;24,44;23,87;24,69;25,62;24,81;25,25;2100;2100;
2026-07-07 16:02:24;345228;RUNNING;0;4;1,310;1,307;1,322;1,301;1,305;1,302;1,305;1,320;1,312;1,310;5,002;5,002;5,002;5,002;5,000;5,001;5,002;5,001;5,002;5,001;24,44;23,87;24,69;25,62;24,87;25,25;2100;2100;
2026-07-07 16:02:25;346228;RUNNING;0;4;1,310;1,308;1,322;1,301;1,306;1,302;1,306;1,320;1,312;1,309;5,002;5,002;5,000;5,000;5,002;5,001;5,002;4,999;5,000;5,001;24,44;23,87;24,69;25,62;24,81;25,25;2100;2100;
2026-07-07 16:02:26;347228;RUNNING;0;4;1,310;1,307;1,321;1,301;1,306;1,302;1,306;1,320;1,312;1,310;5,002;5,000;5,000;5,002;5,000;5,001;5,002;4,999;5,000;5,001;24,44;23,87;24,69;25,62;24,81;25,25;2100;2100;
2026-07-07 16:02:27;348228;RUNNING;0;4;1,310;1,307;1,322;1,301;1,306;1,302;1,306;1,320;1,312;1,310;5,002;5,002;5,000;5,002;5,000;5,001;5,002;5,001;5,002;5,001;24,44;23,87;24,69;25,62;24,81;25,25;1800;2100;
2026-07-07 16:02:28;349228;RUNNING;0;4;1,310;1,307;1,322;1,301;1,307;1,302;1,306;1,320;1,312;1,309;5,002;5,002;5,002;5,002;5,002;5,001;5,002;5,001;4,999;5,001;24,44;23,94;24,69;25,69;24,87;25,25;2100;2100;
2026-07-07 16:02:29;350228;RUNNING;0;4;1,310;1,308;1,322;1,301;1,306;1,302;1,305;1,320;1,312;1,309;5,002;5,002;5,002;5,002;5,000;5,001;5,002;5,001;5,002;5,001;24,44;23,87;24,69;25,69;24,87;25,25;2100;1800;
2026-07-07 16:02:30;351228;RUNNING;0;4;1,310;1,307;1,322;1,301;1,306;1,301;1,306;1,320;1,312;1,310;5,000;5,002;5,000;5,002;5,002;4,999;5,002;4,999;5,002;5,001;24,44;23,87;24,69;25,69;24,87;25,25;2100;2100;
2026-07-07 16:02:31;352228;RUNNING;0;4;1,310;1,308;1,322;1,301;1,306;1,302;1,306;1,320;1,312;1,309;5,002;5,000;5,002;5,002;5,002;5,001;5,002;5,001;5,004;5,001;24,44;23,87;24,69;25,69;24,87;25,25;2100;2100;
2026-07-07 16:02:32;353228;RUNNING;0;4;1,311;1,307;1,322;1,301;1,306;1,301;1,305;1,320;1,312;1,310;5,004;5,002;5,002;5,002;5,000;5,001;5,002;4,999;5,002;5,001;24,44;23,87;24,69;25,69;24,81;25,25;2100;2100;
2026-07-07 16:02:33;354228;RUNNING;0;4;1,310;1,307;1,322;1,301;1,307;1,301;1,306;1,320;1,312;1,308;5,002;5,000;5,002;5,002;5,000;5,001;5,002;5,001;5,002;5,001;24,44;23,87;24,69;25,69;24,81;25,25;2100;2100;
2026-07-07 16:02:34;355228;RUNNING;0;4;1,310;1,307;1,321;1,301;1,306;1,302;1,306;1,320;1,312;1,311;5,002;5,002;5,002;5,002;5,002;5,001;5,002;5,001;5,002;4,999;24,44;23,94;24,75;25,69;24,87;25,25;2100;2100;
2026-07-07 16:02:35;356228;RUNNING;0;4;1,310;1,307;1,321;1,301;1,306;1,302;1,306;1,320;1,312;1,310;5,004;5,002;5,002;5,002;5,002;4,999;5,002;5,001;5,002;4,999;24,44;23,87;24,75;25,69;24,87;25,25;2100;2100;
2026-07-07 16:02:36;357228;RUNNING;0;4;1,310;1,307;1,321;1,301;1,306;1,301;1,305;1,320;1,312;1,309;5,002;5,002;5,002;5,002;5,000;5,001;5,002;4,999;5,002;4,999;24,44;23,87;24,69;25,69;24,87;25,25;2100;2100;
2026-07-07 16:02:37;358228;RUNNING;0;4;1,310;1,307;1,322;1,301;1,307;1,301;1,306;1,320;1,312;1,309;5,004;5,000;5,000;5,000;5,002;5,001;5,002;5,001;5,002;5,001;24,44;23,87;24,75;25,69;24,87;25,25;2100;2100;
2026-07-07 16:02:38;359228;RUNNING;0;4;1,310;1,308;1,322;1,301;1,306;1,302;1,306;1,320;1,312;1,309;5,002;5,002;5,002;5,002;5,002;5,001;5,002;5,001;5,002;5,001;24,44;23,87;24,75;25,69;24,81;25,25;2100;2100;
2026-07-07 16:02:39;360228;RUNNING;0;4;1,310;1,308;1,322;1,301;1,306;1,301;1,306;1,320;1,312;1,309;5,002;5,002;5,002;5,002;5,002;5,001;5,002;5,001;5,002;5,001;24,44;23,87;24,75;25,69;24,87;25,25;2100;2100;
2026-07-07 16:02:40;361228;RUNNING;0;4;1,310;1,307;1,322;1,301;1,306;1,302;1,305;1,320;1,312;1,309;5,002;5,002;5,002;5,002;5,002;5,001;5,002;5,001;5,002;5,001;24,44;23,87;24,75;25,69;24,87;25,25;1800;1800;
2026-07-07 16:02:41;362228;RUNNING;0;4;1,310;1,308;1,322;1,301;1,306;1,302;1,306;1,321;1,312;1,310;5,002;5,002;5,002;5,002;5,000;5,001;5,002;5,001;5,002;5,001;24,44;23,87;24,75;25,69;24,87;25,25;2100;2100;
2026-07-07 16:02:42;363228;RUNNING;0;4;1,310;1,307;1,322;1,301;1,306;1,302;1,306;1,320;1,312;1,309;5,002;5,002;5,002;5,000;5,000;5,001;5,002;5,001;5,002;5,001;24,44;23,87;24,75;25,69;24,87;25,25;2100;2100;
2026-07-07 16:02:43;364228;RUNNING;0;4;1,310;1,307;1,322;1,301;1,306;1,301;1,306;1,320;1,312;1,310;5,002;5,002;5,000;5,002;5,002;5,001;5,002;4,999;5,002;5,001;24,44;23,87;24,75;25,69;24,81;25,25;2100;2100;
2026-07-07 16:02:44;365228;RUNNING;0;4;1,310;1,307;1,322;1,301;1,307;1,301;1,306;1,320;1,312;1,310;5,004;5,002;5,000;5,002;5,002;5,001;5,002;5,001;5,002;5,001;24,44;23,87;24,75;25,69;24,87;25,25;2100;2100;
2026-07-07 16:02:45;366228;RUNNING;0;4;1,311;1,307;1,321;1,301;1,306;1,302;1,306;1,320;1,312;1,309;5,002;5,000;5,000;5,002;5,000;5,001;5,002;5,001;5,002;5,001;24,44;23,87;24,69;25,69;24,81;25,25;2100;2100;
2026-07-07 16:02:46;367228;RUNNING;0;4;1,310;1,308;1,322;1,301;1,306;1,301;1,306;1,320;1,312;1,310;5,002;5,002;5,004;5,002;5,000;5,001;5,002;5,001;5,002;5,001;24,44;23,87;24,75;25,69;24,87;25,25;2400;2100;
2026-07-07 16:02:47;368228;RUNNING;0;4;1,310;1,307;1,322;1,301;1,306;1,302;1,306;1,320;1,312;1,310;5,002;5,002;5,002;5,002;5,002;5,001;5,003;4,999;5,002;5,001;24,44;23,87;24,75;25,69;24,81;25,25;2100;2100;
2026-07-07 16:02:48;369228;RUNNING;0;4;1,310;1,307;1,322;1,301;1,306;1,302;1,306;1,320;1,312;1,310;5,002;5,002;5,002;5,002;5,000;5,001;5,002;4,999;5,000;5,001;24,44;23,87;24,75;25,69;24,81;25,25;2100;2100;
2026-07-07 16:02:49;370228;RUNNING;0;4;1,310;1,307;1,322;1,301;1,306;1,301;1,305;1,320;1,312;1,309;5,002;5,002;5,002;5,002;5,000;4,999;5,000;5,001;5,002;5,001;24,44;23,87;24,75;25,69;24,81;25,25;2100;2100;
2026-07-07 16:02:50;371228;RUNNING;0;4;1,310;1,307;1,322;1,301;1,307;1,302;1,306;1,320;1,312;1,309;5,002;5,002;5,000;5,003;5,000;5,001;5,002;5,001;5,002;5,001;24,44;23,87;24,75;25,69;24,87;25,25;2100;2100;
2026-07-07 16:02:51;372228;RUNNING;0;4;1,310;1,308;1,321;1,301;1,305;1,301;1,305;1,320;1,312;1,310;5,002;5,002;5,002;5,002;5,000;5,003;5,002;5,001;5,002;5,001;24,44;23,87;24,75;25,69;24,87;25,25;2100;2100;
2026-07-07 16:02:52;373228;RUNNING;0;4;1,310;1,308;1,322;1,301;1,305;1,302;1,306;1,320;1,312;1,309;5,004;5,002;5,000;5,002;5,000;5,001;5,003;4,999;5,002;5,001;24,44;23,87;24,75;25,69;24,81;25,25;2100;2100;
2026-07-07 16:02:53;374228;RUNNING;0;4;1,310;1,307;1,321;1,301;1,306;1,302;1,306;1,319;1,312;1,310;5,002;5,002;5,002;5,002;5,002;5,001;5,002;5,001;5,002;4,999;24,44;23,87;24,75;25,69;24,87;25,25;1800;1800;
2026-07-07 16:02:54;375228;RUNNING;0;4;1,310;1,307;1,322;1,301;1,307;1,302;1,306;1,320;1,312;1,310;5,002;5,002;5,002;5,002;5,000;5,001;5,000;5,001;5,002;5,001;24,44;23,87;24,75;25,69;24,87;25,25;2100;2100;
2026-07-07 16:02:55;376228;RUNNING;0;4;1,310;1,307;1,321;1,301;1,306;1,302;1,307;1,320;1,312;1,309;5,002;5,002;5,000;5,002;5,000;5,001;5,002;5,001;5,000;5,001;24,44;23,87;24,69;25,69;24,87;25,25;2100;2100;
2026-07-07 16:02:56;377228;RUNNING;0;4;1,310;1,307;1,322;1,301;1,306;1,302;1,306;1,320;1,312;1,310;5,002;5,002;5,002;5,002;5,000;5,001;5,002;5,001;5,002;5,001;24,44;23,87;24,75;25,69;24,87;25,25;2100;2100;
2026-07-07 16:02:57;378228;RUNNING;0;4;1,310;1,307;1,322;1,301;1,306;1,302;1,306;1,320;1,313;1,310;5,002;5,002;5,002;5,002;5,002;5,001;5,002;5,001;5,002;5,001;24,44;23,87;24,75;25,69;24,87;25,25;2100;2100;
2026-07-07 16:02:58;379228;RUNNING;0;4;1,310;1,308;1,321;1,301;1,306;1,302;1,306;1,320;1,312;1,310;5,004;5,004;5,000;5,002;5,002;5,001;5,002;5,001;5,002;5,001;24,44;23,87;24,75;25,69;24,87;25,25;2100;2100;
2026-07-07 16:02:59;380228;RUNNING;0;4;1,311;1,307;1,322;1,301;1,306;1,302;1,306;1,320;1,312;1,310;5,004;5,004;5,002;5,002;5,000;5,001;5,002;5,001;5,002;5,001;24,44;23,87;24,75;25,69;24,81;25,25;2100;2100;
2026-07-07 16:03:00;381228;RUNNING;0;4;1,311;1,307;1,322;1,301;1,306;1,301;1,307;1,320;1,312;1,310;5,002;5,002;5,002;5,002;5,000;4,999;5,002;5,001;5,002;5,001;24,44;23,87;24,69;25,69;24,81;25,25;2100;2100;
2026-07-07 16:03:01;382228;RUNNING;0;4;1,310;1,307;1,322;1,302;1,306;1,301;1,306;1,320;1,312;1,310;5,004;5,002;5,002;5,002;5,000;4,999;5,002;5,001;5,002;5,001;24,50;23,94;24,75;25,69;24,87;25,31;2100;2100;
2026-07-07 16:03:02;383228;RUNNING;0;4;1,310;1,307;1,322;1,301;1,306;1,301;1,306;1,320;1,312;1,309;5,002;5,002;5,002;5,002;5,002;4,999;5,000;5,001;5,002;5,001;24,44;23,87;24,69;25,69;24,87;25,25;2100;2100;
2026-07-07 16:03:03;384228;RUNNING;0;4;1,310;1,308;1,322;1,301;1,306;1,301;1,306;1,321;1,312;1,309;5,002;5,002;5,000;5,002;5,000;4,999;5,002;5,001;5,002;5,001;24,44;23,87;24,69;25,69;24,87;25,25;1800;2100;
2026-07-07 16:03:04;385228;RUNNING;0;4;1,311;1,307;1,321;1,301;1,305;1,301;1,306;1,320;1,312;1,309;5,002;5,002;5,000;5,002;5,002;4,999;5,002;5,001;5,002;5,001;24,44;23,87;24,75;25,69;24,87;25,25;2100;2100;
2026-07-07 16:03:05;386228;RUNNING;0;4;1,310;1,308;1,322;1,301;1,306;1,301;1,306;1,320;1,312;1,310;5,002;5,002;5,002;5,002;5,002;4,999;5,002;4,999;5,002;5,001;24,44;23,94;24,75;25,69;24,87;25,31;2100;1800;
2026-07-07 16:03:06;387228;RUNNING;0;4;1,310;1,307;1,322;1,301;1,306;1,301;1,306;1,320;1,312;1,309;5,004;5,002;5,002;5,002;5,000;4,999;5,002;5,001;5,002;5,001;24,50;23,94;24,69;25,69;24,87;25,31;2100;2100;
2026-07-07 16:03:07;388228;RUNNING;0;4;1,310;1,307;1,322;1,301;1,307;1,301;1,306;1,320;1,312;1,309;5,002;5,002;5,002;5,002;5,000;4,999;5,002;4,999;5,002;5,001;24,44;23,94;24,69;25,69;24,87;25,31;2100;2100;
2026-07-07 16:03:08;389228;RUNNING;0;4;1,311;1,307;1,321;1,301;1,306;1,301;1,305;1,320;1,312;1,309;5,002;5,002;5,002;5,002;5,002;4,999;5,002;4,999;5,002;5,003;24,44;23,94;24,69;25,69;24,87;25,25;2100;2100;
2026-07-07 16:03:09;390228;RUNNING;0;4;1,310;1,307;1,321;1,301;1,306;1,301;1,305;1,320;1,312;1,310;5,002;5,002;5,000;5,002;5,002;4,999;5,002;5,001;5,002;5,001;24,44;23,94;24,75;25,69;24,87;25,31;2100;2100;
2026-07-07 16:03:10;391228;RUNNING;0;4;1,311;1,307;1,321;1,301;1,306;1,301;1,306;1,320;1,312;1,310;5,002;5,002;5,002;5,002;5,002;4,999;5,002;4,999;5,004;5,001;24,44;23,94;24,75;25,69;24,87;25,31;2100;2100;
2026-07-07 16:03:11;392228;RUNNING;0;4;1,310;1,307;1,322;1,301;1,306;1,301;1,306;1,320;1,312;1,310;5,002;5,002;5,000;5,002;5,000;4,997;5,000;5,001;5,002;5,001;24,44;23,94;24,75;25,69;24,87;25,31;2100;2100;
2026-07-07 16:03:12;393228;RUNNING;0;4;1,310;1,307;1,322;1,301;1,306;1,301;1,306;1,320;1,312;1,310;5,002;5,002;5,002;5,000;5,002;4,997;5,002;5,001;5,002;5,001;24,50;23,94;24,75;25,69;24,87;25,31;1800;2100;
2026-07-07 16:03:13;394228;RUNNING;0;4;1,310;1,307;1,322;1,301;1,305;1,301;1,306;1,320;1,312;1,310;5,004;5,002;5,002;5,002;5,000;4,999;5,002;5,001;5,002;5,001;24,50;23,94;24,75;25,69;24,87;25,31;2100;2100;
2026-07-07 16:03:14;395228;RUNNING;0;4;1,310;1,307;1,322;1,301;1,306;1,301;1,306;1,320;1,312;1,310;5,004;5,002;5,000;5,002;5,002;4,999;5,002;5,001;5,002;5,001;24,44;23,94;24,75;25,69;24,94;25,31;2100;1800;
2026-07-07 16:03:15;396228;RUNNING;0;4;1,310;1,307;1,322;1,301;1,306;1,301;1,306;1,320;1,312;1,310;5,002;5,002;5,002;5,002;5,000;4,999;5,002;5,001;5,002;5,001;24,44;23,94;24,75;25,69;24,87;25,31;2100;2100;
2026-07-07 16:03:16;397228;RUNNING;0;4;1,310;1,307;1,322;1,301;1,307;1,301;1,306;1,320;1,312;1,309;5,002;5,002;5,002;5,002;5,000;4,999;5,002;5,001;5,002;5,001;24,50;23,94;24,75;25,69;24,87;25,31;2100;2100;
2026-07-07 16:03:17;398228;RUNNING;0;4;1,310;1,308;1,321;1,301;1,306;1,301;1,306;1,320;1,312;1,309;5,002;5,002;5,002;5,002;5,000;4,999;5,002;4,999;5,002;5,001;24,44;23,94;24,75;25,69;24,87;25,31;2100;2100;
2026-07-07 16:03:18;399228;RUNNING;0;4;1,310;1,307;1,321;1,301;1,306;1,301;1,306;1,320;1,312;1,309;5,002;5,002;5,000;5,002;5,000;4,999;5,002;5,001;5,002;5,001;24,50;23,94;24,75;25,69;24,87;25,31;2100;2100;
2026-07-07 16:03:19;400228;RUNNING;0;4;1,310;1,308;1,322;1,301;1,306;1,301;1,306;1,320;1,312;1,310;5,002;5,002;5,000;5,000;5,002;4,997;5,002;5,001;5,004;5,001;24,50;23,94;24,75;25,69;24,94;25,31;2100;2400;
2026-07-07 16:03:20;401228;RUNNING;0;4;1,310;1,308;1,321;1,301;1,307;1,301;1,306;1,320;1,312;1,309;5,002;5,002;5,002;5,002;5,000;4,999;5,002;5,001;5,002;5,001;24,50;23,94;24,75;25,69;24,94;25,31;2400;2100;
2026-07-07 16:03:21;402228;RUNNING;0;4;1,310;1,307;1,322;1,301;1,306;1,301;1,306;1,320;1,312;1,310;5,002;5,002;5,002;5,002;5,002;4,999;5,002;5,001;5,002;5,003;24,50;24,00;24,75;25,75;24,94;25,31;2100;2100;
2026-07-07 16:03:22;403228;RUNNING;0;4;1,311;1,307;1,321;1,301;1,305;1,301;1,306;1,320;1,312;1,311;5,002;5,002;5,002;5,002;5,002;4,999;5,002;5,001;5,002;5,001;24,50;23,94;24,75;25,69;24,94;25,31;1800;2100;
2026-07-07 16:03:23;404228;RUNNING;0;4;1,310;1,307;1,322;1,301;1,306;1,301;1,306;1,320;1,312;1,309;5,002;5,002;5,002;5,002;5,000;4,999;5,002;5,001;5,002;5,001;24,50;23,94;24,75;25,75;24,94;25,37;2100;2100;
2026-07-07 16:03:24;405228;RUNNING;0;4;1,310;1,308;1,322;1,301;1,306;1,301;1,306;1,320;1,313;1,310;5,004;5,002;5,002;5,002;5,002;4,999;5,002;5,001;5,002;5,001;24,50;23,94;24,75;25,75;24,94;25,31;2100;2100;
2026-07-07 16:03:25;406228;RUNNING;0;4;1,310;1,307;1,321;1,301;1,307;1,301;1,306;1,320;1,312;1,310;5,004;5,002;5,000;5,002;5,000;4,999;5,002;5,001;5,002;5,001;24,50;23,94;24,75;25,69;24,94;25,31;2100;2100;
2026-07-07 16:03:26;407228;RUNNING;0;4;1,310;1,308;1,322;1,301;1,306;1,301;1,306;1,320;1,312;1,310;5,002;5,004;5,000;5,002;5,000;4,999;5,002;5,001;5,002;5,003;24,50;23,94;24,75;25,69;24,94;25,31;2100;2100;
2026-07-07 16:03:27;408228;RUNNING;0;4;1,310;1,307;1,322;1,301;1,306;1,301;1,306;1,321;1,311;1,310;5,002;5,002;5,002;5,002;5,004;4,999;5,002;5,001;5,000;5,001;24,50;23,94;24,75;25,69;24,87;25,31;2100;2100;
2026-07-07 16:03:28;409228;RUNNING;0;4;1,310;1,308;1,322;1,301;1,305;1,301;1,305;1,320;1,311;1,309;5,004;5,002;5,000;5,002;5,000;4,999;5,003;5,001;5,000;5,001;24,50;23,94;24,75;25,69;24,94;25,31;2100;2100;
2026-07-07 16:03:29;410228;RUNNING;0;4;1,311;1,308;1,322;1,301;1,306;1,301;1,305;1,321;1,311;1,310;5,002;5,002;5,002;5,002;5,002;4,999;5,003;5,001;5,000;5,003;24,50;23,94;24,75;25,69;24,94;25,31;2100;2100;
2026-07-07 16:03:30;411228;RUNNING;0;4;1,311;1,308;1,322;1,301;1,306;1,301;1,306;1,320;1,311;1,309;5,002;5,002;5,002;5,002;5,000;4,997;5,002;5,001;4,999;5,001;24,50;23,94;24,75;25,69;24,94;25,31;2100;2100;
2026-07-07 16:03:31;412228;RUNNING;0;4;1,310;1,308;1,322;1,301;1,307;1,301;1,306;1,320;1,311;1,310;5,004;5,002;5,000;5,002;5,000;4,999;5,002;5,001;4,999;5,001;24,50;23,94;24,75;25,69;24,94;25,31;2100;2100;
2026-07-07 16:03:32;413228;RUNNING;0;4;1,310;1,307;1,322;1,301;1,305;1,302;1,306;1,320;1,312;1,309;5,002;5,002;5,000;5,002;5,002;4,999;5,002;5,001;5,000;5,003;24,50;23,94;24,75;25,69;24,94;25,31;2100;2100;
2026-07-07 16:03:33;414228;RUNNING;0;4;1,310;1,307;1,322;1,301;1,306;1,301;1,306;1,320;1,312;1,310;5,002;5,002;5,002;5,002;5,000;4,999;5,002;5,002;5,000;5,003;24,50;23,94;24,75;25,69;24,87;25,31;2100;1800;
2026-07-07 16:03:34;415228;RUNNING;0;4;1,310;1,308;1,322;1,301;1,307;1,301;1,306;1,320;1,311;1,310;5,004;5,002;5,000;5,002;5,000;4,999;5,002;5,001;5,000;5,003;24,50;23,94;24,75;25,69;24,94;25,31;2100;2100;
2026-07-07 16:03:35;416228;RUNNING;0;4;1,310;1,307;1,321;1,301;1,306;1,301;1,306;1,320;1,312;1,309;5,002;5,002;5,002;5,002;5,000;4,999;5,002;5,001;5,000;5,003;24,50;23,94;24,75;25,69;24,87;25,31;1800;2100;
2026-07-07 16:03:36;417228;RUNNING;0;4;1,310;1,308;1,322;1,301;1,306;1,301;1,306;1,320;1,311;1,309;5,002;5,002;5,000;5,003;5,002;4,999;5,002;5,001;4,999;5,003;24,50;23,94;24,75;25,69;24,87;25,31;2100;2100;
2026-07-07 16:03:37;418228;RUNNING;0;4;1,311;1,308;1,321;1,301;1,306;1,301;1,306;1,321;1,312;1,310;5,004;5,002;5,000;5,002;5,002;4,999;5,002;5,001;5,000;5,001;24,50;23,94;24,75;25,69;24,87;25,31;2100;2100;
2026-07-07 16:03:38;419228;RUNNING;0;4;1,311;1,308;1,322;1,301;1,306;1,301;1,306;1,321;1,312;1,311;5,002;5,004;5,002;5,002;5,002;4,999;5,002;5,001;5,000;5,003;24,50;23,94;24,75;25,69;24,87;25,31;2400;2100;
2026-07-07 16:03:39;420228;RUNNING;0;4;1,310;1,307;1,322;1,301;1,306;1,301;1,306;1,320;1,311;1,309;5,004;5,002;5,002;5,002;5,000;4,997;5,002;5,001;5,000;5,001;24,50;23,94;24,75;25,75;24,87;25,31;2400;2100;
2026-07-07 16:03:40;421228;RUNNING;0;4;1,310;1,307;1,321;1,301;1,306;1,301;1,306;1,320;1,311;1,310;5,004;5,004;5,000;5,002;5,002;4,999;5,002;5,001;4,999;5,003;24,44;23,94;24,75;25,69;24,87;25,31;2100;2100;
2026-07-07 16:03:41;422228;RUNNING;0;4;1,310;1,308;1,322;1,301;1,305;1,301;1,306;1,320;1,311;1,310;5,002;5,002;5,000;5,002;5,002;4,999;5,000;5,001;5,000;5,003;24,44;23,94;24,75;25,69;24,87;25,31;2100;2100;
2026-07-07 16:03:42;423228;RUNNING;0;4;1,311;1,308;1,322;1,301;1,306;1,301;1,306;1,320;1,311;1,310;5,002;5,002;5,002;5,002;5,000;4,999;5,002;5,001;5,000;5,003;24,50;23,94;24,75;25,69;24,87;25,31;2100;1800;
2026-07-07 16:03:43;424228;RUNNING;0;4;1,310;1,308;1,322;1,301;1,306;1,301;1,306;1,320;1,311;1,311;5,002;5,002;5,000;5,002;5,002;5,001;5,003;5,002;5,000;5,003;24,50;23,94;24,75;25,69;24,87;25,31;2100;2100;
2026-07-07 16:03:44;425228;RUNNING;0;4;1,310;1,308;1,322;1,301;1,306;1,302;1,306;1,320;1,311;1,308;5,002;5,002;5,000;5,002;5,002;4,999;5,003;5,001;5,000;5,001;24,44;23,94;24,75;25,69;24,87;25,31;2100;2100;
2026-07-07 16:03:45;426228;RUNNING;0;4;1,310;1,307;1,322;1,301;1,307;1,301;1,306;1,320;1,311;1,310;5,000;5,004;5,002;5,002;5,002;5,001;5,003;5,001;5,000;5,003;24,50;23,94;24,75;25,69;24,87;25,31;2100;2100;
2026-07-07 16:03:46;427228;RUNNING;0;4;1,310;1,308;1,322;1,301;1,307;1,301;1,306;1,321;1,312;1,309;5,000;5,004;5,002;5,002;5,002;4,999;5,002;5,001;5,000;5,003;24,50;23,94;24,75;25,69;24,87;25,31;2100;2100;
2026-07-07 16:03:47;428228;RUNNING;0;4;1,310;1,308;1,322;1,301;1,307;1,301;1,305;1,320;1,312;1,310;5,000;5,002;5,002;5,002;5,002;4,997;5,002;5,001;5,000;5,001;24,50;23,94;24,75;25,69;24,87;25,31;2100;2100;
2026-07-07 16:03:48;429228;RUNNING;0;4;1,310;1,307;1,322;1,301;1,306;1,302;1,306;1,320;1,311;1,311;5,000;5,002;5,002;5,002;5,002;4,999;5,002;5,001;5,000;5,003;24,44;23,94;24,69;25,69;24,87;25,31;1800;2100;
2026-07-07 16:03:49;430228;RUNNING;0;4;1,310;1,307;1,321;1,301;1,306;1,301;1,306;1,320;1,312;1,310;5,000;5,004;5,000;5,002;5,002;4,999;5,002;5,001;5,000;5,003;24,50;23,94;24,69;25,69;24,87;25,31;2100;2100;
2026-07-07 16:03:50;431228;RUNNING;0;4;1,310;1,308;1,322;1,301;1,307;1,302;1,306;1,321;1,311;1,310;5,000;5,002;5,002;5,002;5,000;4,999;5,002;5,001;5,000;5,003;24,44;23,94;24,75;25,69;24,87;25,31;2100;1800;
2026-07-07 16:03:51;432228;RUNNING;0;4;1,310;1,308;1,322;1,301;1,306;1,301;1,306;1,320;1,312;1,310;5,002;5,004;5,000;5,003;5,002;4,999;5,002;5,001;5,000;5,003;24,50;23,94;24,75;25,69;24,87;25,31;2100;2100;
2026-07-07 16:03:52;433228;RUNNING;0;4;1,310;1,308;1,322;1,301;1,306;1,302;1,306;1,320;1,312;1,311;5,000;5,002;5,002;5,002;5,002;5,003;5,002;5,001;5,000;5,003;24,50;23,94;24,75;25,69;24,87;25,31;2100;2100;
2026-07-07 16:03:53;434228;RUNNING;0;4;1,310;1,308;1,321;1,301;1,307;1,302;1,306;1,320;1,312;1,310;5,000;5,004;5,002;5,002;5,002;5,003;5,002;5,001;5,000;5,003;24,50;23,94;24,75;25,69;24,87;25,31;2100;2100;
2026-07-07 16:03:54;435228;RUNNING;0;4;1,310;1,308;1,322;1,301;1,306;1,302;1,306;1,321;1,312;1,310;5,000;5,004;5,000;5,002;5,000;5,003;5,002;5,001;4,999;5,001;24,50;23,94;24,75;25,69;24,87;25,31;2100;2100;
2026-07-07 16:03:55;436228;RUNNING;0;4;1,310;1,308;1,322;1,301;1,306;1,302;1,306;1,320;1,312;1,309;5,000;5,004;5,002;5,002;5,002;5,001;5,002;5,001;5,000;5,003;24,44;23,94;24,75;25,69;24,87;25,31;2100;2100;
2026-07-07 16:03:56;437229;RUNNING;0;4;1,310;1,308;1,322;1,301;1,307;1,302;1,306;1,321;1,312;1,310;5,000;5,002;5,002;5,002;5,000;5,003;5,002;5,001;4,999;5,004;24,44;23,94;24,75;25,69;24,87;25,31;2100;2100;
2026-07-07 16:03:57;438328;RUNNING;0;4;1,310;1,307;1,322;1,301;1,306;1,302;1,306;1,320;1,311;1,310;5,000;5,004;5,000;5,003;5,000;5,001;5,002;5,001;5,000;4,999;24,50;23,94;24,75;25,69;24,87;25,31;2100;2100;
2026-07-07 16:03:58;439328;RUNNING;0;4;1,310;1,308;1,321;1,301;1,307;1,302;1,306;1,320;1,311;1,309;5,000;5,004;5,002;5,002;5,002;5,003;5,002;5,001;5,000;5,001;24,50;23,94;24,75;25,69;24,87;25,31;1800;2100;
2026-07-07 16:03:59;440328;RUNNING;0;4;1,310;1,307;1,323;1,301;1,307;1,302;1,306;1,320;1,311;1,310;5,000;5,002;5,002;5,002;5,002;5,001;5,002;5,001;5,000;4,999;24,50;23,94;24,69;25,69;24,87;25,31;2100;1800;
2026-07-07 16:04:00;441328;RUNNING;0;4;1,310;1,308;1,322;1,301;1,306;1,302;1,306;1,320;1,311;1,308;5,000;5,002;5,002;5,002;5,002;5,001;5,002;5,001;4,999;5,001;24,50;23,94;24,75;25,69;24,87;25,31;2100;2100;
2026-07-07 16:04:01;442328;RUNNING;0;4;1,310;1,308;1,322;1,301;1,306;1,302;1,306;1,320;1,312;1,309;5,000;5,002;5,002;5,002;5,000;5,003;5,002;5,001;5,000;4,999;24,50;23,94;24,75;25,69;24,87;25,31;2100;2100;
2026-07-07 16:04:02;443328;RUNNING;0;4;1,310;1,308;1,322;1,301;1,306;1,302;1,306;1,320;1,312;1,310;5,000;5,002;5,002;5,002;5,002;5,003;5,002;5,002;5,000;4,999;24,50;23,94;24,75;25,69;24,87;25,31;2100;2100;
2026-07-07 16:04:03;444328;RUNNING;0;4;1,310;1,308;1,321;1,301;1,306;1,302;1,306;1,320;1,312;1,310;5,000;5,004;5,002;5,002;5,002;5,003;5,002;5,001;5,000;4,999;24,50;23,94;24,69;25,69;24,87;25,31;2100;2400;
2026-07-07 16:04:04;445328;RUNNING;0;4;1,310;1,307;1,322;1,301;1,306;1,302;1,306;1,320;1,312;1,310;4,998;5,002;5,000;5,002;5,000;5,001;5,002;5,001;5,000;5,001;24,50;23,94;24,75;25,69;24,87;25,31;2100;2100;
2026-07-07 16:04:05;446328;RUNNING;0;4;1,310;1,307;1,322;1,301;1,307;1,302;1,306;1,320;1,312;1,309;5,000;5,004;5,002;5,002;5,002;5,003;5,002;5,002;4,999;4,999;24,50;23,94;24,75;25,69;24,87;25,31;2100;2100;
2026-07-07 16:04:06;447328;RUNNING;0;4;1,310;1,308;1,322;1,301;1,307;1,302;1,306;1,321;1,311;1,309;5,000;5,002;5,000;5,003;5,002;5,001;5,002;5,001;5,002;4,999;24,50;23,94;24,75;25,69;24,87;25,31;2100;2100;
2026-07-07 16:04:07;448328;RUNNING;0;4;1,310;1,308;1,322;1,301;1,306;1,302;1,305;1,320;1,311;1,310;5,000;5,004;5,002;5,002;5,000;5,001;5,002;5,001;5,000;4,999;24,50;23,87;24,75;25,69;24,87;25,31;2100;2100;
2026-07-07 16:04:08;449328;RUNNING;0;4;1,310;1,308;1,322;1,301;1,306;1,302;1,306;1,321;1,312;1,310;5,000;5,004;5,002;5,002;5,000;5,003;5,002;5,001;5,000;5,001;24,50;23,94;24,75;25,69;24,87;25,31;1800;1800;
2026-07-07 16:04:09;450328;RUNNING;0;4;1,310;1,308;1,323;1,301;1,306;1,302;1,306;1,321;1,312;1,309;5,000;5,004;5,002;5,002;5,002;5,003;5,002;5,001;5,000;5,001;24,50;23,94;24,75;25,69;24,87;25,31;2100;2100;
2026-07-07 16:04:10;451328;RUNNING;0;4;1,310;1,308;1,322;1,302;1,306;1,302;1,306;1,320;1,312;1,309;4,998;5,004;5,004;5,002;5,002;5,003;5,002;5,001;5,000;4,999;24,50;23,94;24,75;25,69;24,87;25,31;2100;2100;
2026-07-07 16:04:11;452328;RUNNING;0;4;1,310;1,308;1,321;1,301;1,306;1,302;1,306;1,320;1,312;1,309;5,000;5,002;5,002;5,000;5,000;5,003;5,002;4,999;5,000;5,001;24,50;23,94;24,75;25,69;24,87;25,31;2100;2100;
2026-07-07 16:04:12;453328;RUNNING;0;4;1,310;1,308;1,322;1,301;1,306;1,302;1,306;1,320;1,311;1,309;5,000;5,002;5,002;5,002;5,002;5,003;5,002;5,001;5,000;4,999;24,50;23,94;24,75;25,69;24,87;25,31;2100;2100;
2026-07-07 16:04:13;454328;RUNNING;0;4;1,310;1,308;1,321;1,301;1,306;1,302;1,306;1,320;1,311;1,310;5,000;5,002;5,002;5,002;5,000;5,001;5,000;5,001;5,000;4,999;24,50;23,94;24,75;25,69;24,87;25,31;2100;2100;
2026-07-07 16:04:14;455328;RUNNING;0;4;1,310;1,308;1,322;1,301;1,305;1,302;1,306;1,320;1,311;1,310;5,000;5,004;5,002;5,002;5,000;5,003;5,002;5,001;5,000;5,001;24,50;23,87;24,75;25,69;24,87;25,31;2100;2100;
2026-07-07 16:04:15;456328;RUNNING;0;4;1,310;1,308;1,322;1,301;1,307;1,302;1,306;1,320;1,312;1,309;5,000;5,004;5,002;5,002;5,002;5,003;5,002;5,001;5,000;5,001;24,50;23,87;24,75;25,75;24,87;25,31;2100;2100;
2026-07-07 16:04:16;457328;RUNNING;0;4;1,310;1,307;1,322;1,301;1,306;1,302;1,306;1,321;1,312;1,310;5,000;5,000;5,002;5,000;5,002;5,003;5,002;5,002;5,000;5,001;24,50;23,94;24,75;25,69;24,87;25,31;2100;2100;
2026-07-07 16:04:17;458328;RUNNING;0;4;1,310;1,307;1,322;1,301;1,307;1,302;1,306;1,320;1,312;1,309;4,998;5,000;5,002;5,002;5,000;5,003;5,002;5,001;5,000;4,999;24,50;23,87;24,75;25,75;24,87;25,31;2100;2100;
2026-07-07 16:04:18;459328;RUNNING;0;4;1,310;1,307;1,322;1,301;1,306;1,302;1,306;1,321;1,311;1,309;5,000;5,002;5,000;5,002;5,002;4,999;5,002;5,001;5,000;4,999;24,50;23,94;24,75;25,69;24,81;25,25;2100;2100;
2026-07-07 16:04:19;460328;RUNNING;0;4;1,310;1,307;1,322;1,301;1,306;1,302;1,306;1,321;1,312;1,309;5,000;5,000;5,000;5,002;5,002;4,999;5,002;5,001;5,000;5,001;24,50;23,94;24,75;25,69;24,87;25,31;2100;2100;
2026-07-07 16:04:20;461328;RUNNING;0;4;1,310;1,307;1,322;1,301;1,306;1,301;1,306;1,321;1,312;1,309;5,000;5,000;5,002;5,002;5,002;4,999;5,002;5,001;5,000;5,001;24,50;23,87;24,75;25,69;24,87;25,31;2100;2100;
2026-07-07 16:04:21;462328;RUNNING;0;4;1,310;1,307;1,322;1,301;1,306;1,301;1,306;1,321;1,311;1,309;5,000;5,002;5,002;5,003;5,002;4,999;5,002;5,001;5,000;4,999;24,50;23,94;24,75;25,69;24,87;25,31;2100;2100;
2026-07-07 16:04:22;463328;RUNNING;0;4;1,310;1,307;1,322;1,301;1,307;1,301;1,306;1,321;1,312;1,310;5,000;5,000;5,002;5,002;5,002;5,001;5,002;5,001;5,000;5,001;24,50;23,94;24,75;25,75;24,87;25,31;2100;2100;
2026-07-07 16:04:23;464328;RUNNING;0;4;1,310;1,307;1,322;1,302;1,306;1,302;1,306;1,320;1,312;1,309;5,002;5,002;5,002;5,002;5,000;4,999;5,002;5,001;5,000;4,999;24,50;23,94;24,75;25,69;24,87;25,31;2100;2100;
2026-07-07 16:04:24;465328;RUNNING;0;4;1,310;1,307;1,322;1,302;1,306;1,301;1,305;1,320;1,312;1,309;5,000;5,000;5,002;5,002;5,002;4,999;5,002;5,001;5,000;4,999;24,50;23,94;24,75;25,69;24,87;25,31;2100;2100;
2026-07-07 16:04:25;466328;RUNNING;0;4;1,310;1,307;1,322;1,301;1,306;1,302;1,306;1,321;1,311;1,309;5,000;5,000;5,002;5,003;5,002;4,999;5,002;5,001;5,000;4,999;24,50;23,87;24,75;25,75;24,87;25,31;2100;1800;
2026-07-07 16:04:26;467328;RUNNING;0;4;1,310;1,307;1,322;1,301;1,306;1,302;1,306;1,320;1,312;1,310;5,000;5,000;5,000;5,002;5,002;4,999;5,002;5,001;5,000;5,001;24,50;23,87;24,75;25,75;24,87;25,31;2100;2100;
2026-07-07 16:04:27;468328;RUNNING;0;4;1,310;1,307;1,322;1,301;1,306;1,302;1,306;1,321;1,312;1,310;5,000;5,002;5,002;5,003;5,000;4,999;5,002;5,001;5,000;4,999;24,50;23,87;24,75;25,75;24,87;25,31;2100;2100;
2026-07-07 16:04:28;469328;RUNNING;0;4;1,310;1,307;1,322;1,301;1,306;1,302;1,306;1,320;1,312;1,310;5,000;5,000;5,002;5,002;5,000;4,999;5,002;5,001;5,000;5,001;24,50;23,94;24,75;25,69;24,87;25,25;2100;2100;
2026-07-07 16:04:29;470328;RUNNING;0;4;1,310;1,307;1,322;1,301;1,306;1,301;1,306;1,320;1,311;1,310;5,000;5,000;5,000;5,002;5,002;4,999;5,002;5,001;5,002;5,001;24,50;23,87;24,75;25,69;24,87;25,31;2100;2100;
2026-07-07 16:04:30;471328;RUNNING;0;4;1,310;1,307;1,322;1,301;1,306;1,301;1,306;1,320;1,312;1,309;5,000;5,000;5,002;5,002;5,002;4,999;5,003;5,001;5,000;5,001;24,50;23,94;24,75;25,69;24,81;25,31;1800;2100;
2026-07-07 16:04:31;472328;RUNNING;0;4;1,310;1,307;1,322;1,301;1,306;1,301;1,306;1,321;1,311;1,310;5,000;5,000;5,002;5,002;5,000;4,999;5,002;5,001;5,002;5,001;24,50;23,94;24,75;25,75;24,87;25,31;2100;2100;
2026-07-07 16:04:32;473328;RUNNING;0;4;1,310;1,307;1,322;1,301;1,306;1,302;1,306;1,321;1,312;1,310;5,000;5,002;5,000;5,002;5,002;5,001;5,002;5,001;5,000;5,001;24,50;23,87;24,75;25,75;24,87;25,31;2100;2100;
2026-07-07 16:04:33;474328;RUNNING;0;4;1,310;1,307;1,322;1,301;1,306;1,301;1,306;1,321;1,312;1,309;5,000;5,000;5,000;5,002;5,000;4,999;5,002;5,001;5,000;5,001;24,50;23,87;24,75;25,69;24,87;25,31;2100;2100;
2026-07-07 16:04:34;475328;RUNNING;0;4;1,310;1,307;1,322;1,301;1,307;1,302;1,306;1,321;1,311;1,310;5,000;5,000;5,002;5,003;5,000;4,999;5,002;5,001;4,999;5,001;24,50;23,87;24,75;25,69;24,87;25,31;2100;1800;
2026-07-07 16:04:35;476328;RUNNING;0;4;1,310;1,307;1,322;1,301;1,306;1,302;1,306;1,320;1,311;1,309;5,000;5,000;5,000;5,002;5,002;4,999;5,002;5,001;5,000;5,001;24,50;23,87;24,75;25,69;24,87;25,31;2100;2100;
2026-07-07 16:04:36;477328;RUNNING;0;4;1,310;1,308;1,322;1,301;1,306;1,302;1,306;1,320;1,312;1,310;4,998;5,000;5,002;5,002;5,000;5,001;5,002;5,001;5,000;5,001;24,50;23,87;24,75;25,69;24,87;25,31;2100;2100;
2026-07-07 16:04:37;478328;RUNNING;0;4;1,310;1,307;1,322;1,301;1,306;1,301;1,306;1,321;1,312;1,310;5,000;5,002;5,002;5,002;5,002;4,999;5,002;5,001;5,000;5,001;24,50;23,87;24,75;25,75;24,87;25,31;2100;2100;
2026-07-07 16:04:38;479328;RUNNING;0;4;1,310;1,308;1,322;1,301;1,307;1,301;1,306;1,321;1,311;1,310;5,000;5,000;5,002;5,002;5,002;5,001;5,002;5,001;5,000;5,001;24,50;23,87;24,75;25,75;24,87;25,31;2100;2100;
2026-07-07 16:04:39;480328;RUNNING;0;4;1,310;1,307;1,322;1,301;1,307;1,302;1,306;1,321;1,312;1,311;5,000;5,000;5,000;5,002;5,002;5,001;5,002;5,001;5,000;5,001;24,50;23,94;24,75;25,69;24,87;25,31;2100;2100;
2026-07-07 16:04:40;481328;RUNNING;0;4;1,310;1,307;1,322;1,301;1,306;1,302;1,306;1,321;1,312;1,309;4,998;5,002;5,002;5,002;5,000;5,001;5,002;5,001;5,000;5,001;24,50;23,94;24,75;25,69;24,87;25,31;2100;2100;
2026-07-07 16:04:41;482328;RUNNING;0;4;1,310;1,307;1,322;1,301;1,306;1,301;1,306;1,321;1,311;1,309;5,000;5,000;4,999;5,003;5,002;4,999;5,003;5,001;5,000;5,001;24,50;23,87;24,75;25,75;24,87;25,31;2100;2100;
2026-07-07 16:04:42;483328;RUNNING;0;4;1,310;1,307;1,322;1,301;1,306;1,301;1,305;1,320;1,311;1,309;5,000;5,000;5,002;5,003;5,000;5,001;5,002;5,001;5,000;5,001;24,50;23,94;24,75;25,75;24,87;25,31;1800;2100;
2026-07-07 16:04:43;484328;RUNNING;0;4;1,310;1,307;1,321;1,301;1,306;1,301;1,306;1,320;1,312;1,308;5,000;5,000;5,002;5,003;5,002;4,999;5,002;5,001;5,000;5,001;24,50;23,87;24,75;25,75;24,87;25,31;2100;2100;
2026-07-07 16:04:44;485328;RUNNING;0;4;1,310;1,307;1,322;1,301;1,306;1,302;1,306;1,321;1,312;1,310;5,000;5,000;5,002;5,003;5,000;5,001;5,002;5,002;5,000;5,001;24,50;23,94;24,75;25,75;24,87;25,31;2100;2100;
2026-07-07 16:04:45;486328;RUNNING;0;4;1,310;1,307;1,322;1,301;1,305;1,301;1,306;1,321;1,312;1,309;5,000;5,000;5,002;5,003;5,002;4,999;5,002;5,001;5,000;5,001;24,50;23,87;24,75;25,75;24,87;25,31;2100;2100;
2026-07-07 16:04:46;487328;RUNNING;0;4;1,310;1,307;1,322;1,301;1,305;1,302;1,306;1,321;1,312;1,309;5,000;5,002;5,002;5,002;5,002;5,001;5,002;5,001;5,000;5,001;24,50;23,94;24,75;25,75;24,87;25,31;2100;2100;
2026-07-07 16:04:47;488328;RUNNING;0;4;1,310;1,307;1,322;1,301;1,306;1,302;1,306;1,321;1,312;1,311;5,002;5,002;5,000;5,003;5,002;5,001;5,002;5,002;5,000;5,001;24,50;23,87;24,75;25,75;24,87;25,31;2100;2100;
2026-07-07 16:04:48;489328;RUNNING;0;4;1,310;1,307;1,321;1,301;1,306;1,301;1,306;1,321;1,311;1,309;5,000;5,002;5,002;5,002;5,000;4,999;5,002;5,002;5,000;5,001;24,50;23,94;24,75;25,75;24,87;25,31;2100;2100;
2026-07-07 16:04:49;490328;RUNNING;0;4;1,310;1,307;1,322;1,301;1,306;1,301;1,306;1,321;1,312;1,310;5,000;5,000;5,002;5,002;5,000;5,001;5,002;5,002;5,000;5,001;24,50;23,94;24,75;25,75;24,87;25,31;2100;2100;
2026-07-07 16:04:50;491328;RUNNING;0;4;1,310;1,308;1,321;1,301;1,306;1,301;1,306;1,321;1,312;1,310;5,000;4,998;5,002;5,002;5,000;4,999;5,002;5,001;5,000;5,001;24,50;23,94;24,75;25,75;24,87;25,31;2100;2100;
2026-07-07 16:04:51;492328;RUNNING;0;4;1,310;1,307;1,322;1,301;1,306;1,301;1,306;1,320;1,312;1,309;5,000;5,000;5,002;5,002;5,002;4,999;5,002;5,001;5,000;5,001;24,50;23,94;24,75;25,75;24,87;25,31;2100;2100;
2026-07-07 16:04:52;493328;RUNNING;0;4;1,310;1,308;1,322;1,301;1,306;1,301;1,306;1,320;1,311;1,309;5,000;5,000;5,002;5,003;5,002;5,001;5,002;5,001;5,000;5,001;24,50;23,94;24,75;25,75;24,87;25,31;1800;2100;
2026-07-07 16:04:53;494328;RUNNING;0;4;1,310;1,307;1,321;1,301;1,307;1,301;1,306;1,320;1,312;1,309;5,000;5,002;5,002;5,002;5,002;4,999;5,002;5,001;5,000;5,001;24,50;23,94;24,75;25,69;24,87;25,31;2100;2100;
2026-07-07 16:04:54;495328;RUNNING;0;4;1,310;1,307;1,322;1,301;1,306;1,302;1,306;1,321;1,311;1,310;5,002;5,002;5,002;5,002;5,002;5,001;5,002;5,002;5,000;5,001;24,50;23,94;24,75;25,75;24,87;25,31;2100;2100;
2026-07-07 16:04:55;496328;RUNNING;0;4;1,310;1,307;1,322;1,301;1,306;1,302;1,306;1,321;1,312;1,309;5,000;5,002;5,002;5,003;5,002;4,999;5,002;5,001;5,000;5,001;24,50;23,94;24,75;25,75;24,87;25,31;2100;2100;
2026-07-07 16:04:56;497328;RUNNING;0;4;1,310;1,307;1,321;1,301;1,306;1,302;1,306;1,321;1,312;1,309;5,000;5,000;5,002;5,003;5,002;5,001;5,002;5,002;5,000;5,001;24,50;23,94;24,75;25,75;24,87;25,31;2100;2100;
2026-07-07 16:04:57;498328;RUNNING;0;4;1,310;1,308;1,321;1,301;1,306;1,301;1,305;1,321;1,311;1,310;5,000;5,002;5,000;5,003;5,000;4,999;5,000;5,001;5,002;5,001;24,50;23,94;24,75;25,75;24,94;25,31;2100;2100;
2026-07-07 16:04:58;499328;RUNNING;0;4;1,310;1,307;1,322;1,301;1,306;1,301;1,306;1,320;1,312;1,309;5,000;5,000;5,000;5,003;5,000;5,001;5,003;5,002;5,000;5,001;24,50;23,94;24,75;25,75;24,87;25,31;2100;2100;
2026-07-07 16:04:59;500328;RUNNING;0;4;1,310;1,307;1,321;1,302;1,306;1,301;1,306;1,320;1,312;1,309;5,000;5,000;5,002;5,002;5,000;4,999;5,002;5,002;5,000;5,001;24,50;23,94;24,75;25,75;24,87;25,31;2100;2100;
2026-07-07 16:05:00;501328;RUNNING;0;4;1,310;1,307;1,322;1,302;1,307;1,302;1,307;1,321;1,311;1,309;5,000;5,002;5,002;5,003;5,002;4,999;5,002;5,001;5,002;5,001;24,50;23,94;24,75;25,75;24,87;25,31;2100;2100;
2026-07-07 16:05:01;502328;RUNNING;0;4;1,310;1,307;1,322;1,301;1,306;1,302;1,306;1,321;1,312;1,309;5,002;5,002;5,002;5,002;5,002;5,001;5,002;5,002;5,000;5,001;24,50;23,94;24,81;25,75;24,94;25,31;1800;2100;
2026-07-07 16:05:02;503328;RUNNING;0;4;1,310;1,307;1,322;1,301;1,307;1,301;1,306;1,320;1,312;1,310;5,000;5,000;5,002;5,002;5,002;4,999;5,002;5,002;5,002;5,001;24,50;23,94;24,81;25,75;24,87;25,37;2100;2100;
2026-07-07 16:05:03;504328;RUNNING;0;4;1,310;1,307;1,322;1,301;1,306;1,302;1,306;1,321;1,312;1,309;5,000;5,002;5,000;5,003;5,000;4,999;5,002;5,001;5,000;5,001;24,50;23,94;24,75;25,75;24,94;25,31;2100;2100;
2026-07-07 16:05:04;505328;RUNNING;0;4;1,310;1,307;1,322;1,301;1,306;1,301;1,306;1,321;1,312;1,309;4,998;5,000;4,999;5,002;5,000;5,001;5,002;5,001;5,000;5,001;24,50;23,94;24,75;25,75;24,94;25,37;2100;2100;
2026-07-07 16:05:05;506328;RUNNING;0;4;1,310;1,307;1,322;1,301;1,306;1,301;1,306;1,321;1,311;1,309;5,000;5,002;5,000;5,002;5,002;5,001;5,002;5,001;5,002;5,001;24,50;23,94;24,75;25,75;24,94;25,31;2100;2100;
2026-07-07 16:05:06;507328;RUNNING;0;4;1,310;1,308;1,321;1,301;1,307;1,302;1,307;1,321;1,312;1,310;5,000;5,002;5,002;5,002;5,000;4,999;5,003;5,001;5,000;5,001;24,50;24,00;24,81;25,75;24,94;25,37;2100;2100;
2026-07-07 16:05:07;508328;RUNNING;0;4;1,310;1,307;1,321;1,301;1,307;1,301;1,306;1,320;1,312;1,310;5,000;5,002;5,002;5,003;5,002;4,999;5,002;5,002;5,000;5,001;24,50;23,94;24,81;25,75;24,94;25,37;2100;2100;
2026-07-07 16:05:08;509328;RUNNING;0;4;1,310;1,308;1,322;1,301;1,306;1,302;1,306;1,320;1,312;1,309;5,000;5,002;5,000;5,002;5,000;5,001;5,003;5,001;5,002;5,001;24,50;23,94;24,81;25,75;24,94;25,37;2100;1800;
2026-07-07 16:05:09;510328;RUNNING;0;4;1,310;1,307;1,322;1,301;1,306;1,302;1,306;1,321;1,312;1,310;5,000;5,000;5,002;5,002;5,002;5,001;5,002;5,002;5,000;5,001;24,50;24,00;24,81;25,75;24,94;25,37;1800;2400;
2026-07-07 16:05:10;511328;RUNNING;0;4;1,310;1,307;1,322;1,301;1,306;1,302;1,306;1,321;1,312;1,309;5,000;5,000;5,002;5,003;5,002;4,999;5,002;5,001;5,002;5,001;24,50;24,00;24,75;25,75;24,94;25,37;2100;2100;
2026-07-07 16:05:11;512328;RUNNING;0;4;1,310;1,308;1,322;1,301;1,307;1,302;1,306;1,321;1,312;1,310;5,000;5,002;5,002;5,003;5,002;5,001;5,002;5,002;5,002;5,001;24,50;24,00;24,75;25,75;24,94;25,37;2100;2100;
2026-07-07 16:05:12;513328;RUNNING;0;4;1,310;1,307;1,322;1,301;1,306;1,302;1,306;1,321;1,312;1,310;5,000;5,002;5,000;5,003;5,002;4,999;5,002;5,001;5,000;5,003;24,50;24,00;24,75;25,75;24,94;25,37;2100;2400;
2026-07-07 16:05:13;514328;RUNNING;0;4;1,310;1,307;1,322;1,301;1,307;1,302;1,306;1,320;1,312;1,310;5,000;5,002;5,002;5,003;5,000;5,001;5,002;5,002;5,000;5,003;24,50;24,00;24,75;25,75;24,94;25,37;2100;2100;
2026-07-07 16:05:14;515328;RUNNING;0;4;1,310;1,308;1,321;1,302;1,306;1,301;1,306;1,320;1,312;1,309;5,000;5,002;5,002;5,002;5,002;4,999;5,002;5,002;5,000;5,001;24,50;24,00;24,75;25,75;24,94;25,37;2100;2100;
2026-07-07 16:05:15;516328;RUNNING;0;4;1,310;1,307;1,322;1,301;1,306;1,302;1,306;1,321;1,312;1,309;5,000;5,002;5,002;5,003;5,002;4,999;5,002;5,001;5,000;5,001;24,56;24,00;24,75;25,75;24,94;25,37;2100;2100;
2026-07-07 16:05:16;517328;RUNNING;0;4;1,310;1,307;1,322;1,302;1,306;1,301;1,306;1,320;1,312;1,310;5,000;5,000;5,002;5,002;5,002;5,001;5,002;5,002;5,000;5,001;24,50;24,00;24,81;25,75;25,00;25,37;2100;2100;
2026-07-07 16:05:17;518328;RUNNING;0;4;1,310;1,307;1,322;1,301;1,307;1,302;1,307;1,321;1,312;1,310;5,000;5,002;5,002;5,003;5,000;5,001;5,002;5,001;5,000;5,001;24,50;24,00;24,81;25,75;24,94;25,37;2100;1800;
2026-07-07 16:05:18;519328;RUNNING;0;4;1,310;1,307;1,322;1,301;1,307;1,302;1,306;1,320;1,312;1,310;5,000;5,000;5,002;5,002;5,002;5,001;5,003;5,001;5,000;5,001;24,56;24,00;24,81;25,75;25,00;25,37;2100;2100;
2026-07-07 16:05:19;520328;RUNNING;0;4;1,310;1,308;1,322;1,301;1,307;1,302;1,306;1,321;1,312;1,310;5,000;5,000;5,000;5,003;5,000;5,001;5,002;5,001;5,002;5,001;24,50;24,00;24,81;25,75;25,00;25,37;2100;2100;
2026-07-07 16:05:20;521328;RUNNING;0;4;1,310;1,307;1,322;1,301;1,306;1,302;1,306;1,320;1,312;1,310;5,000;5,002;5,002;5,003;5,000;5,001;5,002;5,002;5,000;5,001;24,50;24,00;24,81;25,75;25,00;25,37;2100;2100;
2026-07-07 16:05:21;522328;RUNNING;0;4;1,310;1,307;1,322;1,301;1,306;1,302;1,306;1,321;1,312;1,309;5,000;5,002;5,002;5,003;5,002;4,999;5,002;5,001;5,000;4,999;24,56;24,00;24,81;25,75;25,00;25,37;2100;2100;
2026-07-07 16:05:22;523328;RUNNING;0;4;1,310;1,307;1,322;1,301;1,307;1,302;1,306;1,321;1,312;1,309;5,000;5,002;5,002;5,000;5,002;5,001;5,003;5,002;5,000;4,999;24,56;24,00;24,81;25,81;25,00;25,37;2100;2100;
2026-07-07 16:05:23;524328;RUNNING;0;4;1,310;1,308;1,322;1,301;1,307;1,301;1,306;1,321;1,312;1,309;5,000;5,000;5,002;5,003;5,000;5,001;5,002;5,002;5,000;4,999;24,56;24,00;24,81;25,75;25,00;25,37;2400;2100;
2026-07-07 16:05:24;525328;RUNNING;0;4;1,310;1,308;1,322;1,301;1,307;1,301;1,306;1,321;1,312;1,310;5,000;5,002;5,002;5,002;5,000;4,999;5,002;5,001;5,000;5,001;24,56;24,00;24,81;25,75;25,00;25,37;2100;2100;
2026-07-07 16:05:25;526328;RUNNING;0;4;1,310;1,307;1,322;1,301;1,305;1,301;1,306;1,320;1,312;1,309;5,000;5,002;5,002;5,002;5,000;4,999;5,002;4,999;5,000;5,001;24,56;24,00;24,81;25,75;25,00;25,44;2100;2100;
2026-07-07 16:05:26;527328;RUNNING;0;4;1,310;1,307;1,321;1,301;1,306;1,302;1,306;1,320;1,312;1,309;5,000;5,002;5,002;5,003;5,002;5,001;5,002;4,999;5,002;5,001;24,56;24,00;24,81;25,81;25,00;25,44;1800;2100;
2026-07-07 16:05:27;528329;RUNNING;0;4;1,310;1,307;1,322;1,301;1,307;1,302;1,307;1,320;1,312;1,308;5,000;5,002;5,002;5,005;5,002;4,999;5,003;4,997;5,002;5,003;24,56;24,06;24,81;25,75;25,00;25,37;2100;2100;
2026-07-07 16:05:28;529428;RUNNING;0;4;1,310;1,307;1,322;1,301;1,306;1,302;1,306;1,320;1,312;1,310;5,000;5,002;5,002;5,000;5,000;5,001;5,002;4,999;5,000;5,001;24,56;24,00;24,81;25,81;25,00;25,44;2100;2100;
2026-07-07 16:05:29;530428;RUNNING;0;4;1,310;1,307;1,322;1,301;1,306;1,302;1,306;1,320;1,312;1,309;5,000;5,002;5,002;5,000;5,000;5,001;5,002;4,999;5,000;5,001;24,56;24,06;24,81;25,81;25,00;25,44;2100;2100;
2026-07-07 16:05:30;531428;RUNNING;0;4;1,310;1,307;1,322;1,301;1,306;1,302;1,305;1,320;1,312;1,310;5,000;5,002;5,002;5,000;5,002;5,001;5,002;4,999;5,000;5,001;24,56;24,06;24,81;25,81;25,00;25,44;2100;2100;
2026-07-07 16:05:31;532428;RUNNING;0;4;1,310;1,307;1,322;1,301;1,307;1,301;1,306;1,320;1,312;1,311;5,000;5,002;5,002;5,000;5,002;4,999;5,003;4,999;5,000;5,001;24,56;24,06;24,81;25,81;25,00;25,44;2100;2100;
2026-07-07 16:05:32;533428;RUNNING;0;4;1,310;1,307;1,322;1,301;1,306;1,302;1,307;1,320;1,312;1,310;5,000;5,002;5,002;4,998;5,000;4,999;5,002;4,999;5,000;5,001;24,56;24,00;24,81;25,81;25,00;25,44;2100;2100;
2026-07-07 16:05:33;534428;RUNNING;0;4;1,310;1,308;1,322;1,301;1,307;1,302;1,306;1,320;1,312;1,310;5,000;5,002;5,002;4,998;5,002;5,001;5,003;4,999;5,000;5,001;24,56;24,06;24,81;25,81;25,00;25,44;2100;2100;
2026-07-07 16:05:34;535428;RUNNING;0;4;1,310;1,308;1,322;1,301;1,307;1,302;1,307;1,320;1,311;1,310;5,000;5,002;5,002;5,000;5,000;5,001;5,002;4,999;5,000;5,001;24,56;24,06;24,81;25,81;25,00;25,44;2100;1800;
2026-07-07 16:05:35;536428;RUNNING;0;4;1,310;1,308;1,322;1,301;1,306;1,301;1,307;1,320;1,312;1,310;5,000;5,002;5,002;5,000;5,002;4,997;5,002;4,997;5,000;5,001;24,56;24,00;24,81;25,81;25,00;25,44;2100;2100;
2026-07-07 16:05:36;537428;RUNNING;0;4;1,310;1,308;1,322;1,301;1,306;1,301;1,306;1,320;1,312;1,310;5,000;5,000;5,000;5,000;5,000;5,001;5,002;4,999;5,000;5,001;24,56;24,00;24,81;25,81;25,00;25,44;2100;2100;
2026-07-07 16:05:37;538428;RUNNING;0;4;1,310;1,307;1,322;1,301;1,306;1,302;1,307;1,320;1,312;1,310;5,000;5,002;5,002;5,000;5,000;5,001;5,002;4,999;5,002;5,001;24,56;24,06;24,81;25,81;25,00;25,44;2100;2100;
2026-07-07 16:05:38;539428;RUNNING;0;4;1,310;1,307;1,322;1,301;1,307;1,301;1,305;1,320;1,312;1,310;5,000;5,002;5,002;5,000;5,002;4,999;5,002;5,001;5,000;5,001;24,56;24,06;24,81;25,75;25,06;25,44;2100;2100;
2026-07-07 16:05:39;540428;RUNNING;0;4;1,310;1,307;1,322;1,301;1,306;1,302;1,306;1,320;1,312;1,309;5,000;5,002;5,002;5,000;5,000;4,999;5,003;4,999;5,000;5,001;24,56;24,06;24,81;25,81;25,00;25,44;2100;2100;
2026-07-07 16:05:40;541428;RUNNING;0;4;1,290;1,302;1,321;1,301;1,306;1,302;1,306;1,320;1,312;1,310;4,922;4,978;5,002;5,000;5,000;4,999;5,002;4,999;5,000;5,003;24,56;24,06;24,81;25,81;25,00;25,44;2100;2100;
2026-07-07 16:05:41;542428;RUNNING;0;4;1,267;1,280;1,316;1,301;1,306;1,301;1,306;1,320;1,312;1,311;4,841;4,894;4,978;5,000;5,000;5,001;5,002;4,999;5,000;5,001;24,56;24,06;24,81;25,81;25,06;25,44;2100;1800;
2026-07-07 16:05:42;543428;RUNNING;0;4;1,246;1,257;1,293;1,294;1,306;1,302;1,306;1,319;1,312;1,310;4,760;4,812;4,895;4,976;5,002;4,999;5,002;4,999;5,000;5,001;24,56;24,06;24,81;25,81;25,00;25,44;2100;2100;
2026-07-07 16:05:43;544428;RUNNING;0;4;1,224;1,236;1,272;1,273;1,300;1,301;1,306;1,320;1,312;1,309;4,677;4,729;4,813;4,892;4,977;5,001;5,003;4,999;5,002;5,001;24,56;24,06;24,81;25,81;25,00;25,44;2100;2100;
2026-07-07 16:05:44;545428;RUNNING;0;4;1,203;1,215;1,249;1,251;1,278;1,295;1,306;1,320;1,311;1,310;4,595;4,647;4,729;4,810;4,895;4,975;5,002;4,999;5,000;5,001;24,56;24,00;24,81;25,81;25,00;25,44;2100;2100;
2026-07-07 16:05:45;546428;RUNNING;0;4;1,181;1,193;1,228;1,229;1,257;1,273;1,300;1,320;1,312;1,310;4,512;4,565;4,646;4,728;4,812;4,894;4,980;4,999;5,002;5,001;24,56;24,06;24,81;25,81;25,00;25,44;2100;2100;
2026-07-07 16:05:46;547428;RUNNING;0;4;1,159;1,171;1,206;1,207;1,234;1,252;1,278;1,313;1,312;1,310;4,429;4,481;4,562;4,645;4,728;4,811;4,895;4,974;5,000;5,001;24,56;24,00;24,81;25,75;25,00;25,44;2100;2400;
2026-07-07 16:05:47;548429;RUNNING;0;4;1,138;1,150;1,183;1,186;1,213;1,230;1,256;1,292;1,306;1,309;4,348;4,399;4,481;4,563;4,645;4,730;4,814;4,894;4,977;5,001;24,56;24,06;24,81;25,81;25,00;25,44;2100;2100;
2026-07-07 16:05:48;549429;RUNNING;0;4;1,116;1,128;1,162;1,165;1,191;1,209;1,234;1,270;1,284;1,303;4,267;4,317;4,399;4,479;4,561;4,646;4,732;4,813;4,895;4,977;24,56;24,06;24,81;25,81;25,00;25,44;2100;2100;
2026-07-07 16:05:49;550429;RUNNING;0;4;1,094;1,106;1,140;1,143;1,169;1,188;1,213;1,248;1,262;1,282;4,182;4,234;4,317;4,397;4,480;4,563;4,651;4,729;4,812;4,896;24,56;24,06;24,81;25,81;25,00;25,44;2100;2400;
2026-07-07 16:05:50;551429;RUNNING;0;4;1,072;1,085;1,118;1,121;1,147;1,166;1,191;1,226;1,240;1,260;4,103;4,150;4,232;4,315;4,398;4,482;4,566;4,648;4,731;4,814;24,56;24,06;24,81;25,81;25,00;25,44;2400;2100;
2026-07-07 16:05:51;552429;RUNNING;0;4;1,050;1,062;1,095;1,099;1,126;1,144;1,169;1,204;1,219;1,238;4,020;4,070;4,150;4,231;4,315;4,399;4,485;4,565;4,648;4,731;24,56;24,00;24,81;25,81;25,00;25,44;2100;1800;
2026-07-07 16:05:52;553429;RUNNING;0;4;1,028;1,042;1,073;1,078;1,104;1,123;1,148;1,182;1,197;1,218;3,938;3,988;4,067;4,148;4,231;4,318;4,404;4,483;4,566;4,650;24,56;24,06;24,81;25,81;25,00;25,44;1800;2100;
2026-07-07 16:05:53;554429;RUNNING;0;4;1,007;1,020;1,051;1,056;1,083;1,101;1,126;1,160;1,175;1,195;3,855;3,903;3,985;4,066;4,150;4,236;4,322;4,400;4,485;4,569;24,56;24,00;24,81;25,81;25,00;25,44;2100;2100;
2026-07-07 16:05:54;555429;RUNNING;0;4;0,985;0,999;1,028;1,035;1,060;1,079;1,104;1,139;1,154;1,173;3,772;3,822;3,901;3,984;4,066;4,155;4,239;4,319;4,402;4,486;24,56;24,00;24,81;25,81;25,00;25,44;1800;1800;
2026-07-07 16:05:55;556429;RUNNING;0;4;0,963;0,976;1,007;1,013;1,039;1,057;1,082;1,116;1,132;1,151;3,691;3,739;3,820;3,899;3,985;4,072;4,158;4,237;4,320;4,406;24,56;24,00;24,81;25,81;25,00;25,44;1800;1800;
2026-07-07 16:05:56;557429;RUNNING;0;4;0,941;0,955;0,985;0,991;1,016;1,036;1,061;1,094;1,110;1,130;3,608;3,657;3,735;3,817;3,900;3,989;4,075;4,154;4,239;4,323;24,56;24,00;24,81;25,81;25,00;25,44;1800;1800;
2026-07-07 16:05:57;558429;RUNNING;0;4;0,920;0,932;0,964;0,970;0,995;1,014;1,039;1,072;1,089;1,108;3,527;3,573;3,653;3,733;3,816;3,906;3,994;4,073;4,156;4,242;24,56;24,00;24,81;25,75;25,00;25,44;2100;2100;
2026-07-07 16:05:58;559429;RUNNING;0;4;0,898;0,911;0,941;0,948;0,973;0,992;1,017;1,050;1,067;1,087;3,442;3,491;3,569;3,649;3,735;3,824;3,910;3,991;4,074;4,159;24,56;24,00;24,81;25,81;25,00;25,44;1800;1800;
2026-07-07 16:05:59;560429;RUNNING;0;4;0,875;0,890;0,919;0,926;0,951;0,971;0,995;1,028;1,045;1,064;3,359;3,406;3,484;3,567;3,651;3,743;3,827;3,907;3,993;4,077;24,56;24,00;24,81;25,75;25,00;25,44;1800;1800;
2026-07-07 16:06:00;561429;RUNNING;0;4;0,854;0,866;0,898;0,904;0,930;0,949;0,973;1,007;1,023;1,044;3,276;3,324;3,402;3,484;3,568;3,660;3,746;3,825;3,910;3,996;24,56;24,06;24,81;25,81;25,00;25,44;1800;1800;
2026-07-07 16:06:01;562429;RUNNING;0;4;0,832;0,846;0,875;0,883;0,908;0,927;0,951;0,985;1,001;1,021;3,195;3,239;3,319;3,400;3,484;3,577;3,665;3,742;3,828;3,913;24,56;24,06;24,81;25,75;25,00;25,44;1800;1800;
2026-07-07 16:06:02;563429;RUNNING;0;4;0,810;0,824;0,854;0,861;0,886;0,906;0,930;0,963;0,979;1,000;3,112;3,157;3,237;3,316;3,401;3,494;3,583;3,659;3,747;3,832;24,56;24,06;24,81;25,75;25,00;25,44;1500;1800;
2026-07-07 16:06:03;564429;RUNNING;0;4;0,789;0,802;0,831;0,839;0,864;0,885;0,909;0,940;0,958;0,978;3,029;3,075;3,155;3,234;3,318;3,410;3,500;3,578;3,664;3,749;24,62;24,00;24,81;25,75;25,00;25,44;1500;1500;
2026-07-07 16:06:04;565429;RUNNING;0;4;0,767;0,780;0,810;0,818;0,842;0,862;0,886;0,919;0,936;0,956;2,948;2,991;3,072;3,152;3,236;3,329;3,417;3,493;3,581;3,667;24,56;24,06;24,81;25,75;25,00;25,44;1800;1500;
2026-07-07 16:06:05;566429;RUNNING;0;4;0,745;0,759;0,788;0,796;0,820;0,840;0,864;0,897;0,914;0,934;2,865;2,907;2,988;3,069;3,154;3,246;3,334;3,411;3,501;3,584;24,62;24,06;24,81;25,75;25,00;25,44;1500;1800;
2026-07-07 16:06:06;567429;RUNNING;0;4;0,723;0,737;0,765;0,775;0,798;0,819;0,843;0,874;0,892;0,912;2,780;2,824;2,905;2,985;3,069;3,165;3,252;3,328;3,416;3,503;24,56;24,06;24,87;25,75;25,00;25,44;1500;1800;
2026-07-07 16:06:07;568429;RUNNING;0;4;0,702;0,715;0,744;0,753;0,778;0,797;0,820;0,852;0,870;0,891;2,700;2,742;2,823;2,901;2,988;3,083;3,171;3,247;3,333;3,418;24,56;24,06;24,87;25,75;25,00;25,44;1500;1500;
2026-07-07 16:06:08;569429;RUNNING;0;4;0,680;0,693;0,721;0,731;0,755;0,776;0,799;0,830;0,849;0,868;2,617;2,660;2,740;2,819;2,904;3,000;3,090;3,164;3,252;3,335;24,62;24,06;24,81;25,75;25,00;25,44;1500;1500;
2026-07-07 16:06:09;570429;RUNNING;0;4;0,658;0,672;0,699;0,710;0,735;0,754;0,778;0,808;0,827;0,847;2,536;2,575;2,658;2,736;2,823;2,915;3,007;3,082;3,169;3,254;24,56;24,06;24,87;25,75;25,00;25,37;1500;1500;
2026-07-07 16:06:10;571429;RUNNING;0;4;0,636;0,650;0,678;0,688;0,712;0,733;0,756;0,787;0,805;0,825;2,453;2,494;2,573;2,654;2,741;2,834;2,924;3,001;3,087;3,172;24,62;24,06;24,87;25,75;25,00;25,37;1200;1500;
2026-07-07 16:06:11;572429;RUNNING;0;4;0,615;0,629;0,655;0,667;0,691;0,711;0,734;0,765;0,784;0,803;2,372;2,407;2,491;2,570;2,657;2,753;2,842;2,918;3,004;3,091;24,62;24,06;24,81;25,75;25,00;25,37;1500;1500;
2026-07-07 16:06:12;573429;RUNNING;0;4;0,593;0,606;0,634;0,645;0,669;0,689;0,712;0,743;0,762;0,782;2,289;2,325;2,407;2,486;2,574;2,669;2,761;2,835;2,923;3,008;24,56;24,06;24,87;25,69;25,00;25,44;1500;1500;
2026-07-07 16:06:13;574429;RUNNING;0;4;0,571;0,585;0,612;0,623;0,647;0,668;0,691;0,721;0,740;0,760;2,208;2,242;2,326;2,403;2,491;2,588;2,680;2,753;2,840;2,925;24,62;24,06;24,87;25,69;25,00;25,37;1200;1500;
2026-07-07 16:06:14;575429;RUNNING;0;4;0,550;0,564;0,590;0,601;0,625;0,646;0,669;0,699;0,718;0,738;2,126;2,161;2,244;2,321;2,407;2,505;2,595;2,670;2,757;2,844;24,62;24,06;24,87;25,69;25,00;25,37;1500;1500;
2026-07-07 16:06:15;576429;RUNNING;0;4;0,528;0,542;0,567;0,580;0,604;0,625;0,648;0,677;0,696;0,716;2,043;2,080;2,160;2,239;2,324;2,424;2,514;2,587;2,675;2,761;24,62;24,06;24,87;25,69;25,00;25,37;1200;1200;
2026-07-07 16:06:16;577429;RUNNING;0;4;0,506;0,520;0,545;0,559;0,582;0,603;0,625;0,655;0,675;0,695;1,960;1,992;2,077;2,157;2,242;2,341;2,432;2,505;2,594;2,678;24,62;24,06;24,87;25,69;25,00;25,37;1200;1500;
2026-07-07 16:06:17;578429;RUNNING;0;4;0,485;0,499;0,524;0,538;0,560;0,581;0,604;0,634;0,653;0,673;1,877;1,912;1,995;2,073;2,159;2,259;2,351;2,421;2,511;2,596;24,62;24,06;24,87;25,69;25,00;25,37;1200;1200;
2026-07-07 16:06:18;579429;RUNNING;0;4;0,463;0,477;0,502;0,516;0,538;0,560;0,582;0,611;0,631;0,652;1,796;1,829;1,912;1,991;2,077;2,176;2,268;2,339;2,428;2,513;24,62;24,06;24,87;25,69;25,00;25,37;1200;1200;
2026-07-07 16:06:19;580429;RUNNING;0;4;0,442;0,456;0,481;0,494;0,517;0,539;0,561;0,589;0,609;0,630;1,715;1,747;1,830;1,906;1,994;2,093;2,187;2,258;2,346;2,430;24,62;24,06;24,87;25,69;25,00;25,37;1200;1200;
2026-07-07 16:06:20;581429;RUNNING;0;4;0,421;0,435;0,459;0,472;0,496;0,517;0,539;0,568;0,588;0,607;1,632;1,665;1,748;1,824;1,911;2,012;2,104;2,175;2,263;2,349;24,62;24,06;24,87;25,69;25,00;25,37;1200;1200;
2026-07-07 16:06:21;582429;RUNNING;0;4;0,398;0,411;0,437;0,451;0,474;0,496;0,517;0,546;0,566;0,587;1,549;1,581;1,665;1,740;1,829;1,930;2,023;2,093;2,182;2,266;24,62;24,06;24,87;25,69;25,00;25,37;900;900;
2026-07-07 16:06:22;583429;RUNNING;0;4;0,377;0,391;0,415;0,430;0,453;0,474;0,496;0,524;0,545;0,565;1,468;1,497;1,581;1,657;1,747;1,847;1,941;2,012;2,099;2,184;24,62;24,06;24,87;25,62;24,94;25,37;900;900;
2026-07-07 16:06:23;584429;RUNNING;0;4;0,355;0,369;0,393;0,408;0,431;0,453;0,474;0,502;0,523;0,543;1,385;1,414;1,499;1,575;1,664;1,766;1,858;1,929;2,016;2,101;24,62;24,06;24,87;25,62;24,94;25,37;1200;900;
2026-07-07 16:06:24;585429;RUNNING;0;4;0,334;0,347;0,371;0,387;0,410;0,432;0,453;0,480;0,501;0,521;1,302;1,332;1,416;1,491;1,580;1,683;1,777;1,846;1,934;2,018;24,62;24,12;24,87;25,62;24,94;25,37;1200;900;
2026-07-07 16:06:25;586429;RUNNING;0;4;0,312;0,324;0,349;0,365;0,389;0,410;0,432;0,458;0,479;0,499;1,220;1,248;1,334;1,409;1,499;1,600;1,694;1,762;1,851;1,939;24,62;24,06;24,87;25,62;24,94;25,37;900;900;
2026-07-07 16:06:26;587429;RUNNING;0;4;0,291;0,304;0,328;0,344;0,367;0,388;0,410;0,437;0,458;0,478;1,139;1,165;1,249;1,325;1,415;1,518;1,613;1,683;1,771;1,856;24,62;24,06;24,87;25,62;24,94;25,31;900;900;
2026-07-07 16:06:27;588429;RUNNING;0;4;0,269;0,282;0,306;0,322;0,345;0,367;0,388;0,415;0,436;0,456;1,056;1,081;1,167;1,243;1,334;1,435;1,530;1,598;1,688;1,773;24,62;24,06;24,87;25,62;24,94;25,37;900;900;
2026-07-07 16:06:28;589429;RUNNING;0;4;0,247;0,261;0,284;0,301;0,324;0,346;0,367;0,393;0,414;0,435;0,975;0,999;1,084;1,160;1,252;1,354;1,449;1,515;1,605;1,691;24,69;24,12;24,87;25,62;24,94;25,37;900;900;
2026-07-07 16:06:29;590429;RUNNING;0;4;0,226;0,239;0,263;0,279;0,301;0,324;0,345;0,372;0,393;0,414;0,892;0,917;1,002;1,076;1,169;1,271;1,368;1,433;1,524;1,608;24,62;24,12;24,87;25,62;24,94;25,37;900;900;
2026-07-07 16:06:30;591429;RUNNING;0;4;0,204;0,217;0,241;0,257;0,281;0,303;0,324;0,349;0,371;0,392;0,809;0,833;0,918;0,994;1,085;1,188;1,286;1,352;1,441;1,527;24,69;24,12;24,94;25,62;24,94;25,37;900;900;
2026-07-07 16:06:31;592429;RUNNING;0;4;0,183;0,196;0,219;0,236;0,258;0,281;0,302;0,328;0,349;0,370;0,726;0,750;0,837;0,912;1,004;1,104;1,203;1,269;1,357;1,444;24,69;24,12;24,94;25,62;24,94;25,31;600;900;
2026-07-07 16:06:32;593429;RUNNING;0;4;0,162;0,174;0,197;0,215;0,237;0,260;0,281;0,306;0,328;0,348;0,645;0,666;0,755;0,829;0,920;1,023;1,122;1,187;1,278;1,361;24,69;24,12;24,94;25,62;24,94;25,31;900;600;
2026-07-07 16:06:33;594429;RUNNING;0;4;0,139;0,153;0,175;0,194;0,216;0,238;0,259;0,285;0,306;0,327;0,563;0,584;0,671;0,747;0,839;0,942;1,039;1,104;1,193;1,279;24,69;24,12;24,94;25,56;24,94;25,31;900;900;
2026-07-07 16:06:34;595429;RUNNING;0;4;0,118;0,132;0,154;0,172;0,194;0,216;0,238;0,262;0,285;0,305;0,480;0,502;0,590;0,661;0,755;0,860;0,958;1,023;1,112;1,196;24,69;24,12;24,94;25,56;24,94;25,31;900;900;
2026-07-07 16:06:35;596429;RUNNING;0;4;0,097;0,110;0,132;0,151;0,173;0,196;0,217;0,241;0,263;0,284;0,397;0,419;0,508;0,579;0,674;0,777;0,876;0,940;1,030;1,115;24,69;24,12;24,94;25,62;24,94;25,31;900;600;
2026-07-07 16:06:36;597429;RUNNING;0;4;0,075;0,088;0,110;0,129;0,151;0,174;0,195;0,219;0,241;0,262;0,316;0,335;0,424;0,497;0,590;0,696;0,795;0,857;0,947;1,032;24,69;24,12;24,94;25,56;24,94;25,31;900;600;
2026-07-07 16:06:37;598429;RUNNING;0;4;0,054;0,067;0,089;0,108;0,130;0,153;0,173;0,197;0,220;0,241;0,236;0,251;0,344;0,414;0,507;0,613;0,712;0,775;0,864;0,951;24,69;24,12;24,94;25,56;24,87;25,31;900;900;
2026-07-07 16:06:38;599429;RUNNING;0;4;0,032;0,045;0,067;0,087;0,108;0,131;0,152;0,176;0,198;0,219;0,152;0,168;0,259;0,333;0,425;0,531;0,629;0,692;0,783;0,868;24,69;24,12;24,94;25,56;24,94;25,31;900;900;
2026-07-07 16:06:39;600429;RUNNING;0;4;0,021;0,024;0,045;0,066;0,087;0,109;0,130;0,154;0,177;0,197;0,111;0,087;0,174;0,248;0,343;0,448;0,550;0,611;0,699;0,785;24,69;24,12;24,94;25,56;24,87;25,31;900;600;
2026-07-07 16:06:40;601528;RUNNING;0;4;0,000;0,000;0,021;0,041;0,064;0,086;0,107;0,129;0,153;0,174;0,000;0,000;0,085;0,159;0,252;0,358;0,457;0,519;0,608;0,695;24,69;24,12;24,94;25,56;24,87;25,31;900;900;
2026-07-07 16:06:41;602528;RUNNING;0;4;0,000;0,000;0,000;0,020;0,042;0,064;0,086;0,108;0,132;0,152;0,000;0,000;0,000;0,076;0,172;0,277;0,378;0,439;0,530;0,613;24,69;24,12;24,94;25,56;24,87;25,31;900;600;
2026-07-07 16:06:42;603528;RUNNING;0;4;0,000;0,000;0,000;0,000;0,022;0,043;0,064;0,086;0,110;0,131;0,000;0,000;0,000;0,000;0,093;0,194;0,293;0,356;0,445;0,532;24,69;24,12;24,94;25,56;24,87;25,31;900;600;
2026-07-07 16:06:43;604528;RUNNING;0;4;0,000;0,000;0,000;0,000;0,000;0,022;0,042;0,065;0,088;0,109;0,000;0,000;0,000;0,000;0,000;0,111;0,214;0,275;0,364;0,447;24,75;24,12;24,94;25,50;24,87;25,31;900;900;
2026-07-07 16:06:44;605528;RUNNING;0;4;0,000;0,000;0,000;0,000;0,000;0,000;0,020;0,043;0,067;0,087;0,000;0,000;0,000;0,000;0,000;0,000;0,131;0,192;0,281;0,368;24,69;24,12;24,94;25,56;24,87;25,31;900;900;
2026-07-07 16:06:45;606528;RUNNING;0;4;0,000;0,000;0,000;0,000;0,000;0,000;0,000;0,021;0,045;0,066;0,000;0,000;0,000;0,000;0,000;0,000;0,000;0,109;0,201;0,285;24,75;24,12;24,94;25,56;24,87;25,25;900;600;
2026-07-07 16:06:46;607528;RUNNING;0;4;0,000;0,000;0,000;0,000;0,000;0,000;0,000;0,000;0,024;0,044;0,000;0,000;0,000;0,000;0,000;0,000;0,000;0,000;0,116;0,203;24,75;24,19;24,94;25,50;24,81;25,25;900;600;
2026-07-07 16:06:47;608528;RUNNING;0;4;0,000;0,000;0,000;0,000;0,000;0,000;0,000;0,000;0,000;0,023;0,000;0,000;0,000;0,000;0,000;0,000;0,000;0,000;0,000;0,120;24,75;24,12;24,94;25,50;24,81;25,25;900;900;
2026-07-07 16:06:48;609528;RUNNING;0;4;0,000;0,000;0,000;0,000;0,000;0,000;0,000;0,000;0,000;0,000;0,000;0,000;0,000;0,000;0,000;0,000;0,000;0,000;0,000;0,000;24,75;24,19;24,94;25,50;24,87;25,25;900;900;
2026-07-07 16:06:49;610528;RUNNING;0;4;0,000;0,000;0,000;0,000;0,000;0,000;0,000;0,000;0,000;0,000;0,000;0,000;0,000;0,000;0,000;0,000;0,000;0,000;0,000;0,000;24,75;24,19;24,94;25,50;24,81;25,25;600;600;
2026-07-07 16:06:51;611528;RUNNING;0;4;0,000;0,000;0,000;0,000;0,000;0,000;0,000;0,000;0,000;0,000;0,000;0,000;0,000;0,000;0,000;0,000;0,000;0,000;0,000;0,000;24,75;24,19;24,94;25,44;24,81;25,25;600;600;
2026-07-07 16:06:51;612528;RUNNING;0;4;0,000;0,000;0,000;0,000;0,000;0,000;0,000;0,000;0,000;0,000;0,000;0,000;0,000;0,000;0,000;0,000;0,000;0,000;0,000;0,000;24,75;24,19;24,87;25,44;24,81;25,25;600;900;
2026-07-07 16:06:52;613528;RUNNING;0;4;0,000;0,000;0,000;0,000;0,000;0,000;0,000;0,000;0,000;0,000;0,000;0,000;0,000;0,000;0,000;0,000;0,000;0,000;0,000;0,000;24,75;24,19;24,94;25,44;24,81;25,25;600;900;
2026-07-07 16:06:53;614528;RUNNING;0;4;0,000;0,000;0,000;0,000;0,000;0,000;0,000;0,000;0,000;0,000;0,000;0,000;0,000;0,000;0,000;0,000;0,000;0,000;0,000;0,000;24,75;24,19;24,94;25,44;24,81;25,25;600;600;
2026-07-07 16:06:54;615528;RUNNING;0;4;0,000;0,000;0,000;0,000;0,000;0,000;0,000;0,000;0,000;0,000;0,000;0,000;0,000;0,000;0,000;0,000;0,000;0,000;0,000;0,000;24,75;24,19;24,94;25,44;24,81;25,25;600;600;
2026-07-07 16:06:55;616528;RUNNING;0;4;0,000;0,000;0,000;0,000;0,000;0,000;0,000;0,000;0,000;0,000;0,000;0,000;0,000;0,000;0,000;0,000;0,000;0,000;0,000;0,000;24,75;24,19;24,94;25,44;24,81;25,25;600;900;
2026-07-07 16:06:56;617528;RUNNING;0;4;0,000;0,000;0,000;0,000;0,000;0,000;0,000;0,000;0,000;0,000;0,000;0,000;0,000;0,000;0,000;0,000;0,000;0,000;0,000;0,000;24,75;24,19;24,94;25,44;24,81;25,19;600;600;
2026-07-07 16:06:57;618528;RUNNING;0;4;0,000;0,000;0,000;0,000;0,000;0,000;0,000;0,000;0,000;0,000;0,000;0,000;0,000;0,000;0,000;0,000;0,000;0,000;0,000;0,000;24,75;24,19;24,94;25,37;24,75;25,19;600;600;
2026-07-07 16:06:58;619528;RUNNING;0;4;0,000;0,000;0,000;0,000;0,000;0,000;0,000;0,000;0,000;0,000;0,000;0,000;0,000;0,000;0,000;0,000;0,000;0,000;0,000;0,000;24,75;24,19;24,94;25,37;24,75;25,19;600;600;
2026-07-07 16:06:59;620528;RUNNING;0;4;0,000;0,000;0,000;0,000;0,000;0,000;0,000;0,000;0,000;0,000;0,000;0,000;0,000;0,000;0,000;0,000;0,000;0,000;0,000;0,000;24,75;24,19;24,94;25,37;24,75;25,19;900;900;
2026-07-07 16:07:00;621528;RUNNING;0;4;0,000;0,000;0,000;0,000;0,000;0,000;0,000;0,000;0,000;0,000;0,000;0,000;0,000;0,000;0,000;0,000;0,000;0,000;0,000;0,000;24,75;24,19;24,94;25,37;24,75;25,19;900;600;
2026-07-07 16:07:01;622528;RUNNING;0;4;0,000;0,000;0,000;0,000;0,000;0,000;0,000;0,000;0,000;0,000;0,000;0,000;0,000;0,000;0,000;0,000;0,000;0,000;0,000;0,000;24,75;24,19;24,94;25,37;24,75;25,19;900;600;
2026-07-07 16:07:02;623528;RUNNING;0;4;0,000;0,000;0,000;0,000;0,000;0,000;0,000;0,000;0,000;0,000;0,000;0,000;0,000;0,000;0,000;0,000;0,000;0,000;0,000;0,000;24,75;24,19;24,94;25,37;24,75;25,12;900;600;
2026-07-07 16:07:03;624528;RUNNING;0;4;0,000;0,000;0,000;0,000;0,000;0,000;0,000;0,000;0,000;0,000;0,000;0,000;0,000;0,000;0,000;0,000;0,000;0,000;0,000;0,000;24,75;24,19;24,94;25,37;24,69;25,12;900;900;
2026-07-07 16:07:04;625528;RUNNING;0;4;0,000;0,000;0,000;0,000;0,000;0,000;0,000;0,000;0,000;0,000;0,000;0,000;0,000;0,000;0,000;0,000;0,000;0,000;0,000;0,000;24,81;24,19;24,94;25,37;24,75;25,12;900;600;
2026-07-07 16:07:06;626528;RUNNING;0;4;0,000;0,000;0,000;0,000;0,000;0,000;0,000;0,000;0,000;0,000;0,000;0,000;0,000;0,000;0,000;0,000;0,000;0,000;0,000;0,000;24,81;24,19;24,94;25,37;24,69;25,12;900;600;
2026-07-07 16:07:06;627528;RUNNING;0;4;0,000;0,000;0,000;0,000;0,000;0,000;0,000;0,000;0,000;0,000;0,000;0,000;0,000;0,000;0,000;0,000;0,000;0,000;0,000;0,000;24,75;24,19;24,94;25,37;24,69;25,12;600;600;
2026-07-07 16:07:07;628528;RUNNING;0;4;0,000;0,000;0,000;0,000;0,000;0,000;0,000;0,000;0,000;0,000;0,000;0,000;0,000;0,000;0,000;0,000;0,000;0,000;0,000;0,000;24,81;24,19;24,94;25,31;24,69;25,12;600;900;
2026-07-07 16:07:08;629528;RUNNING;0;4;0,000;0,000;0,000;0,000;0,000;0,000;0,000;0,000;0,000;0,000;0,000;0,000;0,000;0,000;0,000;0,000;0,000;0,000;0,000;0,000;24,75;24,19;24,94;25,31;24,69;25,12;600;900;
2026-07-07 16:07:10;630528;RUNNING;0;4;0,000;0,000;0,000;0,000;0,000;0,000;0,000;0,000;0,000;0,000;0,000;0,000;0,000;0,000;0,000;0,000;0,000;0,000;0,000;0,000;24,81;24,19;24,94;25,31;24,69;25,12;600;600;
2026-07-07 16:07:10;631528;RUNNING;0;4;0,000;0,000;0,000;0,000;0,000;0,000;0,000;0,000;0,000;0,000;0,000;0,000;0,000;0,000;0,000;0,000;0,000;0,000;0,000;0,000;24,81;24,19;24,94;25,31;24,69;25,12;600;600;
2026-07-07 16:07:11;632528;RUNNING;0;4;0,000;0,000;0,000;0,000;0,000;0,000;0,000;0,000;0,000;0,000;0,000;0,000;0,000;0,000;0,000;0,000;0,000;0,000;0,000;0,000;24,81;24,19;24,94;25,31;24,69;25,12;600;900;
2026-07-07 16:07:12;633528;RUNNING;0;4;0,000;0,000;0,000;0,000;0,000;0,000;0,000;0,000;0,000;0,000;0,000;0,000;0,000;0,000;0,000;0,000;0,000;0,000;0,000;0,000;24,75;24,19;24,94;25,31;24,69;25,06;600;900;
2026-07-07 16:07:13;634528;RUNNING;0;4;0,000;0,000;0,000;0,000;0,000;0,000;0,000;0,000;0,000;0,000;0,000;0,000;0,000;0,000;0,000;0,000;0,000;0,000;0,000;0,000;24,81;24,19;24,94;25,31;24,62;25,06;600;600;
2026-07-07 16:07:14;635528;RUNNING;0;4;0,000;0,000;0,000;0,000;0,000;0,000;0,000;0,000;0,000;0,000;0,000;0,000;0,000;0,000;0,000;0,000;0,000;0,000;0,000;0,000;24,81;24,19;24,94;25,31;24,62;25,06;600;600;
2026-07-07 16:07:15;636528;RUNNING;0;4;0,000;0,000;0,000;0,000;0,000;0,000;0,000;0,000;0,000;0,000;0,000;0,000;0,000;0,000;0,000;0,000;0,000;0,000;0,000;0,000;24,81;24,19;24,94;25,31;24,62;25,06;600;900;
2026-07-07 16:07:16;637528;RUNNING;0;4;0,000;0,000;0,000;0,000;0,000;0,000;0,000;0,000;0,000;0,000;0,000;0,000;0,000;0,000;0,000;0,000;0,000;0,000;0,000;0,000;24,81;24,19;24,94;25,31;24,62;25,06;900;900;
2026-07-07 16:07:17;638528;RUNNING;0;4;0,000;0,000;0,000;0,000;0,000;0,000;0,000;0,000;0,000;0,000;0,000;0,000;0,000;0,000;0,000;0,000;0,000;0,000;0,000;0,000;24,81;24,19;24,94;25,31;24,62;25,06;900;600;
2026-07-07 16:07:18;639528;RUNNING;0;4;0,000;0,000;0,000;0,000;0,000;0,000;0,000;0,000;0,000;0,000;0,000;0,000;0,000;0,000;0,000;0,000;0,000;0,000;0,000;0,000;24,81;24,19;24,94;25,25;24,62;25,06;900;600;
2026-07-07 16:07:19;640528;RUNNING;0;4;0,000;0,000;0,000;0,000;0,000;0,000;0,000;0,000;0,000;0,000;0,000;0,000;0,000;0,000;0,000;0,000;0,000;0,000;0,000;0,000;24,81;24,19;24,94;25,31;24,62;25,06;900;900;
2026-07-07 16:07:21;641528;RUNNING;0;4;0,000;0,000;0,000;0,000;0,000;0,000;0,000;0,000;0,000;0,000;0,000;0,000;0,000;0,000;0,000;0,000;0,000;0,000;0,000;0,000;24,81;24,19;24,94;25,25;24,56;25,06;900;900;
2026-07-07 16:07:21;642528;RUNNING;0;4;0,000;0,000;0,000;0,000;0,000;0,000;0,000;0,000;0,000;0,000;0,000;0,000;0,000;0,000;0,000;0,000;0,000;0,000;0,000;0,000;24,81;24,19;24,94;25,25;24,56;25,00;900;600;
2026-07-07 16:07:22;643528;RUNNING;0;4;0,000;0,000;0,000;0,000;0,000;0,000;0,000;0,000;0,000;0,000;0,000;0,000;0,000;0,000;0,000;0,000;0,000;0,000;0,000;0,000;24,81;24,19;24,94;25,25;24,56;25,06;600;600;
2026-07-07 16:07:23;644528;RUNNING;0;4;0,000;0,000;0,000;0,000;0,000;0,000;0,000;0,000;0,000;0,000;0,000;0,000;0,000;0,000;0,000;0,000;0,000;0,000;0,000;0,000;24,81;24,19;24,94;25,25;24,56;25,00;600;900;
2026-07-07 16:07:25;645528;RUNNING;0;4;0,000;0,000;0,000;0,000;0,000;0,000;0,000;0,000;0,000;0,000;0,000;0,000;0,000;0,000;0,000;0,000;0,000;0,000;0,000;0,000;24,81;24,19;24,94;25,25;24,56;25,00;600;900;
2026-07-07 16:07:25;646528;RUNNING;0;4;0,000;0,000;0,000;0,000;0,000;0,000;0,000;0,000;0,000;0,000;0,000;0,000;0,000;0,000;0,000;0,000;0,000;0,000;0,000;0,000;24,81;24,19;24,94;25,25;24,56;25,00;600;600;
2026-07-07 16:07:26;647528;RUNNING;0;4;0,000;0,000;0,000;0,000;0,000;0,000;0,000;0,000;0,000;0,000;0,000;0,000;0,000;0,000;0,000;0,000;0,000;0,000;0,000;0,000;24,81;24,19;24,94;25,25;24,56;25,00;600;600;
2026-07-07 16:07:27;648528;RUNNING;0;4;0,000;0,000;0,000;0,000;0,000;0,000;0,000;0,000;0,000;0,000;0,000;0,000;0,000;0,000;0,000;0,000;0,000;0,000;0,000;0,000;24,81;24,19;24,94;25,25;24,56;25,00;600;900;
2026-07-07 16:07:28;649528;RUNNING;0;4;0,000;0,000;0,000;0,000;0,000;0,000;0,000;0,000;0,000;0,000;0,000;0,000;0,000;0,000;0,000;0,000;0,000;0,000;0,000;0,000;24,81;24,19;24,94;25,25;24,56;25,00;600;900;
2026-07-07 16:07:29;650528;RUNNING;0;4;0,000;0,000;0,000;0,000;0,000;0,000;0,000;0,000;0,000;0,000;0,000;0,000;0,000;0,000;0,000;0,000;0,000;0,000;0,000;0,000;24,81;24,19;24,94;25,19;24,56;25,00;600;600;
2026-07-07 16:07:30;651528;RUNNING;0;4;0,000;0,000;0,000;0,000;0,000;0,000;0,000;0,000;0,000;0,000;0,000;0,000;0,000;0,000;0,000;0,000;0,000;0,000;0,000;0,000;24,81;24,19;24,94;25,19;24,56;25,00;900;600;
2026-07-07 16:07:31;652528;RUNNING;0;4;0,000;0,000;0,000;0,000;0,000;0,000;0,000;0,000;0,000;0,000;0,000;0,000;0,000;0,000;0,000;0,000;0,000;0,000;0,000;0,000;24,81;24,19;24,94;25,19;24,50;24,94;900;600;
2026-07-07 16:07:32;653528;RUNNING;0;4;0,000;0,000;0,000;0,000;0,000;0,000;0,000;0,000;0,000;0,000;0,000;0,000;0,000;0,000;0,000;0,000;0,000;0,000;0,000;0,000;24,81;24,19;24,94;25,19;24,50;25,00;900;900;
2026-07-07 16:07:33;654528;RUNNING;0;4;0,000;0,000;0,000;0,000;0,000;0,000;0,000;0,000;0,000;0,000;0,000;0,000;0,000;0,000;0,000;0,000;0,000;0,000;0,000;0,000;24,81;24,19;24,94;25,19;24,50;25,00;900;900;
2026-07-07 16:07:34;655528;RUNNING;0;4;0,000;0,000;0,000;0,000;0,000;0,000;0,000;0,000;0,000;0,000;0,000;0,000;0,000;0,000;0,000;0,000;0,000;0,000;0,000;0,000;24,81;24,19;24,94;25,19;24,50;24,94;900;600;
2026-07-07 16:07:35;656528;RUNNING;0;4;0,000;0,000;0,000;0,000;0,000;0,000;0,000;0,000;0,000;0,000;0,000;0,000;0,000;0,000;0,000;0,000;0,000;0,000;0,000;0,000;24,81;24,19;24,94;25,19;24,50;24,94;600;600;
2026-07-07 16:07:36;657528;RUNNING;0;4;0,000;0,000;0,000;0,000;0,000;0,000;0,000;0,000;0,000;0,000;0,000;0,000;0,000;0,000;0,000;0,000;0,000;0,000;0,000;0,000;24,81;24,19;24,94;25,19;24,50;24,94;600;900;
2026-07-07 16:07:37;658528;RUNNING;0;4;0,000;0,000;0,000;0,000;0,000;0,000;0,000;0,000;0,000;0,000;0,000;0,000;0,000;0,000;0,000;0,000;0,000;0,000;0,000;0,000;24,81;24,19;24,94;25,19;24,50;24,94;600;900;
2026-07-07 16:07:38;659528;RUNNING;0;4;0,000;0,000;0,000;0,000;0,000;0,000;0,000;0,000;0,000;0,000;0,000;0,000;0,000;0,000;0,000;0,000;0,000;0,000;0,000;0,000;24,81;24,19;24,94;25,19;24,50;24,94;600;600;
2026-07-07 16:07:40;660528;RUNNING;0;4;0,000;0,000;0,000;0,000;0,000;0,000;0,000;0,000;0,000;0,000;0,000;0,000;0,000;0,000;0,000;0,000;0,000;0,000;0,000;0,000;24,81;24,19;24,94;25,19;24,50;24,94;600;600;
2026-07-07 16:07:40;661528;RUNNING;0;4;0,000;0,000;0,000;0,000;0,000;0,000;0,000;0,000;0,000;0,000;0,000;0,000;0,000;0,000;0,000;0,000;0,000;0,000;0,000;0,000;24,81;24,19;24,94;25,19;24,50;24,94;600;600;
2026-07-07 16:07:41;662528;RUNNING;0;4;0,000;0,000;0,000;0,000;0,000;0,000;0,000;0,000;0,000;0,000;0,000;0,000;0,000;0,000;0,000;0,000;0,000;0,000;0,000;0,000;24,81;24,19;24,94;25,19;24,50;24,94;600;900;
2026-07-07 16:07:42;663528;RUNNING;0;4;0,000;0,000;0,000;0,000;0,000;0,000;0,000;0,000;0,000;0,000;0,000;0,000;0,000;0,000;0,000;0,000;0,000;0,000;0,000;0,000;24,81;24,19;24,94;25,12;24,50;24,94;600;600;
2026-07-07 16:07:44;664528;RUNNING;0;4;0,000;0,000;0,000;0,000;0,000;0,000;0,000;0,000;0,000;0,000;0,000;0,000;0,000;0,000;0,000;0,000;0,000;0,000;0,000;0,000;24,81;24,19;24,87;25,12;24,50;24,94;600;600;
2026-07-07 16:07:44;665528;RUNNING;0;4;0,000;0,000;0,000;0,000;0,000;0,000;0,000;0,000;0,000;0,000;0,000;0,000;0,000;0,000;0,000;0,000;0,000;0,000;0,000;0,000;24,81;24,19;24,94;25,19;24,50;24,87;900;600;
2026-07-07 16:07:45;666528;RUNNING;0;4;0,000;0,000;0,000;0,000;0,000;0,000;0,000;0,000;0,000;0,000;0,000;0,000;0,000;0,000;0,000;0,000;0,000;0,000;0,000;0,000;24,81;24,19;24,87;25,12;24,44;24,94;900;900;
2026-07-07 16:07:46;667528;RUNNING;0;4;0,000;0,000;0,000;0,000;0,000;0,000;0,000;0,000;0,000;0,000;0,000;0,000;0,000;0,000;0,000;0,000;0,000;0,000;0,000;0,000;24,81;24,19;24,94;25,12;24,50;24,87;900;900;
2026-07-07 16:07:48;668528;RUNNING;0;4;0,000;0,000;0,000;0,000;0,000;0,000;0,000;0,000;0,000;0,000;0,000;0,000;0,000;0,000;0,000;0,000;0,000;0,000;0,000;0,000;24,81;24,19;24,87;25,12;24,44;24,87;900;600;
2026-07-07 16:07:48;669528;RUNNING;0;4;0,000;0,000;0,000;0,000;0,000;0,000;0,000;0,000;0,000;0,000;0,000;0,000;0,000;0,000;0,000;0,000;0,000;0,000;0,000;0,000;24,81;24,19;24,94;25,12;24,44;24,87;900;600;
2026-07-07 16:07:49;670528;RUNNING;0;4;0,000;0,000;0,000;0,000;0,000;0,000;0,000;0,000;0,000;0,000;0,000;0,000;0,000;0,000;0,000;0,000;0,000;0,000;0,000;0,000;24,81;24,19;24,87;25,12;24,44;24,87;600;900;
2026-07-07 16:07:50;671528;RUNNING;0;4;0,000;0,000;0,000;0,000;0,000;0,000;0,000;0,000;0,000;0,000;0,000;0,000;0,000;0,000;0,000;0,000;0,000;0,000;0,000;0,000;24,81;24,19;24,87;25,12;24,44;24,87;600;900;
2026-07-07 16:07:52;672528;RUNNING;0;4;0,000;0,000;0,000;0,000;0,000;0,000;0,000;0,000;0,000;0,000;0,000;0,000;0,000;0,000;0,000;0,000;0,000;0,000;0,000;0,000;24,81;24,19;24,94;25,12;24,44;24,87;600;600;
2026-07-07 16:07:52;673528;RUNNING;0;4;0,000;0,000;0,000;0,000;0,000;0,000;0,000;0,000;0,000;0,000;0,000;0,000;0,000;0,000;0,000;0,000;0,000;0,000;0,000;0,000;24,81;24,12;24,87;25,12;24,44;24,87;600;900;
2026-07-07 16:07:53;674528;RUNNING;0;4;0,000;0,000;0,000;0,000;0,000;0,000;0,000;0,000;0,000;0,000;0,000;0,000;0,000;0,000;0,000;0,000;0,000;0,000;0,000;0,000;24,81;24,12;24,87;25,12;24,44;24,87;600;900;
2026-07-07 16:07:54;675528;RUNNING;0;4;0,000;0,000;0,000;0,000;0,000;0,000;0,000;0,000;0,000;0,000;0,000;0,000;0,000;0,000;0,000;0,000;0,000;0,000;0,000;0,000;24,81;24,19;24,87;25,12;24,44;24,87;600;900;
2026-07-07 16:07:55;676528;RUNNING;0;4;0,000;0,000;0,000;0,000;0,000;0,000;0,000;0,000;0,000;0,000;0,000;0,000;0,000;0,000;0,000;0,000;0,000;0,000;0,000;0,000;24,87;24,19;24,87;25,12;24,37;24,87;900;600;
2026-07-07 16:07:56;677528;RUNNING;0;4;0,000;0,000;0,000;0,000;0,000;0,000;0,000;0,000;0,000;0,000;0,000;0,000;0,000;0,000;0,000;0,000;0,000;0,000;0,000;0,000;24,81;24,12;24,87;25,06;24,44;24,87;900;600;
2026-07-07 16:07:57;678528;RUNNING;0;4;0,000;0,000;0,000;0,000;0,000;0,000;0,000;0,000;0,000;0,000;0,000;0,000;0,000;0,000;0,000;0,000;0,000;0,000;0,000;0,000;24,81;24,19;24,87;25,06;24,44;24,87;900;600;
2026-07-07 16:07:58;679528;RUNNING;0;4;0,000;0,000;0,000;0,000;0,000;0,000;0,000;0,000;0,000;0,000;0,000;0,000;0,000;0,000;0,000;0,000;0,000;0,000;0,000;0,000;24,81;24,19;24,94;25,06;24,37;24,87;900;900;
2026-07-07 16:07:59;680528;RUNNING;0;4;0,000;0,000;0,000;0,000;0,000;0,000;0,000;0,000;0,000;0,000;0,000;0,000;0,000;0,000;0,000;0,000;0,000;0,000;0,000;0,000;24,81;24,19;24,87;25,06;24,37;24,81;900;600;
2026-07-07 16:08:00;681528;RUNNING;0;4;0,000;0,000;0,000;0,000;0,000;0,000;0,000;0,000;0,000;0,000;0,000;0,000;0,000;0,000;0,000;0,000;0,000;0,000;0,000;0,000;24,87;24,12;24,94;25,06;24,37;24,87;600;600;
2026-07-07 16:08:01;682528;RUNNING;0;4;0,000;0,000;0,000;0,000;0,000;0,000;0,000;0,000;0,000;0,000;0,000;0,000;0,000;0,000;0,000;0,000;0,000;0,000;0,000;0,000;24,81;24,19;24,87;25,06;24,37;24,81;600;600;
2026-07-07 16:08:03;683528;RUNNING;0;4;0,000;0,000;0,000;0,000;0,000;0,000;0,000;0,000;0,000;0,000;0,000;0,000;0,000;0,000;0,000;0,000;0,000;0,000;0,000;0,000;24,81;24,12;24,87;25,06;24,37;24,87;600;900;
2026-07-07 16:08:03;684528;RUNNING;0;4;0,000;0,000;0,000;0,000;0,000;0,000;0,000;0,000;0,000;0,000;0,000;0,000;0,000;0,000;0,000;0,000;0,000;0,000;0,000;0,000;24,87;24,12;24,87;25,06;24,37;24,81;600;900;
2026-07-07 16:08:04;685528;RUNNING;0;4;0,000;0,000;0,000;0,000;0,000;0,000;0,000;0,000;0,000;0,000;0,000;0,000;0,000;0,000;0,000;0,000;0,000;0,000;0,000;0,000;24,81;24,19;24,87;25,06;24,37;24,81;600;600;
2026-07-07 16:08:05;686528;RUNNING;0;4;0,000;0,000;0,000;0,000;0,000;0,000;0,000;0,000;0,000;0,000;0,000;0,000;0,000;0,000;0,000;0,000;0,000;0,000;0,000;0,000;24,81;24,12;24,87;25,06;24,37;24,81;600;600;
2026-07-07 16:08:06;687528;RUNNING;0;4;0,000;0,000;0,000;0,000;0,000;0,000;0,000;0,000;0,000;0,000;0,000;0,000;0,000;0,000;0,000;0,000;0,000;0,000;0,000;0,000;24,81;24,12;24,87;25,06;24,37;24,81;600;900;
2026-07-07 16:08:07;688528;RUNNING;0;4;0,000;0,000;0,000;0,000;0,000;0,000;0,000;0,000;0,000;0,000;0,000;0,000;0,000;0,000;0,000;0,000;0,000;0,000;0,000;0,000;24,87;24,12;24,87;25,06;24,31;24,81;600;900;
2026-07-07 16:08:08;689528;RUNNING;0;4;0,000;0,000;0,000;0,000;0,000;0,000;0,000;0,000;0,000;0,000;0,000;0,000;0,000;0,000;0,000;0,000;0,000;0,000;0,000;0,000;24,87;24,12;24,87;25,06;24,31;24,81;600;600;
2026-07-07 16:08:09;690528;RUNNING;0;4;0,000;0,000;0,000;0,000;0,000;0,000;0,000;0,000;0,000;0,000;0,000;0,000;0,000;0,000;0,000;0,000;0,000;0,000;0,000;0,000;24,81;24,12;24,87;25,06;24,37;24,81;600;600;
2026-07-07 16:08:10;691528;RUNNING;0;4;0,000;0,000;0,000;0,000;0,000;0,000;0,000;0,000;0,000;0,000;0,000;0,000;0,000;0,000;0,000;0,000;0,000;0,000;0,000;0,000;24,87;24,12;24,87;25,06;24,37;24,81;600;600;
2026-07-07 16:08:11;692528;RUNNING;0;4;0,000;0,000;0,000;0,000;0,000;0,000;0,000;0,000;0,000;0,000;0,000;0,000;0,000;0,000;0,000;0,000;0,000;0,000;0,000;0,000;24,81;24,12;24,87;25,06;24,31;24,81;900;900;
2026-07-07 16:08:12;693528;RUNNING;0;4;0,000;0,000;0,000;0,000;0,000;0,000;0,000;0,000;0,000;0,000;0,000;0,000;0,000;0,000;0,000;0,000;0,000;0,000;0,000;0,000;24,87;24,12;24,87;25,06;24,31;24,81;900;900;
2026-07-07 16:08:14;694528;RUNNING;0;4;0,000;0,000;0,000;0,000;0,000;0,000;0,000;0,000;0,000;0,000;0,000;0,000;0,000;0,000;0,000;0,000;0,000;0,000;0,000;0,000;24,87;24,12;24,87;25,06;24,31;24,81;900;600;
2026-07-07 16:08:14;695528;RUNNING;0;4;0,000;0,000;0,000;0,000;0,000;0,000;0,000;0,000;0,000;0,000;0,000;0,000;0,000;0,000;0,000;0,000;0,000;0,000;0,000;0,000;24,81;24,12;24,87;25,06;24,31;24,81;900;600;
2026-07-07 16:08:15;696528;RUNNING;0;4;0,000;0,000;0,000;0,000;0,000;0,000;0,000;0,000;0,000;0,000;0,000;0,000;0,000;0,000;0,000;0,000;0,000;0,000;0,000;0,000;24,87;24,12;24,87;25,00;24,31;24,81;600;900;
2026-07-07 16:08:16;697528;RUNNING;0;4;0,000;0,000;0,000;0,000;0,000;0,000;0,000;0,000;0,000;0,000;0,000;0,000;0,000;0,000;0,000;0,000;0,000;0,000;0,000;0,000;24,81;24,12;24,87;25,00;24,31;24,75;600;900;
2026-07-07 16:08:17;698528;RUNNING;0;4;0,000;0,000;0,000;0,000;0,000;0,000;0,000;0,000;0,000;0,000;0,000;0,000;0,000;0,000;0,000;0,000;0,000;0,000;0,000;0,000;24,87;24,12;24,87;25,00;24,31;24,75;600;600;
2026-07-07 16:08:18;699528;RUNNING;0;4;0,000;0,000;0,000;0,000;0,000;0,000;0,000;0,000;0,000;0,000;0,000;0,000;0,000;0,000;0,000;0,000;0,000;0,000;0,000;0,000;24,87;24,12;24,87;25,00;24,31;24,75;600;600;
2026-07-07 16:08:19;700528;RUNNING;0;4;0,000;0,000;0,000;0,000;0,000;0,000;0,000;0,000;0,000;0,000;0,000;0,000;0,000;0,000;0,000;0,000;0,000;0,000;0,000;0,000;24,87;24,12;24,87;25,00;24,31;24,75;600;900;
2026-07-07 16:08:21;701528;RUNNING;0;4;0,000;0,000;0,000;0,000;0,000;0,000;0,000;0,000;0,000;0,000;0,000;0,000;0,000;0,000;0,000;0,000;0,000;0,000;0,000;0,000;24,81;24,12;24,87;25,00;24,31;24,75;600;900;
2026-07-07 16:08:21;702528;RUNNING;0;4;0,000;0,000;0,000;0,000;0,000;0,000;0,000;0,000;0,000;0,000;0,000;0,000;0,000;0,000;0,000;0,000;0,000;0,000;0,000;0,000;24,81;24,12;24,87;25,00;24,31;24,75;600;600;
2026-07-07 16:08:22;703528;RUNNING;0;4;0,000;0,000;0,000;0,000;0,000;0,000;0,000;0,000;0,000;0,000;0,000;0,000;0,000;0,000;0,000;0,000;0,000;0,000;0,000;0,000;24,87;24,12;24,87;25,00;24,31;24,75;900;600;
2026-07-07 16:08:23;704528;RUNNING;0;4;0,000;0,000;0,000;0,000;0,000;0,000;0,000;0,000;0,000;0,000;0,000;0,000;0,000;0,000;0,000;0,000;0,000;0,000;0,000;0,000;24,81;24,12;24,87;25,00;24,25;24,75;900;900;
2026-07-07 16:08:24;705528;RUNNING;0;4;0,000;0,000;0,000;0,000;0,000;0,000;0,000;0,000;0,000;0,000;0,000;0,000;0,000;0,000;0,000;0,000;0,000;0,000;0,000;0,000;24,87;24,12;24,87;25,00;24,25;24,75;900;900;
2026-07-07 16:08:25;706528;RUNNING;0;4;0,000;0,000;0,000;0,000;0,000;0,000;0,000;0,000;0,000;0,000;0,000;0,000;0,000;0,000;0,000;0,000;0,000;0,000;0,000;0,000;24,87;24,12;24,87;25,00;24,25;24,75;600;600;
2026-07-07 16:08:26;707528;RUNNING;0;4;0,000;0,000;0,000;0,000;0,000;0,000;0,000;0,000;0,000;0,000;0,000;0,000;0,000;0,000;0,000;0,000;0,000;0,000;0,000;0,000;24,81;24,12;24,87;25,00;24,25;24,75;600;600;
2026-07-07 16:08:28;708528;RUNNING;0;4;0,000;0,000;0,000;0,000;0,000;0,000;0,000;0,000;0,000;0,000;0,000;0,000;0,000;0,000;0,000;0,000;0,000;0,000;0,000;0,000;24,87;24,12;24,87;24,94;24,25;24,75;600;600;
2026-07-07 16:08:28;709528;RUNNING;0;4;0,000;0,000;0,000;0,000;0,000;0,000;0,000;0,000;0,000;0,000;0,000;0,000;0,000;0,000;0,000;0,000;0,000;0,000;0,000;0,000;24,81;24,12;24,87;25,00;24,25;24,75;600;900;
2026-07-07 16:08:29;710528;RUNNING;0;4;0,000;0,000;0,000;0,000;0,000;0,000;0,000;0,000;0,000;0,000;0,000;0,000;0,000;0,000;0,000;0,000;0,000;0,000;0,000;0,000;24,87;24,12;24,87;25,00;24,25;24,69;600;900;
2026-07-07 16:08:30;711528;RUNNING;0;4;0,000;0,000;0,000;0,000;0,000;0,000;0,000;0,000;0,000;0,000;0,000;0,000;0,000;0,000;0,000;0,000;0,000;0,000;0,000;0,000;24,87;24,12;24,87;25,00;24,25;24,69;600;600;
2026-07-07 16:08:32;712528;RUNNING;0;4;0,000;0,000;0,000;0,000;0,000;0,000;0,000;0,000;0,000;0,000;0,000;0,000;0,000;0,000;0,000;0,000;0,000;0,000;0,000;0,000;24,81;24,12;24,87;24,94;24,25;24,69;600;600;
2026-07-07 16:08:32;713528;RUNNING;0;4;0,000;0,000;0,000;0,000;0,000;0,000;0,000;0,000;0,000;0,000;0,000;0,000;0,000;0,000;0,000;0,000;0,000;0,000;0,000;0,000;24,87;24,12;24,87;24,94;24,25;24,69;900;900;
2026-07-07 16:08:33;714528;RUNNING;0;4;0,000;0,000;0,000;0,000;0,000;0,000;0,000;0,000;0,000;0,000;0,000;0,000;0,000;0,000;0,000;0,000;0,000;0,000;0,000;0,000;24,87;24,12;24,87;24,94;24,25;24,69;900;900;
2026-07-07 16:08:34;715528;RUNNING;0;4;0,000;0,000;0,000;0,000;0,000;0,000;0,000;0,000;0,000;0,000;0,000;0,000;0,000;0,000;0,000;0,000;0,000;0,000;0,000;0,000;24,87;24,12;24,87;24,94;24,25;24,69;900;600;
2026-07-07 16:08:36;716528;RUNNING;0;4;0,000;0,000;0,000;0,000;0,000;0,000;0,000;0,000;0,000;0,000;0,000;0,000;0,000;0,000;0,000;0,000;0,000;0,000;0,000;0,000;24,87;24,12;24,87;24,94;24,25;24,69;900;600;
2026-07-07 16:08:36;717528;RUNNING;0;4;0,000;0,000;0,000;0,000;0,000;0,000;0,000;0,000;0,000;0,000;0,000;0,000;0,000;0,000;0,000;0,000;0,000;0,000;0,000;0,000;24,87;24,12;24,87;24,94;24,25;24,69;900;600;
2026-07-07 16:08:37;718528;RUNNING;0;4;0,000;0,000;0,000;0,000;0,000;0,000;0,000;0,000;0,000;0,000;0,000;0,000;0,000;0,000;0,000;0,000;0,000;0,000;0,000;0,000;24,81;24,12;24,87;24,94;24,25;24,69;600;900;
2026-07-07 16:08:38;719528;RUNNING;0;4;0,000;0,000;0,000;0,000;0,000;0,000;0,000;0,000;0,000;0,000;0,000;0,000;0,000;0,000;0,000;0,000;0,000;0,000;0,000;0,000;24,87;24,12;24,87;24,94;24,25;24,69;600;900;
2026-07-07 16:08:39;720528;RUNNING;0;4;0,000;0,000;0,000;0,000;0,000;0,000;0,000;0,000;0,000;0,000;0,000;0,000;0,000;0,000;0,000;0,000;0,000;0,000;0,000;0,000;24,81;24,12;24,87;24,94;24,25;24,69;600;600;
2026-07-07 16:08:40;721528;RUNNING;0;4;0,000;0,000;0,000;0,000;0,000;0,000;0,000;0,000;0,000;0,000;0,000;0,000;0,000;0,000;0,000;0,000;0,000;0,000;0,000;0,000;24,87;24,06;24,87;24,94;24,19;24,69;600;600;
2026-07-07 16:08:41;722528;RUNNING;0;4;0,000;0,000;0,000;0,000;0,000;0,000;0,000;0,000;0,000;0,000;0,000;0,000;0,000;0,000;0,000;0,000;0,000;0,000;0,000;0,000;24,87;24,06;24,81;24,94;24,25;24,69;600;600;
2026-07-07 16:08:43;723528;RUNNING;0;4;0,000;0,000;0,000;0,000;0,000;0,000;0,000;0,000;0,000;0,000;0,000;0,000;0,000;0,000;0,000;0,000;0,000;0,000;0,000;0,000;24,87;24,06;24,81;24,94;24,25;24,69;600;900;
2026-07-07 16:08:43;724528;RUNNING;0;4;0,000;0,000;0,000;0,000;0,000;0,000;0,000;0,000;0,000;0,000;0,000;0,000;0,000;0,000;0,000;0,000;0,000;0,000;0,000;0,000;24,87;24,12;24,81;24,94;24,25;24,69;600;900;
2026-07-07 16:08:44;725528;RUNNING;0;4;0,000;0,000;0,000;0,000;0,000;0,000;0,000;0,000;0,000;0,000;0,000;0,000;0,000;0,000;0,000;0,000;0,000;0,000;0,000;0,000;24,87;24,06;24,81;24,94;24,19;24,69;900;600;
2026-07-07 16:08:45;726528;RUNNING;0;4;0,000;0,000;0,000;0,000;0,000;0,000;0,000;0,000;0,000;0,000;0,000;0,000;0,000;0,000;0,000;0,000;0,000;0,000;0,000;0,000;24,87;24,12;24,81;24,87;24,19;24,69;900;600;
2026-07-07 16:08:46;727528;RUNNING;0;4;0,000;0,000;0,000;0,000;0,000;0,000;0,000;0,000;0,000;0,000;0,000;0,000;0,000;0,000;0,000;0,000;0,000;0,000;0,000;0,000;24,87;24,12;24,81;24,87;24,19;24,69;900;900;
2026-07-07 16:08:47;728528;RUNNING;0;4;0,000;0,000;0,000;0,000;0,000;0,000;0,000;0,000;0,000;0,000;0,000;0,000;0,000;0,000;0,000;0,000;0,000;0,000;0,000;0,000;24,87;24,12;24,81;24,87;24,19;24,69;900;900;
2026-07-07 16:08:48;729528;RUNNING;0;4;0,000;0,000;0,000;0,000;0,000;0,000;0,000;0,000;0,000;0,000;0,000;0,000;0,000;0,000;0,000;0,000;0,000;0,000;0,000;0,000;24,87;24,06;24,81;24,87;24,25;24,69;600;600;
2026-07-07 16:08:49;730528;RUNNING;0;4;0,000;0,000;0,000;0,000;0,000;0,000;0,000;0,000;0,000;0,000;0,000;0,000;0,000;0,000;0,000;0,000;0,000;0,000;0,000;0,000;24,87;24,06;24,81;24,87;24,19;24,62;600;600;
2026-07-07 16:08:50;731528;RUNNING;0;4;0,000;0,000;0,000;0,000;0,000;0,000;0,000;0,000;0,000;0,000;0,000;0,000;0,000;0,000;0,000;0,000;0,000;0,000;0,000;0,000;24,87;24,12;24,81;24,87;24,19;24,62;600;600;
2026-07-07 16:08:51;732528;RUNNING;0;4;0,000;0,000;0,000;0,000;0,000;0,000;0,000;0,000;0,000;0,000;0,000;0,000;0,000;0,000;0,000;0,000;0,000;0,000;0,000;0,000;24,87;24,06;24,81;24,87;24,19;24,62;600;900;
2026-07-07 16:08:52;733528;RUNNING;0;4;0,000;0,000;0,000;0,000;0,000;0,000;0,000;0,000;0,000;0,000;0,000;0,000;0,000;0,000;0,000;0,000;0,000;0,000;0,000;0,000;24,87;24,12;24,81;24,87;24,19;24,69;600;900;
2026-07-07 16:08:53;734528;RUNNING;0;4;0,000;0,000;0,000;0,000;0,000;0,000;0,000;0,000;0,000;0,000;0,000;0,000;0,000;0,000;0,000;0,000;0,000;0,000;0,000;0,000;24,87;24,06;24,81;24,87;24,19;24,62;600;600;
2026-07-07 16:08:54;735528;RUNNING;0;4;0,000;0,000;0,000;0,000;0,000;0,000;0,000;0,000;0,000;0,000;0,000;0,000;0,000;0,000;0,000;0,000;0,000;0,000;0,000;0,000;24,87;24,06;24,81;24,87;24,19;24,62;600;600;
2026-07-07 16:08:55;736528;RUNNING;0;4;0,000;0,000;0,000;0,000;0,000;0,000;0,000;0,000;0,000;0,000;0,000;0,000;0,000;0,000;0,000;0,000;0,000;0,000;0,000;0,000;24,81;24,12;24,81;24,87;24,19;24,62;900;600;
2026-07-07 16:08:56;737528;RUNNING;0;4;0,000;0,000;0,000;0,000;0,000;0,000;0,000;0,000;0,000;0,000;0,000;0,000;0,000;0,000;0,000;0,000;0,000;0,000;0,000;0,000;24,87;24,06;24,81;24,87;24,19;24,62;900;900;
2026-07-07 16:08:58;738528;RUNNING;0;4;0,000;0,000;0,000;0,000;0,000;0,000;0,000;0,000;0,000;0,000;0,000;0,000;0,000;0,000;0,000;0,000;0,000;0,000;0,000;0,000;24,87;24,06;24,81;24,87;24,19;24,62;900;900;
2026-07-07 16:08:58;739528;RUNNING;0;4;0,000;0,000;0,000;0,000;0,000;0,000;0,000;0,000;0,000;0,000;0,000;0,000;0,000;0,000;0,000;0,000;0,000;0,000;0,000;0,000;24,87;24,06;24,81;24,87;24,19;24,62;900;600;
2026-07-07 16:08:59;740528;RUNNING;0;4;0,000;0,000;0,000;0,000;0,000;0,000;0,000;0,000;0,000;0,000;0,000;0,000;0,000;0,000;0,000;0,000;0,000;0,000;0,000;0,000;24,87;24,06;24,81;24,87;24,19;24,62;600;600;
2026-07-07 16:09:00;741528;RUNNING;0;4;0,000;0,000;0,000;0,000;0,000;0,000;0,000;0,000;0,000;0,000;0,000;0,000;0,000;0,000;0,000;0,000;0,000;0,000;0,000;0,000;24,87;24,06;24,81;24,87;24,19;24,62;600;600;
2026-07-07 16:09:01;742528;RUNNING;0;4;0,000;0,000;0,000;0,000;0,000;0,000;0,000;0,000;0,000;0,000;0,000;0,000;0,000;0,000;0,000;0,000;0,000;0,000;0,000;0,000;24,87;24,06;24,81;24,87;24,19;24,62;600;900;
2026-07-07 16:09:02;743528;RUNNING;0;4;0,000;0,000;0,000;0,000;0,000;0,000;0,000;0,000;0,000;0,000;0,000;0,000;0,000;0,000;0,000;0,000;0,000;0,000;0,000;0,000;24,87;24,06;24,81;24,87;24,19;24,62;600;900;
2026-07-07 16:09:03;744528;RUNNING;0;4;0,000;0,000;0,000;0,000;0,000;0,000;0,000;0,000;0,000;0,000;0,000;0,000;0,000;0,000;0,000;0,000;0,000;0,000;0,000;0,000;24,87;24,06;24,81;24,87;24,19;24,62;600;600;
2026-07-07 16:09:04;745528;RUNNING;0;4;0,000;0,000;0,000;0,000;0,000;0,000;0,000;0,000;0,000;0,000;0,000;0,000;0,000;0,000;0,000;0,000;0,000;0,000;0,000;0,000;24,81;24,06;24,81;24,81;24,19;24,62;600;600;
2026-07-07 16:09:05;746528;RUNNING;0;4;0,000;0,000;0,000;0,000;0,000;0,000;0,000;0,000;0,000;0,000;0,000;0,000;0,000;0,000;0,000;0,000;0,000;0,000;0,000;0,000;24,81;24,06;24,81;24,81;24,19;24,62;900;900;
2026-07-07 16:09:06;747528;RUNNING;0;4;0,000;0,000;0,000;0,000;0,000;0,000;0,000;0,000;0,000;0,000;0,000;0,000;0,000;0,000;0,000;0,000;0,000;0,000;0,000;0,000;24,87;24,06;24,81;24,87;24,19;24,62;900;900;
2026-07-07 16:09:07;748528;RUNNING;0;4;0,000;0,000;0,000;0,000;0,000;0,000;0,000;0,000;0,000;0,000;0,000;0,000;0,000;0,000;0,000;0,000;0,000;0,000;0,000;0,000;24,87;24,06;24,81;24,87;24,12;24,62;900;600;
2026-07-07 16:09:08;749528;RUNNING;0;4;0,000;0,000;0,000;0,000;0,000;0,000;0,000;0,000;0,000;0,000;0,000;0,000;0,000;0,000;0,000;0,000;0,000;0,000;0,000;0,000;24,87;24,06;24,81;24,87;24,19;24,62;900;600;
2026-07-07 16:09:09;750528;RUNNING;0;4;0,000;0,000;0,000;0,000;0,000;0,000;0,000;0,000;0,000;0,000;0,000;0,000;0,000;0,000;0,000;0,000;0,000;0,000;0,000;0,000;24,87;24,06;24,81;24,81;24,19;24,56;600;600;
2026-07-07 16:09:10;751528;RUNNING;0;4;0,000;0,000;0,000;0,000;0,000;0,000;0,000;0,000;0,000;0,000;0,000;0,000;0,000;0,000;0,000;0,000;0,000;0,000;0,000;0,000;24,87;24,06;24,81;24,81;24,19;24,62;600;900;
2026-07-07 16:09:11;752528;RUNNING;0;4;0,000;0,000;0,000;0,000;0,000;0,000;0,000;0,000;0,000;0,000;0,000;0,000;0,000;0,000;0,000;0,000;0,000;0,000;0,000;0,000;24,87;24,06;24,81;24,81;24,19;24,56;600;900;
2026-07-07 16:09:12;753528;RUNNING;0;4;0,000;0,000;0,000;0,000;0,000;0,000;0,000;0,000;0,000;0,000;0,000;0,000;0,000;0,000;0,000;0,000;0,000;0,000;0,000;0,000;24,87;24,06;24,81;24,81;24,12;24,56;900;600;
2026-07-07 16:09:13;754528;RUNNING;0;4;0,000;0,000;0,000;0,000;0,000;0,000;0,000;0,000;0,000;0,000;0,000;0,000;0,000;0,000;0,000;0,000;0,000;0,000;0,000;0,000;24,87;24,06;24,81;24,81;24,12;24,56;600;600;
2026-07-07 16:09:14;755528;RUNNING;0;4;0,000;0,000;0,000;0,000;0,000;0,000;0,000;0,000;0,000;0,000;0,000;0,000;0,000;0,000;0,000;0,000;0,000;0,000;0,000;0,000;24,87;24,06;24,75;24,81;24,12;24,56;600;600;
2026-07-07 16:09:15;756528;RUNNING;0;4;0,000;0,000;0,000;0,000;0,000;0,000;0,000;0,000;0,000;0,000;0,000;0,000;0,000;0,000;0,000;0,000;0,000;0,000;0,000;0,000;24,87;24,06;24,81;24,81;24,12;24,56;600;900;
2026-07-07 16:09:17;757528;RUNNING;0;4;0,000;0,000;0,000;0,000;0,000;0,000;0,000;0,000;0,000;0,000;0,000;0,000;0,000;0,000;0,000;0,000;0,000;0,000;0,000;0,000;24,87;24,06;24,75;24,81;24,12;24,56;900;900;
2026-07-07 16:09:17;758528;RUNNING;0;4;0,000;0,000;0,000;0,000;0,000;0,000;0,000;0,000;0,000;0,000;0,000;0,000;0,000;0,000;0,000;0,000;0,000;0,000;0,000;0,000;24,87;24,06;24,81;24,81;24,12;24,62;900;600;
2026-07-07 16:09:18;759528;RUNNING;0;4;0,000;0,000;0,000;0,000;0,000;0,000;0,000;0,000;0,000;0,000;0,000;0,000;0,000;0,000;0,000;0,000;0,000;0,000;0,000;0,000;24,87;24,06;24,81;24,81;24,12;24,56;900;600;
2026-07-07 16:09:19;760528;RUNNING;0;4;0,000;0,000;0,000;0,000;0,000;0,000;0,000;0,000;0,000;0,000;0,000;0,000;0,000;0,000;0,000;0,000;0,000;0,000;0,000;0,000;24,87;24,06;24,75;24,81;24,12;24,56;900;600;
2026-07-07 16:09:20;761528;RUNNING;0;4;0,000;0,000;0,000;0,000;0,000;0,000;0,000;0,000;0,000;0,000;0,000;0,000;0,000;0,000;0,000;0,000;0,000;0,000;0,000;0,000;24,87;24,06;24,81;24,81;24,12;24,56;600;900;
2026-07-07 16:09:21;762528;RUNNING;0;4;0,000;0,000;0,000;0,000;0,000;0,000;0,000;0,000;0,000;0,000;0,000;0,000;0,000;0,000;0,000;0,000;0,000;0,000;0,000;0,000;24,81;24,06;24,81;24,81;24,12;24,56;600;900;
2026-07-07 16:09:22;763528;RUNNING;0;4;0,000;0,000;0,000;0,000;0,000;0,000;0,000;0,000;0,000;0,000;0,000;0,000;0,000;0,000;0,000;0,000;0,000;0,000;0,000;0,000;24,81;24,06;24,81;24,81;24,12;24,56;600;600;
2026-07-07 16:09:24;764528;RUNNING;0;4;0,000;0,000;0,000;0,000;0,000;0,000;0,000;0,000;0,000;0,000;0,000;0,000;0,000;0,000;0,000;0,000;0,000;0,000;0,000;0,000;24,87;24,06;24,81;24,75;24,12;24,56;600;600;
2026-07-07 16:09:24;765528;RUNNING;0;4;0,000;0,000;0,000;0,000;0,000;0,000;0,000;0,000;0,000;0,000;0,000;0,000;0,000;0,000;0,000;0,000;0,000;0,000;0,000;0,000;24,81;24,06;24,81;24,75;24,12;24,56;600;600;
2026-07-07 16:09:25;766528;RUNNING;0;4;0,000;0,000;0,000;0,000;0,000;0,000;0,000;0,000;0,000;0,000;0,000;0,000;0,000;0,000;0,000;0,000;0,000;0,000;0,000;0,000;24,87;24,06;24,75;24,81;24,12;24,56;600;900;
2026-07-07 16:09:26;767528;RUNNING;0;4;0,000;0,000;0,000;0,000;0,000;0,000;0,000;0,000;0,000;0,000;0,000;0,000;0,000;0,000;0,000;0,000;0,000;0,000;0,000;0,000;24,81;24,06;24,81;24,81;24,12;24,56;600;900;
2026-07-07 16:09:28;768528;RUNNING;0;4;0,000;0,000;0,000;0,000;0,000;0,000;0,000;0,000;0,000;0,000;0,000;0,000;0,000;0,000;0,000;0,000;0,000;0,000;0,000;0,000;24,87;24,06;24,75;24,81;24,12;24,56;600;600;
2026-07-07 16:09:28;769528;RUNNING;0;4;0,000;0,000;0,000;0,000;0,000;0,000;0,000;0,000;0,000;0,000;0,000;0,000;0,000;0,000;0,000;0,000;0,000;0,000;0,000;0,000;24,81;24,06;24,75;24,81;24,12;24,56;600;600;
2026-07-07 16:09:29;770528;RUNNING;0;4;0,000;0,000;0,000;0,000;0,000;0,000;0,000;0,000;0,000;0,000;0,000;0,000;0,000;0,000;0,000;0,000;0,000;0,000;0,000;0,000;24,81;24,06;24,81;24,81;24,12;24,56;900;900;
2026-07-07 16:09:30;771528;RUNNING;0;4;0,000;0,000;0,000;0,000;0,000;0,000;0,000;0,000;0,000;0,000;0,000;0,000;0,000;0,000;0,000;0,000;0,000;0,000;0,000;0,000;24,87;24,06;24,81;24,75;24,12;24,56;900;900;
2026-07-07 16:09:32;772528;RUNNING;0;4;0,000;0,000;0,000;0,000;0,000;0,000;0,000;0,000;0,000;0,000;0,000;0,000;0,000;0,000;0,000;0,000;0,000;0,000;0,000;0,000;24,81;24,06;24,75;24,75;24,12;24,56;900;900;
2026-07-07 16:09:32;773528;RUNNING;0;4;0,000;0,000;0,000;0,000;0,000;0,000;0,000;0,000;0,000;0,000;0,000;0,000;0,000;0,000;0,000;0,000;0,000;0,000;0,000;0,000;24,81;24,06;24,75;24,75;24,12;24,56;900;600;
2026-07-07 16:09:33;774528;RUNNING;0;4;0,000;0,000;0,000;0,000;0,000;0,000;0,000;0,000;0,000;0,000;0,000;0,000;0,000;0,000;0,000;0,000;0,000;0,000;0,000;0,000;24,81;24,06;24,75;24,75;24,12;24,56;600;600;
2026-07-07 16:09:34;775528;RUNNING;0;4;0,000;0,000;0,000;0,000;0,000;0,000;0,000;0,000;0,000;0,000;0,000;0,000;0,000;0,000;0,000;0,000;0,000;0,000;0,000;0,000;24,87;24,06;24,75;24,75;24,12;24,50;600;600;
2026-07-07 16:09:35;776528;RUNNING;0;4;0,000;0,000;0,000;0,000;0,000;0,000;0,000;0,000;0,000;0,000;0,000;0,000;0,000;0,000;0,000;0,000;0,000;0,000;0,000;0,000;24,87;24,06;24,75;24,75;24,12;24,56;600;900;
2026-07-07 16:09:36;777528;RUNNING;0;4;0,000;0,000;0,000;0,000;0,000;0,000;0,000;0,000;0,000;0,000;0,000;0,000;0,000;0,000;0,000;0,000;0,000;0,000;0,000;0,000;24,87;24,06;24,75;24,75;24,12;24,50;600;900;
2026-07-07 16:09:37;778528;RUNNING;0;4;0,000;0,000;0,000;0,000;0,000;0,000;0,000;0,000;0,000;0,000;0,000;0,000;0,000;0,000;0,000;0,000;0,000;0,000;0,000;0,000;24,87;24,06;24,81;24,75;24,12;24,56;600;600;
2026-07-07 16:09:39;779528;RUNNING;0;4;0,000;0,000;0,000;0,000;0,000;0,000;0,000;0,000;0,000;0,000;0,000;0,000;0,000;0,000;0,000;0,000;0,000;0,000;0,000;0,000;24,81;24,06;24,75;24,75;24,12;24,56;900;600;
2026-07-07 16:09:39;780528;RUNNING;0;4;0,000;0,000;0,000;0,000;0,000;0,000;0,000;0,000;0,000;0,000;0,000;0,000;0,000;0,000;0,000;0,000;0,000;0,000;0,000;0,000;24,81;24,06;24,75;24,75;24,12;24,56;900;600;
2026-07-07 16:09:40;781528;RUNNING;0;4;0,000;0,000;0,000;0,000;0,000;0,000;0,000;0,000;0,000;0,000;0,000;0,000;0,000;0,000;0,000;0,000;0,000;0,000;0,000;0,000;24,81;24,06;24,75;24,75;24,06;24,50;900;900;
2026-07-07 16:09:41;782528;RUNNING;0;4;0,000;0,000;0,000;0,000;0,000;0,000;0,000;0,000;0,000;0,000;0,000;0,000;0,000;0,000;0,000;0,000;0,000;0,000;0,000;0,000;24,87;24,06;24,75;24,75;24,12;24,50;600;900;
2026-07-07 16:09:42;783528;RUNNING;0;4;0,000;0,000;0,000;0,000;0,000;0,000;0,000;0,000;0,000;0,000;0,000;0,000;0,000;0,000;0,000;0,000;0,000;0,000;0,000;0,000;24,81;24,06;24,75;24,75;24,06;24,50;600;900;
2026-07-07 16:09:43;784528;RUNNING;0;4;0,000;0,000;0,000;0,000;0,000;0,000;0,000;0,000;0,000;0,000;0,000;0,000;0,000;0,000;0,000;0,000;0,000;0,000;0,000;0,000;24,87;24,06;24,75;24,75;24,06;24,50;600;600;
2026-07-07 16:09:44;785528;RUNNING;0;4;0,000;0,000;0,000;0,000;0,000;0,000;0,000;0,000;0,000;0,000;0,000;0,000;0,000;0,000;0,000;0,000;0,000;0,000;0,000;0,000;24,87;24,06;24,75;24,75;24,06;24,50;600;600;
2026-07-07 16:09:46;786528;RUNNING;0;4;0,000;0,000;0,000;0,000;0,000;0,000;0,000;0,000;0,000;0,000;0,000;0,000;0,000;0,000;0,000;0,000;0,000;0,000;0,000;0,000;24,81;24,06;24,75;24,75;24,06;24,50;600;600;
2026-07-07 16:09:46;787528;RUNNING;0;4;0,000;0,000;0,000;0,000;0,000;0,000;0,000;0,000;0,000;0,000;0,000;0,000;0,000;0,000;0,000;0,000;0,000;0,000;0,000;0,000;24,81;24,06;24,75;24,75;24,06;24,50;600;900;
2026-07-07 16:09:47;788528;RUNNING;0;4;0,000;0,000;0,000;0,000;0,000;0,000;0,000;0,000;0,000;0,000;0,000;0,000;0,000;0,000;0,000;0,000;0,000;0,000;0,000;0,000;24,87;24,06;24,75;24,75;24,06;24,50;600;900;
2026-07-07 16:09:48;789528;RUNNING;0;4;0,000;0,000;0,000;0,000;0,000;0,000;0,000;0,000;0,000;0,000;0,000;0,000;0,000;0,000;0,000;0,000;0,000;0,000;0,000;0,000;24,87;24,06;24,75;24,75;24,06;24,50;600;600;
2026-07-07 16:09:49;790528;RUNNING;0;4;0,000;0,000;0,000;0,000;0,000;0,000;0,000;0,000;0,000;0,000;0,000;0,000;0,000;0,000;0,000;0,000;0,000;0,000;0,000;0,000;24,81;24,00;24,75;24,75;24,06;24,50;900;600;
2026-07-07 16:09:50;791528;RUNNING;0;4;0,000;0,000;0,000;0,000;0,000;0,000;0,000;0,000;0,000;0,000;0,000;0,000;0,000;0,000;0,000;0,000;0,000;0,000;0,000;0,000;24,87;24,06;24,75;24,69;24,06;24,50;900;600;
2026-07-07 16:09:51;792528;RUNNING;0;4;0,000;0,000;0,000;0,000;0,000;0,000;0,000;0,000;0,000;0,000;0,000;0,000;0,000;0,000;0,000;0,000;0,000;0,000;0,000;0,000;24,81;24,06;24,75;24,75;24,06;24,50;900;600;
2026-07-07 16:09:52;793528;RUNNING;0;4;0,000;0,000;0,000;0,000;0,000;0,000;0,000;0,000;0,000;0,000;0,000;0,000;0,000;0,000;0,000;0,000;0,000;0,000;0,000;0,000;24,87;24,06;24,75;24,69;24,06;24,50;900;900;
2026-07-07 16:09:53;794528;RUNNING;0;4;0,000;0,000;0,000;0,000;0,000;0,000;0,000;0,000;0,000;0,000;0,000;0,000;0,000;0,000;0,000;0,000;0,000;0,000;0,000;0,000;24,81;24,06;24,75;24,69;24,06;24,50;600;900;
2026-07-07 16:09:54;795528;RUNNING;0;4;0,000;0,000;0,000;0,000;0,000;0,000;0,000;0,000;0,000;0,000;0,000;0,000;0,000;0,000;0,000;0,000;0,000;0,000;0,000;0,000;24,81;24,06;24,69;24,69;24,06;24,50;600;600;
2026-07-07 16:09:55;796528;RUNNING;0;4;0,000;0,000;0,000;0,000;0,000;0,000;0,000;0,000;0,000;0,000;0,000;0,000;0,000;0,000;0,000;0,000;0,000;0,000;0,000;0,000;24,81;24,06;24,69;24,69;24,06;24,50;600;600;
2026-07-07 16:09:57;797528;RUNNING;0;4;0,000;0,000;0,000;0,000;0,000;0,000;0,000;0,000;0,000;0,000;0,000;0,000;0,000;0,000;0,000;0,000;0,000;0,000;0,000;0,000;24,87;24,06;24,75;24,69;24,06;24,50;600;600;
2026-07-07 16:09:57;798528;RUNNING;0;4;0,000;0,000;0,000;0,000;0,000;0,000;0,000;0,000;0,000;0,000;0,000;0,000;0,000;0,000;0,000;0,000;0,000;0,000;0,000;0,000;24,87;24,00;24,75;24,69;24,06;24,50;600;900;
2026-07-07 16:09:58;799528;RUNNING;0;4;0,000;0,000;0,000;0,000;0,000;0,000;0,000;0,000;0,000;0,000;0,000;0,000;0,000;0,000;0,000;0,000;0,000;0,000;0,000;0,000;24,81;24,06;24,75;24,69;24,06;24,50;600;900;
2026-07-07 16:09:59;800528;RUNNING;0;4;0,000;0,000;0,000;0,000;0,000;0,000;0,000;0,000;0,000;0,000;0,000;0,000;0,000;0,000;0,000;0,000;0,000;0,000;0,000;0,000;24,87;24,00;24,75;24,69;24,06;24,50;600;900;
2026-07-07 16:10:01;801528;RUNNING;0;4;0,000;0,000;0,000;0,000;0,000;0,000;0,000;0,000;0,000;0,000;0,000;0,000;0,000;0,000;0,000;0,000;0,000;0,000;0,000;0,000;24,81;24,00;24,69;24,69;24,06;24,50;600;600;
2026-07-07 16:10:01;802528;RUNNING;0;4;0,000;0,000;0,000;0,000;0,000;0,000;0,000;0,000;0,000;0,000;0,000;0,000;0,000;0,000;0,000;0,000;0,000;0,000;0,000;0,000;24,81;24,00;24,69;24,69;24,06;24,50;600;600;
2026-07-07 16:10:02;803528;RUNNING;0;4;0,000;0,000;0,000;0,000;0,000;0,000;0,000;0,000;0,000;0,000;0,000;0,000;0,000;0,000;0,000;0,000;0,000;0,000;0,000;0,000;24,81;24,00;24,69;24,69;24,06;24,50;600;600;
2026-07-07 16:10:03;804528;RUNNING;0;4;0,000;0,000;0,000;0,000;0,000;0,000;0,000;0,000;0,000;0,000;0,000;0,000;0,000;0,000;0,000;0,000;0,000;0,000;0,000;0,000;24,81;24,06;24,69;24,69;24,06;24,50;600;900;
2026-07-07 16:10:05;805528;RUNNING;0;4;0,000;0,000;0,000;0,000;0,000;0,000;0,000;0,000;0,000;0,000;0,000;0,000;0,000;0,000;0,000;0,000;0,000;0,000;0,000;0,000;24,81;24,00;24,69;24,69;24,06;24,44;600;900;
2026-07-07 16:10:05;806528;RUNNING;0;4;0,000;0,000;0,000;0,000;0,000;0,000;0,000;0,000;0,000;0,000;0,000;0,000;0,000;0,000;0,000;0,000;0,000;0,000;0,000;0,000;24,81;24,00;24,69;24,69;24,06;24,44;600;900;
2026-07-07 16:10:06;807528;RUNNING;0;4;0,000;0,000;0,000;0,000;0,000;0,000;0,000;0,000;0,000;0,000;0,000;0,000;0,000;0,000;0,000;0,000;0,000;0,000;0,000;0,000;24,81;24,00;24,69;24,69;24,06;24,50;600;600;
2026-07-07 16:10:07;808528;RUNNING;0;4;0,000;0,000;0,000;0,000;0,000;0,000;0,000;0,000;0,000;0,000;0,000;0,000;0,000;0,000;0,000;0,000;0,000;0,000;0,000;0,000;24,81;24,00;24,69;24,69;24,06;24,50;600;600;
2026-07-07 16:10:08;809528;RUNNING;0;4;0,000;0,000;0,000;0,000;0,000;0,000;0,000;0,000;0,000;0,000;0,000;0,000;0,000;0,000;0,000;0,000;0,000;0,000;0,000;0,000;24,81;24,00;24,69;24,69;24,06;24,50;900;600;
2026-07-07 16:10:09;810528;RUNNING;0;4;0,000;0,000;0,000;0,000;0,000;0,000;0,000;0,000;0,000;0,000;0,000;0,000;0,000;0,000;0,000;0,000;0,000;0,000;0,000;0,000;24,81;24,00;24,69;24,69;24,00;24,44;900;900;
2026-07-07 16:10:10;811528;RUNNING;0;4;0,000;0,000;0,000;0,000;0,000;0,000;0,000;0,000;0,000;0,000;0,000;0,000;0,000;0,000;0,000;0,000;0,000;0,000;0,000;0,000;24,81;24,00;24,69;24,69;24,06;24,44;900;900;
2026-07-07 16:10:11;812528;RUNNING;0;4;0,000;0,000;0,000;0,000;0,000;0,000;0,000;0,000;0,000;0,000;0,000;0,000;0,000;0,000;0,000;0,000;0,000;0,000;0,000;0,000;24,81;24,00;24,75;24,69;24,06;24,44;900;600;
2026-07-07 16:10:12;813528;RUNNING;0;4;0,000;0,000;0,000;0,000;0,000;0,000;0,000;0,000;0,000;0,000;0,000;0,000;0,000;0,000;0,000;0,000;0,000;0,000;0,000;0,000;24,81;24,00;24,69;24,62;24,00;24,44;900;600;
2026-07-07 16:10:13;814528;RUNNING;0;4;0,000;0,000;0,000;0,000;0,000;0,000;0,000;0,000;0,000;0,000;0,000;0,000;0,000;0,000;0,000;0,000;0,000;0,000;0,000;0,000;24,81;24,00;24,75;24,69;24,06;24,44;900;600;
2026-07-07 16:10:14;815528;RUNNING;0;4;0,000;0,000;0,000;0,000;0,000;0,000;0,000;0,000;0,000;0,000;0,000;0,000;0,000;0,000;0,000;0,000;0,000;0,000;0,000;0,000;24,81;24,00;24,69;24,62;24,00;24,44;600;900;
2026-07-07 16:10:16;816528;RUNNING;0;4;0,000;0,000;0,000;0,000;0,000;0,000;0,000;0,000;0,000;0,000;0,000;0,000;0,000;0,000;0,000;0,000;0,000;0,000;0,000;0,000;24,81;24,00;24,75;24,69;24,00;24,44;600;900;
2026-07-07 16:10:16;817528;RUNNING;0;4;0,000;0,000;0,000;0,000;0,000;0,000;0,000;0,000;0,000;0,000;0,000;0,000;0,000;0,000;0,000;0,000;0,000;0,000;0,000;0,000;24,81;24,00;24,69;24,69;24,00;24,44;600;900;
2026-07-07 16:10:17;818528;RUNNING;0;4;0,000;0,000;0,000;0,000;0,000;0,000;0,000;0,000;0,000;0,000;0,000;0,000;0,000;0,000;0,000;0,000;0,000;0,000;0,000;0,000;24,81;24,00;24,75;24,62;24,00;24,44;600;600;
2026-07-07 16:10:18;819528;RUNNING;0;4;0,000;0,000;0,000;0,000;0,000;0,000;0,000;0,000;0,000;0,000;0,000;0,000;0,000;0,000;0,000;0,000;0,000;0,000;0,000;0,000;24,81;24,00;24,75;24,62;24,00;24,44;600;600;
2026-07-07 16:10:19;820528;RUNNING;0;4;0,000;0,000;0,000;0,000;0,000;0,000;0,000;0,000;0,000;0,000;0,000;0,000;0,000;0,000;0,000;0,000;0,000;0,000;0,000;0,000;24,81;24,00;24,75;24,62;24,00;24,44;600;600;
2026-07-07 16:10:20;821528;RUNNING;0;4;0,000;0,000;0,000;0,000;0,000;0,000;0,000;0,000;0,000;0,000;0,000;0,000;0,000;0,000;0,000;0,000;0,000;0,000;0,000;0,000;24,81;24,00;24,69;24,62;24,00;24,44;600;900;
2026-07-07 16:10:21;822528;RUNNING;0;4;0,000;0,000;0,000;0,000;0,000;0,000;0,000;0,000;0,000;0,000;0,000;0,000;0,000;0,000;0,000;0,000;0,000;0,000;0,000;0,000;24,81;24,00;24,69;24,62;24,00;24,44;600;900;
2026-07-07 16:10:22;823528;RUNNING;0;4;0,000;0,000;0,000;0,000;0,000;0,000;0,000;0,000;0,000;0,000;0,000;0,000;0,000;0,000;0,000;0,000;0,000;0,000;0,000;0,000;24,81;24,00;24,69;24,62;24,00;24,44;600;600;
2026-07-07 16:10:23;824528;RUNNING;0;4;0,000;0,000;0,000;0,000;0,000;0,000;0,000;0,000;0,000;0,000;0,000;0,000;0,000;0,000;0,000;0,000;0,000;0,000;0,000;0,000;24,81;24,00;24,75;24,62;24,00;24,37;600;600;
2026-07-07 16:10:24;825528;RUNNING;0;4;0,000;0,000;0,000;0,000;0,000;0,000;0,000;0,000;0,000;0,000;0,000;0,000;0,000;0,000;0,000;0,000;0,000;0,000;0,000;0,000;24,81;24,00;24,69;24,62;24,00;24,44;600;600;
2026-07-07 16:10:25;826528;RUNNING;0;4;0,000;0,000;0,000;0,000;0,000;0,000;0,000;0,000;0,000;0,000;0,000;0,000;0,000;0,000;0,000;0,000;0,000;0,000;0,000;0,000;24,81;24,00;24,69;24,62;24,00;24,37;900;600;
2026-07-07 16:10:27;827528;RUNNING;0;4;0,000;0,000;0,000;0,000;0,000;0,000;0,000;0,000;0,000;0,000;0,000;0,000;0,000;0,000;0,000;0,000;0,000;0,000;0,000;0,000;24,81;24,00;24,69;24,62;24,00;24,44;900;900;
2026-07-07 16:10:27;828528;RUNNING;0;4;0,000;0,000;0,000;0,000;0,000;0,000;0,000;0,000;0,000;0,000;0,000;0,000;0,000;0,000;0,000;0,000;0,000;0,000;0,000;0,000;24,81;24,00;24,69;24,62;24,00;24,44;900;900;
2026-07-07 16:10:28;829528;RUNNING;0;4;0,000;0,000;0,000;0,000;0,000;0,000;0,000;0,000;0,000;0,000;0,000;0,000;0,000;0,000;0,000;0,000;0,000;0,000;0,000;0,000;24,81;24,00;24,69;24,62;24,00;24,44;900;600;
2026-07-07 16:10:29;830528;RUNNING;0;4;0,000;0,000;0,000;0,000;0,000;0,000;0,000;0,000;0,000;0,000;0,000;0,000;0,000;0,000;0,000;0,000;0,000;0,000;0,000;0,000;24,81;24,00;24,69;24,62;24,00;24,44;900;600;
2026-07-07 16:10:30;831528;RUNNING;0;4;0,000;0,000;0,000;0,000;0,000;0,000;0,000;0,000;0,000;0,000;0,000;0,000;0,000;0,000;0,000;0,000;0,000;0,000;0,000;0,000;24,81;24,00;24,69;24,62;24,00;24,37;900;600;
2026-07-07 16:10:31;832528;RUNNING;0;4;0,000;0,000;0,000;0,000;0,000;0,000;0,000;0,000;0,000;0,000;0,000;0,000;0,000;0,000;0,000;0,000;0,000;0,000;0,000;0,000;24,81;24,00;24,69;24,62;24,00;24,37;900;600;
2026-07-07 16:10:32;833528;RUNNING;0;4;0,000;0,000;0,000;0,000;0,000;0,000;0,000;0,000;0,000;0,000;0,000;0,000;0,000;0,000;0,000;0,000;0,000;0,000;0,000;0,000;24,81;24,00;24,69;24,62;24,00;24,37;900;900;
2026-07-07 16:10:33;834528;RUNNING;0;4;0,000;0,000;0,000;0,000;0,000;0,000;0,000;0,000;0,000;0,000;0,000;0,000;0,000;0,000;0,000;0,000;0,000;0,000;0,000;0,000;24,81;24,00;24,69;24,62;24,00;24,37;600;900;
2026-07-07 16:10:34;835528;RUNNING;0;4;0,000;0,000;0,000;0,000;0,000;0,000;0,000;0,000;0,000;0,000;0,000;0,000;0,000;0,000;0,000;0,000;0,000;0,000;0,000;0,000;24,81;23,94;24,69;24,62;23,94;24,37;600;900;
2026-07-07 16:10:35;836528;RUNNING;0;4;0,000;0,000;0,000;0,000;0,000;0,000;0,000;0,000;0,000;0,000;0,000;0,000;0,000;0,000;0,000;0,000;0,000;0,000;0,000;0,000;24,81;24,00;24,69;24,62;23,94;24,37;600;600;
2026-07-07 16:10:36;837528;RUNNING;0;4;0,000;0,000;0,000;0,000;0,000;0,000;0,000;0,000;0,000;0,000;0,000;0,000;0,000;0,000;0,000;0,000;0,000;0,000;0,000;0,000;24,81;24,00;24,69;24,62;23,94;24,37;600;600;
2026-07-07 16:10:38;838528;RUNNING;0;4;0,000;0,000;0,000;0,000;0,000;0,000;0,000;0,000;0,000;0,000;0,000;0,000;0,000;0,000;0,000;0,000;0,000;0,000;0,000;0,000;24,81;24,00;24,69;24,62;23,94;24,37;600;600;
2026-07-07 16:10:38;839528;RUNNING;0;4;0,000;0,000;0,000;0,000;0,000;0,000;0,000;0,000;0,000;0,000;0,000;0,000;0,000;0,000;0,000;0,000;0,000;0,000;0,000;0,000;24,81;24,00;24,69;24,56;23,94;24,37;600;900;
2026-07-07 16:10:39;840528;RUNNING;0;4;0,000;0,000;0,000;0,000;0,000;0,000;0,000;0,000;0,000;0,000;0,000;0,000;0,000;0,000;0,000;0,000;0,000;0,000;0,000;0,000;24,81;24,00;24,69;24,62;23,94;24,37;600;900;
2026-07-07 16:10:40;841528;RUNNING;0;4;0,000;0,000;0,000;0,000;0,000;0,000;0,000;0,000;0,000;0,000;0,000;0,000;0,000;0,000;0,000;0,000;0,000;0,000;0,000;0,000;24,81;23,94;24,69;24,62;23,94;24,37;600;600;
2026-07-07 16:10:41;842528;RUNNING;0;4;0,000;0,000;0,000;0,000;0,000;0,000;0,000;0,000;0,000;0,000;0,000;0,000;0,000;0,000;0,000;0,000;0,000;0,000;0,000;0,000;24,81;23,94;24,69;24,62;23,94;24,37;900;600;
2026-07-07 16:10:42;843528;RUNNING;0;4;0,000;0,000;0,000;0,000;0,000;0,000;0,000;0,000;0,000;0,000;0,000;0,000;0,000;0,000;0,000;0,000;0,000;0,000;0,000;0,000;24,81;24,00;24,69;24,62;23,94;24,37;900;600;
2026-07-07 16:10:43;844528;RUNNING;0;4;0,000;0,000;0,000;0,000;0,000;0,000;0,000;0,000;0,000;0,000;0,000;0,000;0,000;0,000;0,000;0,000;0,000;0,000;0,000;0,000;24,81;23,94;24,69;24,62;23,94;24,37;900;900;
2026-07-07 16:10:44;845528;RUNNING;0;4;0,000;0,000;0,000;0,000;0,000;0,000;0,000;0,000;0,000;0,000;0,000;0,000;0,000;0,000;0,000;0,000;0,000;0,000;0,000;0,000;24,81;24,00;24,69;24,56;23,94;24,37;900;900;
2026-07-07 16:10:45;846528;RUNNING;0;4;0,000;0,000;0,000;0,000;0,000;0,000;0,000;0,000;0,000;0,000;0,000;0,000;0,000;0,000;0,000;0,000;0,000;0,000;0,000;0,000;24,81;24,00;24,69;24,56;23,94;24,31;900;1200;
2026-07-07 16:10:46;847528;RUNNING;0;4;0,000;0,000;0,000;0,000;0,000;0,000;0,000;0,000;0,000;0,000;0,000;0,000;0,000;0,000;0,000;0,000;0,000;0,000;0,000;0,000;24,81;23,94;24,69;24,56;23,94;24,37;900;600;
2026-07-07 16:10:47;848528;RUNNING;0;4;0,000;0,000;0,000;0,000;0,000;0,000;0,000;0,000;0,000;0,000;0,000;0,000;0,000;0,000;0,000;0,000;0,000;0,000;0,000;0,000;24,81;23,94;24,69;24,62;23,94;24,37;600;600;
2026-07-07 16:10:49;849528;RUNNING;0;4;0,000;0,000;0,000;0,000;0,000;0,000;0,000;0,000;0,000;0,000;0,000;0,000;0,000;0,000;0,000;0,000;0,000;0,000;0,000;0,000;24,81;23,94;24,69;24,56;23,94;24,37;600;600;
2026-07-07 16:10:49;850528;RUNNING;0;4;0,000;0,000;0,000;0,000;0,000;0,000;0,000;0,000;0,000;0,000;0,000;0,000;0,000;0,000;0,000;0,000;0,000;0,000;0,000;0,000;24,81;23,94;24,69;24,56;23,94;24,37;600;900;
2026-07-07 16:10:50;851528;RUNNING;0;4;0,000;0,000;0,000;0,000;0,000;0,000;0,000;0,000;0,000;0,000;0,000;0,000;0,000;0,000;0,000;0,000;0,000;0,000;0,000;0,000;24,81;23,94;24,69;24,56;23,94;24,37;600;900;
2026-07-07 16:10:51;852528;RUNNING;0;4;0,000;0,000;0,000;0,000;0,000;0,000;0,000;0,000;0,000;0,000;0,000;0,000;0,000;0,000;0,000;0,000;0,000;0,000;0,000;0,000;24,81;23,94;24,69;24,56;23,87;24,31;600;900;
2026-07-07 16:10:53;853528;RUNNING;0;4;0,000;0,000;0,000;0,000;0,000;0,000;0,000;0,000;0,000;0,000;0,000;0,000;0,000;0,000;0,000;0,000;0,000;0,000;0,000;0,000;24,81;23,94;24,69;24,56;23,94;24,31;600;600;
2026-07-07 16:10:53;854528;RUNNING;0;4;0,000;0,000;0,000;0,000;0,000;0,000;0,000;0,000;0,000;0,000;0,000;0,000;0,000;0,000;0,000;0,000;0,000;0,000;0,000;0,000;24,81;23,94;24,69;24,56;23,94;24,37;600;600;
2026-07-07 16:10:54;855528;RUNNING;0;4;0,000;0,000;0,000;0,000;0,000;0,000;0,000;0,000;0,000;0,000;0,000;0,000;0,000;0,000;0,000;0,000;0,000;0,000;0,000;0,000;24,81;23,94;24,69;24,56;23,87;24,37;600;600;
2026-07-07 16:10:55;856528;RUNNING;0;4;0,000;0,000;0,000;0,000;0,000;0,000;0,000;0,000;0,000;0,000;0,000;0,000;0,000;0,000;0,000;0,000;0,000;0,000;0,000;0,000;24,81;23,94;24,69;24,56;23,87;24,31;900;900;
2026-07-07 16:10:57;857528;RUNNING;0;4;0,000;0,000;0,000;0,000;0,000;0,000;0,000;0,000;0,000;0,000;0,000;0,000;0,000;0,000;0,000;0,000;0,000;0,000;0,000;0,000;24,81;23,94;24,69;24,56;23,87;24,31;900;900;
2026-07-07 16:10:57;858528;RUNNING;0;4;0,000;0,000;0,000;0,000;0,000;0,000;0,000;0,000;0,000;0,000;0,000;0,000;0,000;0,000;0,000;0,000;0,000;0,000;0,000;0,000;24,81;23,94;24,69;24,56;23,87;24,31;900;600;
2026-07-07 16:10:58;859528;RUNNING;0;4;0,000;0,000;0,000;0,000;0,000;0,000;0,000;0,000;0,000;0,000;0,000;0,000;0,000;0,000;0,000;0,000;0,000;0,000;0,000;0,000;24,81;23,94;24,69;24,56;23,87;24,31;900;600;
2026-07-07 16:10:59;860528;RUNNING;0;4;0,000;0,000;0,000;0,000;0,000;0,000;0,000;0,000;0,000;0,000;0,000;0,000;0,000;0,000;0,000;0,000;0,000;0,000;0,000;0,000;24,81;23,94;24,69;24,56;23,87;24,31;600;600;
2026-07-07 16:11:00;861528;RUNNING;0;4;0,000;0,000;0,000;0,000;0,000;0,000;0,000;0,000;0,000;0,000;0,000;0,000;0,000;0,000;0,000;0,000;0,000;0,000;0,000;0,000;24,81;23,94;24,69;24,56;23,87;24,31;900;600;
2026-07-07 16:11:01;862528;RUNNING;0;4;0,000;0,000;0,000;0,000;0,000;0,000;0,000;0,000;0,000;0,000;0,000;0,000;0,000;0,000;0,000;0,000;0,000;0,000;0,000;0,000;24,81;23,94;24,69;24,56;23,87;24,31;600;900;
2026-07-07 16:11:02;863528;RUNNING;0;4;0,000;0,000;0,000;0,000;0,000;0,000;0,000;0,000;0,000;0,000;0,000;0,000;0,000;0,000;0,000;0,000;0,000;0,000;0,000;0,000;24,81;23,94;24,69;24,56;23,87;24,31;600;900;
2026-07-07 16:11:04;864528;RUNNING;0;4;0,000;0,000;0,000;0,000;0,000;0,000;0,000;0,000;0,000;0,000;0,000;0,000;0,000;0,000;0,000;0,000;0,000;0,000;0,000;0,000;24,81;23,94;24,69;24,56;23,87;24,31;600;600;
2026-07-07 16:11:04;865528;RUNNING;0;4;0,000;0,000;0,000;0,000;0,000;0,000;0,000;0,000;0,000;0,000;0,000;0,000;0,000;0,000;0,000;0,000;0,000;0,000;0,000;0,000;24,75;23,94;24,69;24,56;23,87;24,31;900;600;
2026-07-07 16:11:05;866528;RUNNING;0;4;0,000;0,000;0,000;0,000;0,000;0,000;0,000;0,000;0,000;0,000;0,000;0,000;0,000;0,000;0,000;0,000;0,000;0,000;0,000;0,000;24,81;23,94;24,69;24,56;23,87;24,31;900;600;
2026-07-07 16:11:06;867528;RUNNING;0;4;0,000;0,000;0,000;0,000;0,000;0,000;0,000;0,000;0,000;0,000;0,000;0,000;0,000;0,000;0,000;0,000;0,000;0,000;0,000;0,000;24,81;23,94;24,69;24,56;23,87;24,31;900;600;
2026-07-07 16:11:08;868528;RUNNING;0;4;0,000;0,000;0,000;0,000;0,000;0,000;0,000;0,000;0,000;0,000;0,000;0,000;0,000;0,000;0,000;0,000;0,000;0,000;0,000;0,000;24,81;23,87;24,69;24,56;23,87;24,31;600;900;
2026-07-07 16:11:08;869528;RUNNING;0;4;0,000;0,000;0,000;0,000;0,000;0,000;0,000;0,000;0,000;0,000;0,000;0,000;0,000;0,000;0,000;0,000;0,000;0,000;0,000;0,000;24,75;23,87;24,69;24,50;23,87;24,31;600;900;
2026-07-07 16:11:09;870528;RUNNING;0;4;0,000;0,000;0,000;0,000;0,000;0,000;0,000;0,000;0,000;0,000;0,000;0,000;0,000;0,000;0,000;0,000;0,000;0,000;0,000;0,000;24,81;23,94;24,69;24,56;23,87;24,31;600;600;
2026-07-07 16:11:10;871528;RUNNING;0;4;0,000;0,000;0,000;0,000;0,000;0,000;0,000;0,000;0,000;0,000;0,000;0,000;0,000;0,000;0,000;0,000;0,000;0,000;0,000;0,000;24,81;23,87;24,69;24,50;23,87;24,31;600;600;
2026-07-07 16:11:11;872528;RUNNING;0;4;0,000;0,000;0,000;0,000;0,000;0,000;0,000;0,000;0,000;0,000;0,000;0,000;0,000;0,000;0,000;0,000;0,000;0,000;0,000;0,000;24,81;23,94;24,62;24,56;23,87;24,25;600;600;
2026-07-07 16:11:12;873528;RUNNING;0;4;0,000;0,000;0,000;0,000;0,000;0,000;0,000;0,000;0,000;0,000;0,000;0,000;0,000;0,000;0,000;0,000;0,000;0,000;0,000;0,000;24,81;23,87;24,69;24,50;23,87;24,31;900;900;
2026-07-07 16:11:13;874528;RUNNING;0;4;0,000;0,000;0,000;0,000;0,000;0,000;0,000;0,000;0,000;0,000;0,000;0,000;0,000;0,000;0,000;0,000;0,000;0,000;0,000;0,000;24,81;23,87;24,62;24,56;23,87;24,31;1200;900;
2026-07-07 16:11:15;875528;RUNNING;0;4;0,000;0,000;0,000;0,000;0,000;0,000;0,000;0,000;0,000;0,000;0,000;0,000;0,000;0,000;0,000;0,000;0,000;0,000;0,000;0,000;24,75;23,87;24,62;24,50;23,87;24,31;900;900;
2026-07-07 16:11:15;876528;RUNNING;0;4;0,000;0,000;0,000;0,000;0,000;0,000;0,000;0,000;0,000;0,000;0,000;0,000;0,000;0,000;0,000;0,000;0,000;0,000;0,000;0,000;24,75;23,94;24,62;24,56;23,87;24,31;600;600;
2026-07-07 16:11:16;877528;RUNNING;0;4;0,000;0,000;0,000;0,000;0,000;0,000;0,000;0,000;0,000;0,000;0,000;0,000;0,000;0,000;0,000;0,000;0,000;0,000;0,000;0,000;24,81;23,87;24,62;24,56;23,87;24,31;600;600;
2026-07-07 16:11:17;878528;RUNNING;0;4;0,000;0,000;0,000;0,000;0,000;0,000;0,000;0,000;0,000;0,000;0,000;0,000;0,000;0,000;0,000;0,000;0,000;0,000;0,000;0,000;24,75;23,87;24,62;24,50;23,87;24,25;600;600;
2026-07-07 16:11:18;879528;RUNNING;0;4;0,000;0,000;0,000;0,000;0,000;0,000;0,000;0,000;0,000;0,000;0,000;0,000;0,000;0,000;0,000;0,000;0,000;0,000;0,000;0,000;24,75;23,87;24,62;24,50;23,81;24,31;600;900;
2026-07-07 16:11:19;880528;RUNNING;0;4;0,000;0,000;0,000;0,000;0,000;0,000;0,000;0,000;0,000;0,000;0,000;0,000;0,000;0,000;0,000;0,000;0,000;0,000;0,000;0,000;24,75;23,87;24,69;24,50;23,87;24,25;600;900;
2026-07-07 16:11:20;881528;RUNNING;0;4;0,000;0,000;0,000;0,000;0,000;0,000;0,000;0,000;0,000;0,000;0,000;0,000;0,000;0,000;0,000;0,000;0,000;0,000;0,000;0,000;24,81;23,87;24,62;24,50;23,81;24,25;600;900;
2026-07-07 16:11:21;882528;RUNNING;0;4;0,000;0,000;0,000;0,000;0,000;0,000;0,000;0,000;0,000;0,000;0,000;0,000;0,000;0,000;0,000;0,000;0,000;0,000;0,000;0,000;24,75;23,87;24,62;24,50;23,81;24,25;600;600;
2026-07-07 16:11:22;883528;RUNNING;0;4;0,000;0,000;0,000;0,000;0,000;0,000;0,000;0,000;0,000;0,000;0,000;0,000;0,000;0,000;0,000;0,000;0,000;0,000;0,000;0,000;24,75;23,87;24,62;24,50;23,87;24,25;900;600;
2026-07-07 16:11:23;884528;RUNNING;0;4;0,000;0,000;0,000;0,000;0,000;0,000;0,000;0,000;0,000;0,000;0,000;0,000;0,000;0,000;0,000;0,000;0,000;0,000;0,000;0,000;24,81;23,87;24,62;24,50;23,81;24,25;900;600;
2026-07-07 16:11:24;885528;RUNNING;0;4;0,000;0,000;0,000;0,000;0,000;0,000;0,000;0,000;0,000;0,000;0,000;0,000;0,000;0,000;0,000;0,000;0,000;0,000;0,000;0,000;24,75;23,87;24,62;24,50;23,81;24,25;900;900;
2026-07-07 16:11:26;886528;RUNNING;0;4;0,000;0,000;0,000;0,000;0,000;0,000;0,000;0,000;0,000;0,000;0,000;0,000;0,000;0,000;0,000;0,000;0,000;0,000;0,000;0,000;24,75;23,87;24,62;24,50;23,81;24,25;900;900;
2026-07-07 16:11:26;887528;RUNNING;0;4;0,000;0,000;0,000;0,000;0,000;0,000;0,000;0,000;0,000;0,000;0,000;0,000;0,000;0,000;0,000;0,000;0,000;0,000;0,000;0,000;24,75;23,87;24,62;24,50;23,81;24,25;600;600;
2026-07-07 16:11:27;888528;RUNNING;0;4;0,000;0,000;0,000;0,000;0,000;0,000;0,000;0,000;0,000;0,000;0,000;0,000;0,000;0,000;0,000;0,000;0,000;0,000;0,000;0,000;24,75;23,87;24,62;24,50;23,81;24,25;600;600;
2026-07-07 16:11:28;889528;RUNNING;0;4;0,000;0,000;0,000;0,000;0,000;0,000;0,000;0,000;0,000;0,000;0,000;0,000;0,000;0,000;0,000;0,000;0,000;0,000;0,000;0,000;24,75;23,87;24,62;24,50;23,81;24,25;600;600;
2026-07-07 16:11:30;890528;RUNNING;0;4;0,000;0,000;0,000;0,000;0,000;0,000;0,000;0,000;0,000;0,000;0,000;0,000;0,000;0,000;0,000;0,000;0,000;0,000;0,000;0,000;24,75;23,87;24,62;24,50;23,81;24,25;600;900;
2026-07-07 16:11:30;891528;RUNNING;0;4;0,000;0,000;0,000;0,000;0,000;0,000;0,000;0,000;0,000;0,000;0,000;0,000;0,000;0,000;0,000;0,000;0,000;0,000;0,000;0,000;24,75;23,87;24,62;24,50;23,81;24,25;600;900;
2026-07-07 16:11:31;892528;RUNNING;0;4;0,000;0,000;0,000;0,000;0,000;0,000;0,000;0,000;0,000;0,000;0,000;0,000;0,000;0,000;0,000;0,000;0,000;0,000;0,000;0,000;24,75;23,87;24,62;24,50;23,81;24,25;600;900;
2026-07-07 16:11:32;893528;RUNNING;0;4;0,000;0,000;0,000;0,000;0,000;0,000;0,000;0,000;0,000;0,000;0,000;0,000;0,000;0,000;0,000;0,000;0,000;0,000;0,000;0,000;24,75;23,87;24,62;24,50;23,81;24,25;600;600;
2026-07-07 16:11:34;894528;RUNNING;0;4;0,000;0,000;0,000;0,000;0,000;0,000;0,000;0,000;0,000;0,000;0,000;0,000;0,000;0,000;0,000;0,000;0,000;0,000;0,000;0,000;24,75;23,87;24,62;24,50;23,81;24,25;600;600;
2026-07-07 16:11:34;895528;RUNNING;0;4;0,000;0,000;0,000;0,000;0,000;0,000;0,000;0,000;0,000;0,000;0,000;0,000;0,000;0,000;0,000;0,000;0,000;0,000;0,000;0,000;24,75;23,87;24,62;24,50;23,81;24,25;600;600;
2026-07-07 16:11:35;896528;RUNNING;0;4;0,000;0,000;0,000;0,000;0,000;0,000;0,000;0,000;0,000;0,000;0,000;0,000;0,000;0,000;0,000;0,000;0,000;0,000;0,000;0,000;24,75;23,87;24,62;24,50;23,81;24,25;600;900;
2026-07-07 16:11:36;897528;RUNNING;0;4;0,000;0,000;0,000;0,000;0,000;0,000;0,000;0,000;0,000;0,000;0,000;0,000;0,000;0,000;0,000;0,000;0,000;0,000;0,000;0,000;24,75;23,87;24,56;24,50;23,81;24,25;600;900;
2026-07-07 16:11:37;898528;RUNNING;0;4;0,000;0,000;0,000;0,000;0,000;0,000;0,000;0,000;0,000;0,000;0,000;0,000;0,000;0,000;0,000;0,000;0,000;0,000;0,000;0,000;24,75;23,87;24,62;24,50;23,81;24,25;600;600;
2026-07-07 16:11:38;899528;RUNNING;0;4;0,000;0,000;0,000;0,000;0,000;0,000;0,000;0,000;0,000;0,000;0,000;0,000;0,000;0,000;0,000;0,000;0,000;0,000;0,000;0,000;24,75;23,81;24,62;24,50;23,81;24,25;900;600;
2026-07-07 16:11:39;900528;RUNNING;1;4;0,021;0,000;0,000;0,000;0,000;0,000;0,000;0,000;0,000;0,000;0,106;0,000;0,000;0,000;0,000;0,000;0,000;0,000;0,000;0,000;24,75;23,87;24,56;24,50;23,81;24,25;900;600;
2026-07-07 16:11:40;901528;RUNNING;1;4;0,031;0,017;0,000;0,000;0,000;0,000;0,000;0,000;0,000;0,000;0,148;0,060;0,000;0,000;0,000;0,000;0,000;0,000;0,000;0,000;24,75;23,87;24,56;24,44;23,81;24,25;900;600;
2026-07-07 16:11:41;902528;RUNNING;1;4;0,053;0,039;0,016;0,000;0,000;0,000;0,000;0,000;0,000;0,000;0,233;0,140;0,067;0,000;0,000;0,000;0,000;0,000;0,000;0,000;24,75;23,87;24,62;24,50;23,81;24,25;900;900;
2026-07-07 16:11:42;903528;RUNNING;1;4;0,073;0,060;0,038;0,016;0,000;0,000;0,000;0,000;0,000;0,000;0,316;0,224;0,154;0,053;0,000;0,000;0,000;0,000;0,000;0,000;24,75;23,81;24,56;24,44;23,81;24,25;900;900;
2026-07-07 16:11:43;904528;RUNNING;1;4;0,096;0,081;0,061;0,038;0,023;0,000;0,000;0,000;0,000;0,000;0,399;0,306;0,234;0,140;0,093;0,000;0,000;0,000;0,000;0,000;24,75;23,87;24,56;24,44;23,75;24,25;900;600;
2026-07-07 16:11:44;905528;RUNNING;1;4;0,117;0,103;0,082;0,058;0,037;0,018;0,000;0,000;0,000;0,000;0,479;0,390;0,315;0,222;0,153;0,094;0,000;0,000;0,000;0,000;24,75;23,81;24,56;24,44;23,81;24,25;600;600;
2026-07-07 16:11:45;906528;RUNNING;1;4;0,139;0,124;0,104;0,080;0,059;0,039;0,016;0,000;0,000;0,000;0,560;0,473;0,399;0,306;0,235;0,179;0,116;0,000;0,000;0,000;24,75;23,87;24,56;24,44;23,81;24,25;600;600;
2026-07-07 16:11:46;907528;RUNNING;1;4;0,160;0,146;0,125;0,101;0,080;0,060;0,038;0,018;0,000;0,000;0,643;0,555;0,482;0,390;0,320;0,258;0,196;0,097;0,000;0,000;24,75;23,81;24,56;24,44;23,81;24,19;600;600;
2026-07-07 16:11:47;908529;RUNNING;1;4;0,182;0,167;0,147;0,123;0,101;0,082;0,059;0,038;0,018;0,000;0,726;0,641;0,562;0,472;0,401;0,342;0,282;0,175;0,099;0,000;24,75;23,81;24,56;24,44;23,75;24,25;600;900;
2026-07-07 16:11:48;909529;RUNNING;1;4;0,203;0,190;0,169;0,144;0,123;0,103;0,081;0,061;0,040;0,017;0,807;0,724;0,646;0,554;0,483;0,423;0,361;0,256;0,177;0,098;24,75;23,87;24,56;24,44;23,81;24,25;600;900;
2026-07-07 16:11:49;910529;RUNNING;1;4;0,225;0,211;0,190;0,165;0,144;0,125;0,102;0,082;0,061;0,040;0,892;0,806;0,731;0,637;0,566;0,506;0,442;0,338;0,260;0,183;24,75;23,81;24,56;24,44;23,81;24,19;600;900;
2026-07-07 16:11:50;911529;RUNNING;1;4;0,246;0,232;0,212;0,187;0,166;0,146;0,123;0,103;0,083;0,060;0,971;0,890;0,813;0,721;0,648;0,587;0,523;0,422;0,343;0,264;24,75;23,81;24,56;24,44;23,75;24,19;600;600;
2026-07-07 16:11:51;912529;RUNNING;1;4;0,268;0,254;0,234;0,208;0,188;0,167;0,145;0,125;0,104;0,082;1,054;0,972;0,895;0,805;0,731;0,670;0,606;0,504;0,426;0,346;24,75;23,81;24,56;24,44;23,81;24,25;900;600;
2026-07-07 16:11:52;913529;RUNNING;1;4;0,290;0,275;0,255;0,230;0,208;0,189;0,167;0,147;0,126;0,104;1,137;1,055;0,976;0,887;0,813;0,754;0,688;0,585;0,508;0,429;24,75;23,87;24,56;24,44;23,75;24,19;900;600;
2026-07-07 16:11:53;914529;RUNNING;1;4;0,311;0,297;0,277;0,251;0,230;0,210;0,188;0,168;0,147;0,125;1,219;1,139;1,060;0,969;0,896;0,837;0,769;0,667;0,589;0,510;24,75;23,81;24,56;24,44;23,75;24,19;900;900;
2026-07-07 16:11:54;915529;RUNNING;1;4;0,333;0,318;0,299;0,272;0,252;0,231;0,210;0,190;0,169;0,146;1,302;1,223;1,143;1,052;0,978;0,920;0,850;0,750;0,672;0,593;24,75;23,81;24,56;24,44;23,75;24,19;900;900;
2026-07-07 16:11:55;916529;RUNNING;1;4;0,354;0,340;0,321;0,294;0,273;0,253;0,231;0,212;0,190;0,168;1,385;1,305;1,225;1,134;1,060;0,999;0,933;0,833;0,755;0,674;24,75;23,81;24,56;24,44;23,75;24,25;600;900;
2026-07-07 16:11:56;917529;RUNNING;1;4;0,376;0,361;0,343;0,315;0,295;0,274;0,252;0,234;0,212;0,190;1,466;1,390;1,309;1,218;1,143;1,082;1,014;0,914;0,839;0,758;24,75;23,81;24,56;24,44;23,75;24,19;600;600;
2026-07-07 16:11:57;918529;RUNNING;1;4;0,397;0,383;0,364;0,337;0,316;0,295;0,274;0,256;0,234;0,211;1,549;1,472;1,390;1,300;1,227;1,166;1,097;0,997;0,920;0,841;24,75;23,81;24,56;24,44;23,75;24,19;600;600;
2026-07-07 16:11:58;919529;RUNNING;1;4;0,419;0,405;0,386;0,358;0,338;0,317;0,295;0,277;0,255;0,233;1,632;1,555;1,476;1,383;1,306;1,247;1,179;1,081;1,003;0,924;24,75;23,81;24,56;24,44;23,75;24,19;600;600;
2026-07-07 16:11:59;920529;RUNNING;1;4;0,441;0,426;0,408;0,380;0,359;0,338;0,317;0,299;0,276;0,254;1,713;1,637;1,559;1,467;1,392;1,330;1,260;1,162;1,084;1,003;24,75;23,81;24,56;24,44;23,75;24,19;900;600;
2026-07-07 16:12:00;921529;RUNNING;1;4;0,462;0,447;0,429;0,401;0,380;0,359;0,338;0,321;0,299;0,276;1,794;1,721;1,641;1,549;1,473;1,413;1,341;1,243;1,166;1,088;24,75;23,81;24,56;24,44;23,75;24,19;900;600;
2026-07-07 16:12:01;922529;RUNNING;1;4;0,483;0,469;0,452;0,422;0,402;0,381;0,359;0,342;0,320;0,297;1,879;1,805;1,723;1,634;1,555;1,494;1,424;1,330;1,251;1,169;24,75;23,81;24,56;24,50;23,75;24,19;600;600;
2026-07-07 16:12:02;923529;RUNNING;1;4;0,505;0,491;0,473;0,444;0,424;0,402;0,381;0,364;0,342;0,319;1,959;1,887;1,804;1,716;1,638;1,578;1,507;1,410;1,332;1,252;24,75;23,81;24,56;24,50;23,75;24,19;600;900;
2026-07-07 16:12:04;924529;RUNNING;1;4;0,526;0,512;0,495;0,465;0,445;0,424;0,403;0,386;0,364;0,341;2,042;1,970;1,888;1,798;1,723;1,659;1,588;1,493;1,413;1,335;24,75;23,81;24,56;24,50;23,75;24,19;900;900;
2026-07-07 16:12:04;925529;RUNNING;1;4;0,548;0,534;0,517;0,487;0,466;0,445;0,424;0,407;0,385;0,362;2,125;2,054;1,971;1,882;1,805;1,740;1,671;1,574;1,497;1,418;24,69;23,81;24,56;24,50;23,75;24,19;900;900;
2026-07-07 16:12:05;926529;RUNNING;1;4;0,569;0,555;0,538;0,508;0,488;0,467;0,445;0,429;0,407;0,383;2,206;2,136;2,053;1,966;1,887;1,823;1,752;1,657;1,578;1,500;24,75;23,81;24,56;24,44;23,75;24,19;900;900;
2026-07-07 16:12:06;927529;RUNNING;1;4;0,591;0,577;0,560;0,530;0,510;0,488;0,468;0,451;0,428;0,406;2,289;2,219;2,137;2,048;1,970;1,905;1,834;1,739;1,661;1,583;24,75;23,81;24,56;24,50;23,75;24,19;1200;900;
2026-07-07 16:12:07;928529;RUNNING;1;4;0,612;0,599;0,582;0,551;0,531;0,509;0,488;0,473;0,450;0,427;2,370;2,303;2,218;2,131;2,053;1,990;1,917;1,822;1,744;1,664;24,69;23,81;24,56;24,44;23,75;24,19;900;1200;
2026-07-07 16:12:08;929529;RUNNING;1;4;0,634;0,620;0,603;0,572;0,554;0,531;0,510;0,495;0,471;0,449;2,452;2,385;2,302;2,213;2,135;2,071;2,000;1,903;1,826;1,745;24,69;23,81;24,56;24,50;23,75;24,19;900;900;
2026-07-07 16:12:10;930529;RUNNING;1;4;0,655;0,643;0,625;0,593;0,574;0,552;0,532;0,516;0,493;0,470;2,534;2,469;2,384;2,295;2,218;2,152;2,079;1,985;1,909;1,827;24,69;23,81;24,56;24,50;23,75;24,19;1200;900;
2026-07-07 16:12:10;931529;RUNNING;1;4;0,678;0,664;0,648;0,615;0,596;0,574;0,553;0,538;0,514;0,492;2,616;2,552;2,467;2,379;2,302;2,234;2,163;2,068;1,990;1,910;24,69;23,81;24,56;24,50;23,75;24,19;1200;900;
2026-07-07 16:12:11;932529;RUNNING;1;4;0,699;0,686;0,669;0,637;0,617;0,595;0,574;0,560;0,536;0,513;2,700;2,636;2,551;2,463;2,382;2,317;2,244;2,151;2,071;1,993;24,69;23,75;24,56;24,50;23,75;24,19;1200;1200;
2026-07-07 16:12:12;933529;RUNNING;1;4;0,720;0,707;0,691;0,658;0,639;0,616;0,596;0,582;0,558;0,535;2,782;2,720;2,634;2,546;2,465;2,398;2,327;2,234;2,155;2,074;24,69;23,81;24,56;24,50;23,75;24,19;1200;1200;
2026-07-07 16:12:13;934529;RUNNING;1;4;0,742;0,729;0,713;0,680;0,660;0,638;0,618;0,603;0,579;0,557;2,865;2,802;2,716;2,630;2,549;2,483;2,408;2,315;2,236;2,157;24,69;23,81;24,50;24,50;23,75;24,19;1200;1500;
2026-07-07 16:12:14;935529;RUNNING;1;4;0,764;0,750;0,735;0,702;0,683;0,660;0,640;0,625;0,601;0,578;2,946;2,885;2,799;2,712;2,632;2,564;2,489;2,395;2,319;2,240;24,69;23,75;24,56;24,50;23,75;24,19;1200;1200;
2026-07-07 16:12:15;936529;RUNNING;1;4;0,786;0,772;0,756;0,723;0,704;0,682;0,661;0,647;0,623;0,599;3,029;2,969;2,883;2,796;2,714;2,649;2,572;2,480;2,402;2,322;24,69;23,81;24,50;24,50;23,75;24,19;1500;1200;
2026-07-07 16:12:16;937529;RUNNING;1;4;0,808;0,794;0,778;0,745;0,725;0,703;0,683;0,669;0,644;0,621;3,112;3,054;2,964;2,877;2,797;2,731;2,656;2,561;2,484;2,403;24,69;23,75;24,50;24,50;23,75;24,19;1200;1500;
2026-07-07 16:12:18;938529;RUNNING;1;4;0,829;0,815;0,800;0,766;0,746;0,724;0,704;0,691;0,666;0,643;3,195;3,136;3,046;2,961;2,879;2,810;2,737;2,646;2,565;2,486;24,69;23,75;24,50;24,50;23,75;24,19;1500;1800;
2026-07-07 16:12:18;939529;RUNNING;1;4;0,851;0,837;0,822;0,787;0,768;0,746;0,726;0,712;0,688;0,664;3,276;3,220;3,131;3,045;2,962;2,895;2,818;2,729;2,650;2,569;24,62;23,75;24,50;24,50;23,75;24,19;1500;1500;
2026-07-07 16:12:19;940529;RUNNING;1;4;0,872;0,859;0,844;0,809;0,789;0,767;0,747;0,735;0,710;0,686;3,359;3,303;3,213;3,128;3,045;2,975;2,901;2,811;2,731;2,652;24,69;23,75;24,50;24,50;23,75;24,19;1200;1500;
2026-07-07 16:12:20;941529;RUNNING;1;4;0,894;0,881;0,866;0,831;0,812;0,789;0,768;0,756;0,732;0,708;3,442;3,385;3,297;3,210;3,130;3,058;2,983;2,892;2,813;2,733;24,69;23,75;24,50;24,50;23,75;24,19;1500;1500;
2026-07-07 16:12:21;942529;RUNNING;1;4;0,916;0,902;0,889;0,852;0,833;0,810;0,790;0,778;0,754;0,729;3,527;3,467;3,378;3,292;3,212;3,143;3,064;2,975;2,896;2,815;24,69;23,75;24,50;24,50;23,75;24,19;1500;1800;
2026-07-07 16:12:22;943529;RUNNING;1;4;0,938;0,924;0,910;0,874;0,855;0,833;0,812;0,800;0,774;0,751;3,608;3,553;3,460;3,376;3,294;3,224;3,147;3,058;2,979;2,898;24,69;23,75;24,50;24,50;23,75;24,25;1500;1500;
2026-07-07 16:12:24;944529;RUNNING;1;4;0,960;0,946;0,931;0,896;0,877;0,854;0,834;0,821;0,796;0,773;3,689;3,636;3,545;3,460;3,377;3,307;3,230;3,142;3,060;2,979;24,62;23,75;24,50;24,50;23,81;24,25;1800;1500;
2026-07-07 16:12:24;945529;RUNNING;1;4;0,981;0,968;0,953;0,917;0,899;0,875;0,855;0,844;0,817;0,794;3,774;3,718;3,629;3,545;3,461;3,390;3,311;3,223;3,143;3,062;24,62;23,75;24,50;24,50;23,81;24,19;1800;1800;
2026-07-07 16:12:25;946529;RUNNING;1;4;1,004;0,989;0,976;0,939;0,920;0,897;0,877;0,865;0,840;0,816;3,855;3,802;3,712;3,627;3,546;3,471;3,392;3,304;3,226;3,145;24,62;23,75;24,50;24,56;23,81;24,25;1800;1500;
2026-07-07 16:12:26;947529;RUNNING;1;4;1,025;1,011;0,998;0,960;0,942;0,918;0,899;0,888;0,861;0,838;3,938;3,884;3,796;3,711;3,627;3,556;3,475;3,389;3,308;3,227;24,62;23,75;24,50;24,56;23,81;24,25;1800;1500;
2026-07-07 16:12:27;948529;RUNNING;1;4;1,047;1,033;1,020;0,982;0,964;0,940;0,921;0,909;0,884;0,859;4,020;3,967;3,879;3,794;3,709;3,638;3,559;3,471;3,391;3,310;24,62;23,75;24,50;24,50;23,81;24,25;1800;1800;
2026-07-07 16:12:28;949529;RUNNING;1;4;1,068;1,054;1,042;1,004;0,986;0,961;0,943;0,931;0,905;0,882;4,103;4,051;3,963;3,878;3,794;3,719;3,640;3,556;3,474;3,393;24,62;23,69;24,50;24,56;23,81;24,19;1800;1800;
2026-07-07 16:12:29;950529;RUNNING;1;4;1,090;1,077;1,063;1,025;1,007;0,983;0,964;0,953;0,926;0,903;4,184;4,133;4,045;3,962;3,876;3,804;3,723;3,637;3,557;3,474;24,62;23,75;24,50;24,56;23,81;24,25;1800;1800;
2026-07-07 16:12:31;951529;RUNNING;1;4;1,112;1,098;1,086;1,047;1,029;1,005;0,986;0,975;0,948;0,925;4,267;4,217;4,126;4,044;3,959;3,885;3,805;3,720;3,638;3,559;24,62;23,75;24,50;24,56;23,81;24,25;1500;1800;
2026-07-07 16:12:31;952529;RUNNING;1;4;1,134;1,120;1,108;1,069;1,051;1,027;1,007;0,998;0,970;0,946;4,350;4,300;4,210;4,127;4,042;3,968;3,886;3,801;3,720;3,640;24,62;23,69;24,50;24,62;23,81;24,25;1800;1800;
2026-07-07 16:12:32;953529;RUNNING;1;4;1,156;1,141;1,130;1,091;1,073;1,048;1,029;1,019;0,992;0,968;4,431;4,384;4,292;4,209;4,126;4,051;3,971;3,885;3,803;3,721;24,62;23,75;24,44;24,56;23,81;24,25;2100;1800;
2026-07-07 16:12:33;954529;RUNNING;1;4;1,177;1,163;1,151;1,111;1,094;1,070;1,051;1,041;1,014;0,989;4,514;4,464;4,375;4,293;4,208;4,133;4,052;3,968;3,884;3,804;24,62;23,69;24,44;24,62;23,81;24,25;2100;2100;
2026-07-07 16:12:34;955529;RUNNING;1;4;1,199;1,185;1,174;1,134;1,116;1,092;1,073;1,063;1,035;1,012;4,595;4,548;4,459;4,377;4,289;4,216;4,134;4,049;3,967;3,887;24,62;23,69;24,50;24,62;23,81;24,25;2100;2100;
2026-07-07 16:12:35;956529;RUNNING;1;4;1,221;1,206;1,196;1,155;1,138;1,113;1,094;1,085;1,057;1,033;4,678;4,631;4,540;4,459;4,373;4,297;4,215;4,131;4,051;3,969;24,62;23,69;24,44;24,62;23,81;24,25;2100;2100;
2026-07-07 16:12:37;957529;RUNNING;1;4;1,243;1,228;1,218;1,177;1,159;1,135;1,116;1,107;1,078;1,055;4,761;4,715;4,626;4,541;4,456;4,380;4,298;4,214;4,132;4,052;24,56;23,69;24,50;24,62;23,87;24,25;2100;2100;
2026-07-07 16:12:37;958529;RUNNING;1;4;1,265;1,250;1,240;1,199;1,182;1,156;1,138;1,129;1,101;1,077;4,843;4,795;4,707;4,624;4,538;4,462;4,381;4,297;4,215;4,135;24,62;23,69;24,44;24,62;23,87;24,25;1800;2100;
2026-07-07 16:12:38;959529;RUNNING;1;4;1,286;1,272;1,263;1,220;1,203;1,178;1,160;1,151;1,122;1,099;4,926;4,879;4,789;4,708;4,621;4,543;4,462;4,378;4,296;4,216;24,56;23,69;24,44;24,62;23,87;24,25;1800;2100;
2026-07-07 16:12:39;960529;RUNNING;1;4;1,308;1,295;1,283;1,243;1,225;1,200;1,181;1,173;1,144;1,120;5,004;4,963;4,873;4,788;4,704;4,626;4,544;4,461;4,378;4,299;24,56;23,69;24,44;24,69;23,87;24,25;2400;1800;
2026-07-07 16:12:41;961628;RUNNING;1;4;1,307;1,305;1,309;1,266;1,249;1,224;1,205;1,197;1,168;1,145;5,000;5,002;4,963;4,880;4,795;4,718;4,634;4,551;4,468;4,389;24,56;23,69;24,44;24,69;23,87;24,25;1800;2100;
2026-07-07 16:12:42;962628;RUNNING;1;4;1,307;1,304;1,319;1,288;1,271;1,246;1,227;1,219;1,190;1,166;5,002;5,002;5,002;4,962;4,880;4,801;4,717;4,633;4,551;4,470;24,56;23,69;24,44;24,69;23,87;24,31;2100;2100;
2026-07-07 16:12:43;963628;RUNNING;1;4;1,307;1,305;1,319;1,298;1,292;1,267;1,249;1,241;1,212;1,188;5,002;5,002;5,002;5,002;4,961;4,882;4,799;4,716;4,632;4,552;24,56;23,69;24,44;24,69;23,87;24,31;2100;2100;
2026-07-07 16:12:44;964628;RUNNING;1;4;1,307;1,305;1,319;1,298;1,303;1,289;1,271;1,263;1,234;1,209;5,002;5,002;5,000;5,002;5,002;4,965;4,880;4,797;4,715;4,635;24,56;23,69;24,44;24,69;23,87;24,31;2100;2100;
2026-07-07 16:12:45;965628;RUNNING;1;4;1,307;1,305;1,319;1,298;1,304;1,299;1,292;1,285;1,255;1,231;5,000;5,002;5,000;5,002;5,002;5,003;4,963;4,880;4,797;4,716;24,56;23,69;24,44;24,69;23,87;24,31;2100;2100;
2026-07-07 16:12:46;966628;RUNNING;1;4;1,307;1,305;1,319;1,298;1,304;1,299;1,303;1,307;1,276;1,252;5,000;5,002;5,002;5,002;5,002;5,003;5,000;4,962;4,880;4,797;24,56;23,69;24,44;24,69;23,87;24,31;2100;2100;
2026-07-07 16:12:47;967628;RUNNING;1;4;1,307;1,304;1,319;1,298;1,304;1,299;1,303;1,318;1,299;1,275;5,000;5,002;5,000;5,002;5,002;5,001;5,000;5,001;4,963;4,881;24,56;23,69;24,44;24,69;23,94;24,31;2100;2100;
2026-07-07 16:12:48;968629;RUNNING;1;4;1,307;1,306;1,319;1,298;1,304;1,299;1,303;1,317;1,309;1,296;5,000;5,000;5,002;5,000;5,002;5,001;5,000;5,001;5,005;4,962;24,56;23,62;24,44;24,69;23,94;24,31;2100;2100;
2026-07-07 16:12:49;969728;RUNNING;1;4;1,307;1,305;1,319;1,299;1,304;1,299;1,303;1,318;1,309;1,307;5,000;5,000;5,000;5,002;5,002;5,003;5,000;4,999;5,000;5,003;24,50;23,62;24,44;24,75;23,94;24,37;2100;2100;
2026-07-07 16:12:50;970728;RUNNING;1;4;1,308;1,306;1,319;1,298;1,304;1,300;1,303;1,318;1,310;1,308;4,998;5,002;5,000;5,002;5,002;5,003;5,000;5,001;5,000;5,001;24,50;23,69;24,37;24,75;23,94;24,37;2100;2100;
2026-07-07 16:12:51;971728;RUNNING;1;4;1,308;1,305;1,319;1,298;1,304;1,299;1,303;1,318;1,310;1,307;5,000;5,000;5,000;5,000;5,002;5,001;5,000;4,999;5,000;5,001;24,56;23,62;24,44;24,75;23,94;24,37;2100;2100;
2026-07-07 16:12:52;972728;RUNNING;1;4;1,308;1,305;1,320;1,299;1,304;1,299;1,303;1,318;1,309;1,307;5,000;5,002;5,000;5,000;5,002;5,001;5,000;4,999;5,000;5,001;24,50;23,62;24,37;24,81;24,00;24,37;2100;1800;
2026-07-07 16:12:53;973728;RUNNING;1;4;1,308;1,305;1,319;1,299;1,304;1,300;1,304;1,318;1,309;1,307;5,000;5,002;5,000;5,002;5,004;5,001;5,000;4,999;5,000;5,001;24,50;23,62;24,37;24,75;24,00;24,37;2100;1800;
2026-07-07 16:12:54;974728;RUNNING;1;4;1,307;1,306;1,319;1,299;1,304;1,300;1,304;1,318;1,310;1,307;5,000;5,000;5,002;5,002;5,002;5,001;5,000;5,001;5,000;5,001;24,50;23,62;24,44;24,81;24,00;24,44;2100;1800;
2026-07-07 16:12:55;975728;RUNNING;1;4;1,308;1,305;1,320;1,299;1,304;1,299;1,304;1,318;1,310;1,308;5,000;5,000;5,000;5,000;5,002;5,001;5,002;4,999;5,000;5,001;24,50;23,62;24,44;24,81;24,00;24,44;2100;1800;
2026-07-07 16:12:56;976728;RUNNING;1;4;1,308;1,304;1,319;1,299;1,305;1,300;1,304;1,318;1,310;1,307;5,000;5,000;5,000;5,000;5,002;5,001;5,000;4,999;5,000;4,999;24,50;23,62;24,44;24,81;24,06;24,44;2100;2100;
2026-07-07 16:12:57;977728;RUNNING;1;4;1,308;1,305;1,320;1,299;1,304;1,300;1,304;1,318;1,310;1,307;5,000;5,000;5,000;5,000;5,002;5,001;5,002;4,999;5,002;5,001;24,50;23,62;24,44;24,81;24,06;24,44;2100;2100;
2026-07-07 16:12:58;978728;RUNNING;1;4;1,308;1,306;1,319;1,298;1,304;1,300;1,303;1,318;1,310;1,308;5,000;5,000;5,000;5,002;5,002;5,001;5,000;5,001;5,000;5,001;24,50;23,62;24,44;24,87;24,06;24,50;2100;2100;
2026-07-07 16:12:59;979728;RUNNING;1;4;1,308;1,305;1,320;1,299;1,304;1,300;1,304;1,318;1,310;1,308;5,000;5,000;5,002;5,000;5,002;5,001;5,002;4,999;5,000;5,003;24,50;23,62;24,44;24,87;24,06;24,50;2100;2100;
2026-07-07 16:13:00;980728;RUNNING;1;4;1,308;1,305;1,319;1,299;1,304;1,301;1,304;1,319;1,310;1,307;5,000;5,000;5,000;5,000;5,002;5,001;5,000;5,001;5,000;5,001;24,50;23,62;24,44;24,87;24,06;24,50;2100;2100;
2026-07-07 16:13:01;981728;RUNNING;1;4;1,308;1,305;1,320;1,299;1,304;1,300;1,304;1,318;1,310;1,307;5,000;5,000;5,000;5,000;5,002;5,001;5,000;5,001;5,000;5,001;24,50;23,69;24,37;24,87;24,06;24,50;2100;2100;
2026-07-07 16:13:02;982728;RUNNING;1;4;1,308;1,306;1,320;1,299;1,304;1,300;1,304;1,318;1,310;1,308;5,000;5,002;5,000;5,000;5,002;5,001;5,002;4,999;5,000;5,001;24,50;23,69;24,44;24,87;24,12;24,50;2100;2100;
2026-07-07 16:13:03;983728;RUNNING;1;4;1,308;1,306;1,320;1,299;1,305;1,300;1,304;1,318;1,310;1,308;5,000;5,000;5,002;5,000;5,002;5,001;5,000;4,999;5,000;5,001;24,50;23,69;24,44;24,87;24,12;24,50;2100;2100;
2026-07-07 16:13:04;984728;RUNNING;1;4;1,308;1,305;1,320;1,299;1,305;1,300;1,304;1,319;1,310;1,309;5,000;5,000;5,002;5,000;5,002;5,001;5,000;4,999;5,000;5,001;24,44;23,69;24,44;24,87;24,12;24,56;2100;2100;
2026-07-07 16:13:05;985728;RUNNING;1;4;1,308;1,306;1,319;1,298;1,305;1,301;1,304;1,319;1,310;1,308;5,000;5,000;5,000;5,002;5,004;5,001;5,002;5,001;5,000;5,001;24,50;23,62;24,44;24,94;24,12;24,56;2100;2100;
2026-07-07 16:13:06;986728;RUNNING;1;4;1,309;1,305;1,320;1,298;1,305;1,301;1,304;1,319;1,310;1,308;5,000;5,000;5,000;5,002;5,002;5,001;5,002;4,999;5,000;5,003;24,44;23,69;24,44;24,94;24,19;24,56;2100;2100;
2026-07-07 16:13:07;987728;RUNNING;1;4;1,308;1,306;1,320;1,300;1,305;1,300;1,304;1,319;1,310;1,308;5,000;5,000;5,000;5,000;5,002;5,001;5,000;4,999;5,000;5,001;24,44;23,62;24,44;24,94;24,19;24,56;2100;2100;
2026-07-07 16:13:08;988728;RUNNING;1;4;1,309;1,306;1,319;1,299;1,305;1,300;1,304;1,319;1,310;1,308;4,998;5,000;5,002;5,000;5,002;4,999;5,002;5,001;5,000;5,001;24,44;23,62;24,44;24,94;24,19;24,56;2100;2100;
2026-07-07 16:13:09;989728;RUNNING;1;4;1,308;1,305;1,320;1,299;1,305;1,300;1,304;1,319;1,310;1,308;5,000;5,000;5,000;5,000;5,004;4,999;5,000;4,999;5,000;5,001;24,44;23,62;24,44;24,94;24,19;24,56;2100;2100;
2026-07-07 16:13:10;990728;RUNNING;1;4;1,308;1,305;1,320;1,299;1,304;1,300;1,304;1,319;1,310;1,308;5,000;5,000;5,000;5,000;5,002;5,001;5,000;4,999;5,000;5,001;24,44;23,69;24,44;24,94;24,19;24,62;2100;2400;
2026-07-07 16:13:11;991728;RUNNING;1;4;1,309;1,305;1,320;1,299;1,305;1,301;1,304;1,319;1,310;1,308;5,000;5,000;5,000;5,000;5,002;5,001;5,000;4,999;5,000;5,001;24,50;23,69;24,44;25,00;24,19;24,62;2400;2100;
2026-07-07 16:13:12;992728;RUNNING;1;4;1,309;1,306;1,320;1,299;1,305;1,301;1,304;1,319;1,310;1,309;4,998;5,000;5,000;5,002;5,002;5,001;5,002;4,999;5,000;5,001;24,44;23,69;24,44;25,00;24,25;24,62;2100;2100;
2026-07-07 16:13:13;993728;RUNNING;1;4;1,308;1,305;1,320;1,299;1,305;1,301;1,304;1,319;1,310;1,309;5,000;5,002;5,000;5,002;5,002;4,999;5,000;5,001;5,000;4,999;24,44;23,69;24,44;25,00;24,25;24,62;2100;2100;
2026-07-07 16:13:14;994728;RUNNING;1;4;1,308;1,305;1,320;1,299;1,305;1,301;1,304;1,319;1,310;1,309;5,000;4,998;5,000;5,000;5,002;5,001;5,000;4,999;5,000;5,001;24,44;23,69;24,44;25,00;24,25;24,62;2100;2100;
2026-07-07 16:13:15;995728;RUNNING;1;4;1,308;1,306;1,320;1,299;1,304;1,300;1,304;1,319;1,310;1,309;5,000;5,000;5,002;5,000;5,002;4,999;5,000;5,001;5,002;5,001;24,44;23,69;24,44;25,00;24,25;24,69;2100;2100;
2026-07-07 16:13:16;996728;RUNNING;1;4;1,309;1,306;1,320;1,300;1,305;1,301;1,304;1,319;1,310;1,308;5,000;5,002;5,000;5,000;5,002;4,999;5,000;5,001;5,002;5,003;24,44;23,62;24,44;25,00;24,25;24,62;2100;2100;
2026-07-07 16:13:17;997728;RUNNING;1;4;1,308;1,305;1,320;1,299;1,305;1,300;1,304;1,319;1,310;1,309;4,998;5,000;5,000;5,002;5,000;5,001;5,000;4,999;5,000;5,001;24,44;23,69;24,44;25,00;24,25;24,69;2100;2100;
2026-07-07 16:13:18;998728;RUNNING;1;4;1,309;1,306;1,320;1,299;1,305;1,301;1,304;1,319;1,310;1,308;5,000;5,000;5,000;5,000;5,002;5,001;5,000;4,999;5,000;5,003;24,44;23,69;24,44;25,06;24,31;24,69;2100;2100;
2026-07-07 16:13:19;999728;RUNNING;1;4;1,308;1,306;1,320;1,299;1,305;1,301;1,304;1,319;1,310;1,309;5,000;5,000;5,000;5,000;5,002;4,999;5,002;4,999;5,000;5,001;24,44;23,69;24,44;25,06;24,31;24,69;2100;2100;
2026-07-07 16:13:20;1000728;RUNNING;1;4;1,309;1,306;1,319;1,299;1,304;1,300;1,304;1,319;1,311;1,309;5,002;5,000;5,000;5,000;5,002;5,001;5,000;4,999;5,000;5,001;24,44;23,69;24,44;25,06;24,31;24,69;2100;2100;
2026-07-07 16:13:21;1001728;RUNNING;1;4;1,309;1,305;1,320;1,299;1,304;1,301;1,304;1,319;1,310;1,308;4,998;5,000;5,002;5,000;5,002;5,001;5,000;4,999;5,000;5,001;24,44;23,69;24,44;25,06;24,31;24,69;2100;2400;
2026-07-07 16:13:22;1002728;RUNNING;1;4;1,309;1,306;1,320;1,299;1,305;1,301;1,304;1,319;1,311;1,309;4,998;5,000;5,000;5,002;5,002;4,999;5,000;4,999;5,000;5,001;24,44;23,69;24,44;25,06;24,31;24,69;2100;2100;
2026-07-07 16:13:23;1003728;RUNNING;1;4;1,309;1,306;1,321;1,299;1,305;1,301;1,304;1,319;1,311;1,308;5,000;5,000;5,002;5,002;5,002;5,001;5,000;4,999;5,000;5,001;24,44;23,69;24,44;25,06;24,31;24,69;2100;2100;
2026-07-07 16:13:24;1004728;RUNNING;1;4;1,309;1,306;1,320;1,300;1,305;1,300;1,304;1,319;1,311;1,309;5,000;4,998;5,000;5,000;5,002;5,001;5,000;4,999;5,000;5,001;24,44;23,69;24,50;25,06;24,37;24,75;2100;2100;
2026-07-07 16:13:25;1005728;RUNNING;1;4;1,309;1,304;1,320;1,299;1,305;1,301;1,304;1,319;1,311;1,307;5,000;4,998;5,000;5,002;5,002;5,001;5,000;5,001;5,000;5,001;24,44;23,69;24,50;25,06;24,31;24,75;2100;2100;
2026-07-07 16:13:26;1006728;RUNNING;1;4;1,309;1,306;1,320;1,299;1,306;1,301;1,304;1,319;1,311;1,309;5,000;5,000;5,000;5,000;5,002;4,999;5,000;5,001;5,000;5,003;24,44;23,69;24,50;25,06;24,37;24,75;2100;2100;
2026-07-07 16:13:27;1007728;RUNNING;1;4;1,309;1,306;1,320;1,300;1,305;1,301;1,304;1,319;1,311;1,310;4,998;4,998;5,000;5,000;5,000;5,001;5,000;5,001;5,000;5,003;24,44;23,69;24,50;25,12;24,37;24,75;2100;2100;
2026-07-07 16:13:28;1008728;RUNNING;1;4;1,309;1,306;1,320;1,300;1,305;1,301;1,304;1,319;1,311;1,308;5,000;5,000;5,002;5,000;5,002;4,999;5,000;4,999;5,000;5,001;24,44;23,69;24,50;25,12;24,37;24,75;2100;1800;
2026-07-07 16:13:29;1009728;RUNNING;1;4;1,308;1,305;1,321;1,300;1,304;1,301;1,305;1,319;1,311;1,309;5,000;5,000;5,000;5,000;5,002;5,001;5,000;5,001;5,000;5,001;24,44;23,69;24,50;25,12;24,37;24,75;2100;2100;
2026-07-07 16:13:30;1010728;RUNNING;1;4;1,309;1,305;1,321;1,299;1,305;1,301;1,304;1,319;1,311;1,309;5,000;5,000;4,999;5,000;5,002;5,001;5,000;4,999;5,000;5,001;24,44;23,69;24,50;25,12;24,37;24,75;2100;2100;
2026-07-07 16:13:31;1011728;RUNNING;1;4;1,309;1,306;1,320;1,300;1,305;1,301;1,304;1,319;1,311;1,308;5,000;5,000;5,000;5,000;5,004;5,001;5,000;4,999;5,000;5,001;24,44;23,69;24,50;25,12;24,37;24,75;2100;2100;
2026-07-07 16:13:32;1012728;RUNNING;1;4;1,309;1,306;1,320;1,300;1,305;1,301;1,304;1,319;1,311;1,309;5,000;5,000;5,002;5,002;5,002;4,999;5,000;5,001;5,000;5,003;24,44;23,69;24,50;25,12;24,37;24,75;2100;2100;
2026-07-07 16:13:33;1013728;RUNNING;1;4;1,309;1,305;1,320;1,300;1,305;1,301;1,304;1,319;1,311;1,309;5,000;5,000;5,000;5,000;5,002;5,001;5,000;4,999;5,000;5,001;24,44;23,69;24,50;25,12;24,37;24,81;2100;2100;
2026-07-07 16:13:34;1014728;RUNNING;1;4;1,309;1,305;1,320;1,300;1,306;1,301;1,304;1,319;1,311;1,308;5,000;5,000;5,000;5,000;5,004;5,001;5,000;4,999;5,002;5,003;24,37;23,69;24,50;25,19;24,37;24,75;2100;2100;
2026-07-07 16:13:35;1015728;RUNNING;1;4;1,309;1,306;1,321;1,300;1,305;1,301;1,304;1,319;1,311;1,309;4,998;5,000;5,002;5,000;5,002;4,999;5,000;4,999;5,000;5,001;24,44;23,69;24,50;25,12;24,37;24,81;2100;2100;
2026-07-07 16:13:36;1016728;RUNNING;1;4;1,309;1,306;1,320;1,300;1,306;1,301;1,304;1,319;1,311;1,308;5,000;5,000;5,000;5,000;5,002;4,999;5,002;4,999;5,002;5,003;24,44;23,69;24,44;25,19;24,37;24,81;2100;2100;
2026-07-07 16:13:37;1017728;RUNNING;1;4;1,309;1,306;1,320;1,299;1,305;1,301;1,304;1,319;1,311;1,308;5,000;5,000;5,000;5,000;5,002;4,999;5,000;5,001;5,000;5,003;24,37;23,69;24,50;25,19;24,37;24,81;2100;2400;
2026-07-07 16:13:38;1018728;RUNNING;1;4;1,309;1,306;1,320;1,299;1,305;1,301;1,304;1,319;1,311;1,307;5,000;5,000;5,000;5,000;5,002;4,999;5,000;5,001;5,002;4,999;24,44;23,69;24,50;25,19;24,37;24,81;2100;2100;
2026-07-07 16:13:39;1019728;RUNNING;1;4;1,309;1,306;1,320;1,299;1,305;1,301;1,304;1,319;1,311;1,308;5,000;5,000;4,999;5,000;5,002;5,001;5,000;5,001;5,000;4,999;24,44;23,69;24,50;25,19;24,44;24,81;2100;2100;
2026-07-07 16:13:40;1020728;RUNNING;1;4;1,309;1,305;1,321;1,299;1,306;1,301;1,304;1,319;1,311;1,309;5,000;5,000;5,000;5,000;5,002;4,999;4,998;5,001;5,002;4,999;24,44;23,69;24,50;25,19;24,44;24,81;2100;2100;
2026-07-07 16:13:41;1021728;RUNNING;1;4;1,309;1,305;1,320;1,300;1,305;1,301;1,304;1,319;1,311;1,309;5,000;5,000;5,000;5,000;5,002;4,999;5,000;4,999;5,002;4,999;24,44;23,69;24,50;25,19;24,37;24,81;2100;2100;
2026-07-07 16:13:42;1022728;RUNNING;1;4;1,309;1,305;1,321;1,300;1,305;1,301;1,304;1,319;1,311;1,309;4,998;4,998;4,999;5,000;5,000;5,001;5,000;5,001;5,000;4,999;24,37;23,69;24,50;25,19;24,44;24,81;2100;2100;
2026-07-07 16:13:43;1023728;RUNNING;1;4;1,309;1,305;1,320;1,300;1,306;1,301;1,305;1,319;1,311;1,309;5,000;5,000;5,000;5,000;5,002;5,001;5,000;5,001;5,000;5,001;24,37;23,69;24,50;25,19;24,44;24,81;2100;2100;
2026-07-07 16:13:44;1024728;RUNNING;1;4;1,308;1,306;1,320;1,300;1,305;1,300;1,304;1,319;1,311;1,309;5,000;4,998;5,000;5,002;5,002;5,001;5,000;4,999;5,000;4,999;24,44;23,69;24,50;25,19;24,44;24,81;2100;2100;
2026-07-07 16:13:45;1025728;RUNNING;1;4;1,309;1,305;1,320;1,300;1,306;1,301;1,304;1,319;1,311;1,308;5,000;4,998;5,000;5,002;5,002;4,999;5,000;4,999;5,000;4,999;24,37;23,69;24,50;25,19;24,44;24,81;2100;2100;
2026-07-07 16:13:46;1026728;RUNNING;1;4;1,309;1,306;1,320;1,300;1,306;1,301;1,305;1,319;1,311;1,308;5,000;5,000;4,999;5,002;5,002;5,001;5,000;4,999;5,000;4,999;24,37;23,69;24,50;25,19;24,44;24,87;2100;2100;
2026-07-07 16:13:47;1027728;RUNNING;1;4;1,309;1,305;1,321;1,299;1,306;1,301;1,304;1,319;1,311;1,309;5,000;4,998;5,000;5,000;5,002;4,999;5,000;5,001;5,002;4,999;24,44;23,69;24,50;25,25;24,44;24,81;2100;2100;
2026-07-07 16:13:48;1028728;RUNNING;1;4;1,309;1,306;1,321;1,300;1,305;1,301;1,304;1,319;1,311;1,309;4,998;4,998;5,000;5,000;5,000;4,999;5,000;4,999;5,000;4,999;24,44;23,69;24,50;25,25;24,44;24,87;2100;2100;
2026-07-07 16:13:49;1029728;RUNNING;1;4;1,309;1,307;1,321;1,300;1,305;1,301;1,305;1,319;1,311;1,308;4,998;4,998;5,000;5,000;5,002;4,999;5,000;4,999;5,000;4,999;24,37;23,69;24,50;25,25;24,44;24,87;2100;1800;
2026-07-07 16:13:50;1030728;RUNNING;1;4;1,309;1,306;1,321;1,300;1,305;1,301;1,305;1,319;1,311;1,309;5,000;4,998;5,000;5,002;5,002;4,999;5,000;4,999;5,000;4,999;24,37;23,69;24,50;25,19;24,44;24,87;2100;1800;
2026-07-07 16:13:51;1031728;RUNNING;1;4;1,309;1,306;1,320;1,299;1,305;1,301;1,305;1,319;1,311;1,308;5,000;4,998;5,000;5,000;5,000;5,001;4,998;4,999;5,000;4,999;24,37;23,69;24,50;25,25;24,44;24,87;2100;2100;
2026-07-07 16:13:52;1032728;RUNNING;1;4;1,309;1,305;1,321;1,300;1,305;1,301;1,305;1,319;1,311;1,309;5,000;5,000;5,000;5,000;5,002;4,999;5,000;5,001;5,000;4,999;24,44;23,69;24,50;25,25;24,44;24,87;2100;2100;
2026-07-07 16:13:53;1033728;RUNNING;1;4;1,309;1,306;1,321;1,300;1,306;1,301;1,304;1,319;1,311;1,308;5,000;4,998;5,000;5,000;5,002;4,999;5,000;4,999;5,000;4,999;24,37;23,69;24,50;25,25;24,44;24,87;2100;2100;
2026-07-07 16:13:54;1034728;RUNNING;1;4;1,309;1,306;1,321;1,300;1,306;1,301;1,305;1,319;1,311;1,308;4,998;4,998;5,000;5,000;5,000;5,001;5,000;5,001;5,000;4,999;24,37;23,69;24,50;25,25;24,44;24,87;2100;2100;
2026-07-07 16:13:55;1035728;RUNNING;1;4;1,309;1,306;1,321;1,300;1,305;1,301;1,305;1,319;1,311;1,308;4,998;4,998;5,000;5,000;5,002;5,001;5,000;4,999;5,000;4,999;24,37;23,69;24,50;25,25;24,44;24,87;2100;2100;
2026-07-07 16:13:56;1036728;RUNNING;1;4;1,309;1,306;1,321;1,300;1,305;1,300;1,305;1,319;1,311;1,309;4,998;4,998;5,000;5,000;5,002;4,999;5,000;4,999;5,000;4,999;24,37;23,69;24,50;25,25;24,50;24,87;2100;2100;
2026-07-07 16:13:57;1037728;RUNNING;1;4;1,309;1,306;1,320;1,300;1,306;1,301;1,304;1,319;1,311;1,309;4,998;4,998;5,000;5,000;5,002;4,999;5,000;5,001;5,000;4,999;24,37;23,69;24,50;25,25;24,44;24,87;2100;2100;
2026-07-07 16:13:58;1038728;RUNNING;1;4;1,309;1,305;1,320;1,299;1,306;1,300;1,304;1,319;1,311;1,309;5,000;4,998;5,000;5,000;5,002;4,999;5,002;5,001;5,002;5,001;24,37;23,69;24,50;25,25;24,44;24,87;2100;2100;
2026-07-07 16:13:59;1039728;RUNNING;1;4;1,309;1,305;1,319;1,299;1,306;1,301;1,305;1,319;1,310;1,308;5,000;4,998;5,000;5,000;5,002;4,999;5,000;4,999;5,000;4,999;24,44;23,69;24,50;25,31;24,44;24,87;2100;2100;
2026-07-07 16:14:00;1040728;RUNNING;1;4;1,309;1,306;1,320;1,300;1,305;1,301;1,305;1,319;1,311;1,309;4,998;4,998;5,000;5,000;5,002;4,999;5,000;4,999;5,002;4,999;24,37;23,69;24,50;25,25;24,44;24,87;2100;2100;
2026-07-07 16:14:01;1041728;RUNNING;1;4;1,309;1,306;1,321;1,299;1,306;1,301;1,304;1,319;1,311;1,309;5,000;4,998;5,000;5,000;5,002;5,001;5,000;4,999;5,000;4,999;24,37;23,69;24,50;25,25;24,44;24,87;2100;2100;
2026-07-07 16:14:02;1042728;RUNNING;1;4;1,309;1,306;1,320;1,299;1,306;1,301;1,304;1,319;1,311;1,309;5,000;4,998;5,000;5,000;5,002;5,001;5,000;4,999;5,000;5,001;24,37;23,69;24,50;25,31;24,44;24,87;2100;2100;
2026-07-07 16:14:03;1043728;RUNNING;1;4;1,309;1,306;1,321;1,300;1,305;1,301;1,305;1,319;1,311;1,308;4,998;4,998;5,000;5,000;5,002;5,001;5,000;5,001;5,002;4,999;24,37;23,69;24,50;25,31;24,50;24,87;2400;2100;
2026-07-07 16:14:04;1044728;RUNNING;1;4;1,309;1,306;1,319;1,299;1,305;1,301;1,305;1,319;1,311;1,309;5,000;5,000;5,000;5,000;5,002;4,999;5,000;4,999;5,002;4,999;24,37;23,69;24,50;25,31;24,50;24,87;2100;2100;
2026-07-07 16:14:05;1045728;RUNNING;1;4;1,309;1,307;1,321;1,300;1,305;1,301;1,305;1,319;1,311;1,308;5,000;5,000;5,000;5,000;5,002;4,999;5,000;4,999;5,000;4,999;24,37;23,69;24,50;25,31;24,50;24,87;2100;2100;
2026-07-07 16:14:06;1046728;RUNNING;1;4;1,309;1,306;1,321;1,300;1,305;1,301;1,305;1,319;1,311;1,308;5,000;4,998;5,000;5,000;5,002;5,001;4,998;4,999;5,002;4,999;24,37;23,69;24,50;25,31;24,50;24,87;2100;2100;
2026-07-07 16:14:07;1047728;RUNNING;1;4;1,309;1,306;1,320;1,299;1,305;1,301;1,304;1,319;1,311;1,308;5,000;4,998;5,000;5,000;5,002;4,999;5,000;5,001;5,002;4,999;24,37;23,69;24,50;25,31;24,50;24,87;2100;2100;
2026-07-07 16:14:08;1048728;RUNNING;1;4;1,309;1,306;1,320;1,300;1,306;1,301;1,305;1,319;1,311;1,309;4,998;4,998;5,000;5,000;5,000;5,001;5,000;5,001;5,002;5,001;24,37;23,69;24,50;25,31;24,50;24,87;2100;2100;
2026-07-07 16:14:09;1049728;RUNNING;1;4;1,309;1,306;1,321;1,300;1,306;1,301;1,304;1,319;1,312;1,310;5,000;4,998;5,000;5,000;5,002;5,001;5,000;5,001;5,000;4,999;24,37;23,69;24,50;25,31;24,50;24,87;2100;1800;
2026-07-07 16:14:10;1050728;RUNNING;1;4;1,309;1,306;1,321;1,300;1,306;1,301;1,305;1,319;1,311;1,308;4,998;4,998;5,000;5,000;5,002;4,999;5,000;4,999;5,002;4,999;24,37;23,69;24,50;25,31;24,50;24,87;2100;1800;
2026-07-07 16:14:11;1051728;RUNNING;1;4;1,309;1,304;1,321;1,300;1,305;1,301;1,304;1,319;1,311;1,308;4,998;4,998;5,000;5,000;5,002;4,999;5,000;4,999;5,002;5,001;24,37;23,69;24,50;25,31;24,50;24,94;2100;2100;
2026-07-07 16:14:12;1052728;RUNNING;1;4;1,309;1,306;1,319;1,300;1,306;1,301;1,304;1,319;1,311;1,308;5,000;4,998;5,000;5,000;5,002;5,001;5,000;4,999;5,002;4,999;24,37;23,69;24,56;25,31;24,50;24,87;2100;2100;
2026-07-07 16:14:13;1053728;RUNNING;1;4;1,309;1,306;1,321;1,300;1,305;1,301;1,304;1,319;1,311;1,310;5,000;4,998;4,999;5,000;5,000;4,999;5,000;4,999;5,002;5,001;24,37;23,69;24,56;25,31;24,50;24,87;2100;2100;
2026-07-07 16:14:14;1054728;RUNNING;1;4;1,309;1,306;1,321;1,299;1,305;1,301;1,304;1,319;1,311;1,308;4,998;4,998;4,999;5,000;5,002;4,999;5,000;4,999;5,000;4,999;24,37;23,69;24,50;25,31;24,50;24,94;2100;2100;
2026-07-07 16:14:15;1055728;RUNNING;1;4;1,309;1,306;1,320;1,299;1,306;1,301;1,305;1,319;1,311;1,310;5,000;5,000;5,000;5,000;5,002;5,001;5,000;4,999;5,004;5,001;24,37;23,69;24,50;25,31;24,50;24,87;1800;2100;
2026-07-07 16:14:16;1056728;RUNNING;1;4;1,309;1,307;1,321;1,300;1,305;1,301;1,305;1,319;1,311;1,309;4,998;4,998;4,999;4,998;5,002;4,999;5,000;4,999;5,002;4,999;24,37;23,69;24,50;25,31;24,50;24,87;1800;2100;
2026-07-07 16:14:17;1057728;RUNNING;1;4;1,309;1,306;1,321;1,300;1,305;1,301;1,305;1,319;1,311;1,309;5,000;4,998;4,999;5,000;5,002;5,001;5,000;4,999;5,002;4,999;24,37;23,69;24,50;25,31;24,50;24,94;1800;2100;
2026-07-07 16:14:18;1058728;RUNNING;1;4;1,309;1,305;1,321;1,299;1,306;1,301;1,304;1,319;1,312;1,309;4,998;4,998;5,000;5,000;5,002;4,999;5,000;4,999;5,000;4,999;24,37;23,69;24,50;25,31;24,50;24,87;2100;2100;
2026-07-07 16:14:19;1059728;RUNNING;1;4;1,309;1,306;1,321;1,300;1,306;1,301;1,305;1,319;1,312;1,308;4,998;4,998;5,000;5,000;5,002;4,999;5,000;4,999;5,002;4,999;24,37;23,69;24,50;25,31;24,50;24,94;2100;2100;
2026-07-07 16:14:20;1060728;RUNNING;1;4;1,309;1,306;1,321;1,300;1,306;1,301;1,305;1,319;1,311;1,307;5,000;4,998;5,000;5,000;5,002;5,001;5,000;5,001;5,002;4,999;24,37;23,69;24,50;25,31;24,50;24,94;2100;2100;
2026-07-07 16:14:21;1061728;RUNNING;1;4;1,309;1,307;1,321;1,300;1,306;1,301;1,305;1,319;1,311;1,309;5,000;4,998;5,000;5,000;5,000;4,999;5,000;4,999;5,002;5,001;24,37;23,69;24,50;25,31;24,50;24,94;2100;2100;
2026-07-07 16:14:22;1062728;RUNNING;1;4;1,309;1,305;1,321;1,299;1,305;1,301;1,305;1,319;1,311;1,309;4,998;4,998;5,000;5,000;5,000;5,001;5,000;4,999;5,000;5,001;24,37;23,69;24,50;25,31;24,50;24,94;2100;2100;
2026-07-07 16:14:23;1063728;RUNNING;1;4;1,309;1,306;1,320;1,300;1,306;1,301;1,305;1,319;1,311;1,308;5,000;4,998;5,000;5,000;5,002;4,999;5,000;4,999;5,002;5,001;24,37;23,69;24,50;25,31;24,50;24,94;2100;2100;
2026-07-07 16:14:24;1064728;RUNNING;1;4;1,309;1,306;1,321;1,300;1,305;1,301;1,305;1,320;1,311;1,309;5,000;4,998;5,000;5,000;5,002;5,001;5,002;4,999;5,002;4,999;24,37;23,69;24,50;25,31;24,50;24,94;2100;2100;
2026-07-07 16:14:25;1065728;RUNNING;1;4;1,309;1,306;1,320;1,300;1,305;1,301;1,304;1,319;1,311;1,308;4,998;4,998;5,000;5,000;5,002;4,999;5,000;4,999;5,002;5,001;24,37;23,69;24,56;25,37;24,56;24,94;2100;1800;
2026-07-07 16:14:26;1066728;RUNNING;1;4;1,309;1,305;1,321;1,300;1,306;1,301;1,304;1,319;1,311;1,309;5,000;4,998;4,999;5,000;5,002;4,999;5,000;4,999;5,000;4,999;24,37;23,69;24,56;25,37;24,56;24,94;2100;2100;
2026-07-07 16:14:27;1067728;RUNNING;1;4;1,309;1,306;1,320;1,299;1,305;1,301;1,304;1,319;1,311;1,309;5,000;4,998;5,000;5,000;5,002;5,001;5,000;4,999;5,002;5,001;24,37;23,69;24,56;25,37;24,50;24,94;2100;2100;
2026-07-07 16:14:28;1068728;RUNNING;1;4;1,309;1,306;1,320;1,300;1,306;1,301;1,305;1,319;1,311;1,308;5,000;4,998;5,000;5,000;5,002;5,001;5,000;4,999;5,002;4,999;24,37;23,69;24,56;25,37;24,56;24,94;2100;2100;
2026-07-07 16:14:29;1069728;RUNNING;1;4;1,309;1,306;1,320;1,300;1,305;1,301;1,305;1,319;1,311;1,308;5,000;4,998;4,999;5,000;5,002;4,999;5,002;4,999;5,000;5,001;24,37;23,69;24,56;25,37;24,56;24,94;2100;2100;
2026-07-07 16:14:30;1070728;RUNNING;1;4;1,309;1,306;1,321;1,300;1,305;1,301;1,305;1,319;1,311;1,309;4,998;4,998;5,000;5,000;5,000;4,999;5,000;4,999;5,002;5,001;24,37;23,69;24,56;25,37;24,56;24,94;2100;2100;
2026-07-07 16:14:31;1071728;RUNNING;1;4;1,309;1,305;1,321;1,300;1,306;1,301;1,304;1,319;1,312;1,308;5,000;4,998;5,000;5,002;5,002;4,999;5,000;4,999;5,002;5,001;24,37;23,69;24,56;25,37;24,56;25,00;2100;2100;
2026-07-07 16:14:32;1072728;RUNNING;1;4;1,310;1,307;1,321;1,300;1,306;1,301;1,305;1,319;1,311;1,308;5,000;4,998;5,000;5,002;5,002;4,999;5,000;4,999;5,000;5,001;24,37;23,75;24,56;25,37;24,56;24,94;2100;2100;
2026-07-07 16:14:33;1073728;RUNNING;1;4;1,309;1,306;1,321;1,300;1,306;1,301;1,305;1,319;1,311;1,308;5,000;4,998;5,000;4,998;5,002;4,999;5,000;4,999;5,000;4,999;24,37;23,69;24,56;25,37;24,56;24,94;2100;2100;
2026-07-07 16:14:34;1074728;RUNNING;1;4;1,309;1,305;1,320;1,300;1,305;1,301;1,305;1,319;1,311;1,309;5,000;4,998;4,999;5,000;5,002;4,999;5,000;4,999;5,000;4,999;24,37;23,69;24,56;25,37;24,56;24,94;2100;2100;
2026-07-07 16:14:35;1075728;RUNNING;1;4;1,309;1,307;1,321;1,300;1,306;1,301;1,304;1,319;1,311;1,309;5,000;4,998;5,000;5,000;5,002;5,001;5,000;4,999;5,000;4,999;24,37;23,69;24,56;25,37;24,56;24,94;2100;2100;
2026-07-07 16:14:36;1076728;RUNNING;1;4;1,309;1,306;1,321;1,300;1,305;1,301;1,304;1,320;1,311;1,308;5,000;4,998;5,000;5,000;5,002;4,999;5,000;4,999;5,002;5,001;24,37;23,69;24,56;25,37;24,56;24,94;2100;2100;
2026-07-07 16:14:37;1077728;RUNNING;1;4;1,309;1,306;1,320;1,300;1,306;1,301;1,305;1,319;1,311;1,308;4,998;4,998;5,000;5,000;5,002;4,999;5,000;5,001;5,002;5,001;24,37;23,69;24,56;25,44;24,56;24,94;2100;2100;
2026-07-07 16:14:38;1078728;RUNNING;1;4;1,309;1,307;1,321;1,300;1,306;1,301;1,305;1,319;1,311;1,309;5,000;4,998;4,999;5,000;5,002;4,999;5,000;4,999;5,002;4,999;24,37;23,75;24,56;25,37;24,56;25,00;2100;1800;
2026-07-07 16:14:39;1079728;RUNNING;1;4;1,309;1,306;1,319;1,300;1,306;1,301;1,305;1,319;1,311;1,308;5,000;5,000;5,000;5,000;5,002;5,001;5,000;4,999;5,000;4,999;24,37;23,69;24,56;25,37;24,56;25,00;2100;2100;
2026-07-07 16:14:40;1080728;RUNNING;1;4;1,309;1,307;1,320;1,300;1,306;1,301;1,305;1,319;1,311;1,309;5,000;4,998;5,000;5,000;5,002;4,999;5,000;4,999;5,000;5,001;24,37;23,75;24,56;25,44;24,56;25,00;1800;2100;
2026-07-07 16:14:41;1081728;RUNNING;1;4;1,310;1,306;1,320;1,299;1,305;1,301;1,305;1,320;1,311;1,309;4,998;4,998;5,000;5,000;5,002;4,999;5,000;5,001;5,002;4,999;24,37;23,75;24,56;25,37;24,56;25,00;1800;2100;
2026-07-07 16:14:42;1082728;RUNNING;1;4;1,309;1,307;1,321;1,300;1,305;1,301;1,305;1,320;1,311;1,309;5,000;4,998;5,000;5,000;5,002;4,999;5,000;5,001;5,000;4,999;24,37;23,75;24,56;25,37;24,56;25,00;2100;2100;
2026-07-07 16:14:43;1083728;RUNNING;1;4;1,309;1,306;1,321;1,299;1,305;1,301;1,304;1,319;1,311;1,309;4,998;4,998;4,999;5,000;5,000;4,999;5,000;4,999;5,000;4,999;24,37;23,75;24,56;25,37;24,56;25,00;2100;2100;
2026-07-07 16:14:44;1084728;RUNNING;1;4;1,309;1,306;1,320;1,300;1,306;1,301;1,305;1,319;1,311;1,308;4,998;4,998;4,999;5,000;5,002;4,999;5,000;5,001;5,002;5,001;24,37;23,75;24,56;25,44;24,56;25,00;2100;2100;
2026-07-07 16:14:45;1085728;RUNNING;1;4;1,309;1,305;1,321;1,300;1,306;1,301;1,305;1,319;1,312;1,309;5,000;4,998;4,999;5,000;5,002;5,001;5,000;5,001;5,000;5,001;24,37;23,75;24,56;25,37;24,56;25,00;2100;2100;
2026-07-07 16:14:46;1086728;RUNNING;1;4;1,309;1,306;1,321;1,300;1,305;1,301;1,305;1,319;1,311;1,310;4,998;4,998;5,000;5,000;5,000;5,001;5,000;4,999;5,002;4,999;24,37;23,75;24,56;25,44;24,56;25,00;2100;2100;
2026-07-07 16:14:47;1087728;RUNNING;1;4;1,310;1,306;1,321;1,300;1,306;1,301;1,305;1,319;1,311;1,309;5,000;4,998;5,000;5,000;5,002;4,999;5,000;4,999;5,002;4,999;24,37;23,75;24,56;25,37;24,62;25,00;2100;2100;
2026-07-07 16:14:48;1088728;RUNNING;1;4;1,309;1,306;1,321;1,300;1,306;1,301;1,305;1,319;1,311;1,309;5,000;4,998;5,000;5,002;5,002;4,999;5,000;4,999;5,000;4,999;24,37;23,75;24,56;25,44;24,56;25,00;2100;2100;
2026-07-07 16:14:49;1089728;RUNNING;1;4;1,309;1,306;1,321;1,300;1,306;1,301;1,305;1,319;1,312;1,308;5,000;4,998;5,000;5,000;5,002;4,999;5,002;4,999;5,002;4,999;24,37;23,75;24,56;25,44;24,62;25,00;2100;2100;
2026-07-07 16:14:50;1090728;RUNNING;1;4;1,309;1,306;1,320;1,300;1,306;1,301;1,305;1,319;1,311;1,308;4,998;4,998;5,000;5,000;5,002;4,999;5,000;5,001;5,000;4,999;24,37;23,75;24,56;25,37;24,62;25,00;2100;2100;
2026-07-07 16:14:51;1091728;RUNNING;1;4;1,309;1,306;1,321;1,301;1,305;1,301;1,305;1,319;1,311;1,309;4,998;4,998;5,000;5,000;5,002;5,001;5,000;4,999;5,000;4,999;24,37;23,75;24,56;25,44;24,62;25,06;2100;1800;
2026-07-07 16:14:52;1092728;RUNNING;1;4;1,310;1,307;1,320;1,300;1,306;1,301;1,305;1,319;1,312;1,308;5,000;4,998;5,000;5,000;5,002;5,001;5,002;4,999;5,000;4,999;24,37;23,75;24,56;25,44;24,62;25,06;2100;2100;
2026-07-07 16:14:53;1093728;RUNNING;1;4;1,309;1,305;1,320;1,300;1,306;1,301;1,304;1,319;1,312;1,309;4,998;4,998;5,000;5,000;5,002;5,001;5,000;4,999;5,000;5,001;24,37;23,75;24,56;25,44;24,62;25,06;2100;2100;
2026-07-07 16:14:54;1094728;RUNNING;1;4;1,309;1,305;1,320;1,300;1,306;1,301;1,305;1,320;1,311;1,308;4,998;4,998;5,000;5,000;5,002;4,999;5,000;4,999;5,000;4,999;24,37;23,75;24,56;25,44;24,62;25,06;2100;2100;
2026-07-07 16:14:55;1095728;RUNNING;1;4;1,309;1,306;1,320;1,300;1,305;1,301;1,305;1,319;1,311;1,309;5,000;4,998;5,000;5,000;5,002;5,001;5,000;4,999;5,002;4,999;24,37;23,75;24,56;25,44;24,62;25,06;2100;2100;
2026-07-07 16:14:56;1096728;RUNNING;1;4;1,309;1,306;1,320;1,300;1,306;1,301;1,305;1,319;1,311;1,310;5,000;4,998;5,000;5,000;5,002;5,001;5,000;4,999;5,000;4,999;24,37;23,75;24,56;25,44;24,69;25,06;2100;2100;
2026-07-07 16:14:57;1097728;RUNNING;1;4;1,309;1,307;1,321;1,300;1,306;1,301;1,305;1,319;1,312;1,308;4,998;4,998;5,000;5,000;5,002;5,001;5,000;4,999;5,002;5,001;24,37;23,81;24,56;25,44;24,62;25,06;2100;2100;
2026-07-07 16:14:58;1098728;RUNNING;1;4;1,309;1,306;1,320;1,300;1,306;1,301;1,305;1,319;1,312;1,309;4,998;4,998;4,999;5,000;5,002;4,999;5,000;4,999;5,000;4,999;24,37;23,81;24,62;25,50;24,62;25,06;2100;2100;
2026-07-07 16:14:59;1099728;RUNNING;1;4;1,309;1,305;1,321;1,300;1,306;1,301;1,306;1,319;1,311;1,308;4,998;4,998;5,000;4,998;5,002;4,999;5,000;5,001;5,002;5,001;24,37;23,75;24,62;25,44;24,69;25,06;1800;2100;
2026-07-07 16:15:00;1100728;RUNNING;1;4;1,309;1,306;1,321;1,300;1,306;1,301;1,305;1,319;1,311;1,307;5,000;4,998;4,999;5,000;5,002;4,999;5,000;4,999;5,000;5,001;24,37;23,81;24,62;25,50;24,69;25,06;1800;2100;
2026-07-07 16:15:01;1101728;RUNNING;1;4;1,309;1,306;1,320;1,300;1,306;1,301;1,305;1,320;1,312;1,310;5,000;4,998;5,000;5,000;5,002;4,999;5,000;4,999;5,002;4,999;24,37;23,81;24,62;25,50;24,69;25,06;2100;2400;
2026-07-07 16:15:02;1102728;RUNNING;1;4;1,309;1,306;1,320;1,300;1,306;1,301;1,305;1,319;1,312;1,310;4,998;4,998;4,999;5,000;5,000;4,999;5,000;5,001;5,002;4,999;24,44;23,81;24,62;25,50;24,69;25,06;2100;2100;
2026-07-07 16:15:03;1103728;RUNNING;1;4;1,309;1,306;1,322;1,300;1,306;1,302;1,305;1,319;1,311;1,309;5,000;4,997;4,999;5,000;5,002;5,003;5,000;4,999;5,000;4,999;24,37;23,81;24,62;25,50;24,69;25,12;2100;1800;
2026-07-07 16:15:04;1104728;RUNNING;1;4;1,309;1,306;1,321;1,300;1,306;1,302;1,305;1,319;1,311;1,308;5,000;4,998;4,999;5,000;5,002;5,001;5,000;4,997;5,000;4,999;24,44;23,81;24,62;25,50;24,69;25,12;2100;2100;
2026-07-07 16:15:05;1105728;RUNNING;1;4;1,309;1,305;1,321;1,300;1,305;1,301;1,305;1,319;1,311;1,309;4,998;4,998;4,999;5,000;5,000;5,001;5,000;4,999;5,000;4,999;24,44;23,81;24,62;25,50;24,69;25,12;2100;2100;
2026-07-07 16:15:06;1106728;RUNNING;1;4;1,309;1,306;1,321;1,300;1,306;1,301;1,305;1,319;1,311;1,310;5,000;4,998;5,000;5,000;5,002;5,003;5,000;4,999;5,002;4,999;24,37;23,81;24,62;25,50;24,75;25,12;2100;2400;
2026-07-07 16:15:07;1107728;RUNNING;1;4;1,310;1,307;1,320;1,300;1,306;1,301;1,305;1,319;1,312;1,309;5,002;4,998;5,000;5,000;5,002;5,003;5,000;4,999;5,000;4,999;24,44;23,81;24,62;25,50;24,75;25,12;2100;2100;
2026-07-07 16:15:08;1108728;RUNNING;1;4;1,309;1,306;1,321;1,300;1,306;1,302;1,305;1,320;1,312;1,309;5,000;4,998;5,000;4,998;5,002;5,001;5,000;5,001;5,000;4,999;24,44;23,81;24,62;25,50;24,75;25,12;2100;2100;
2026-07-07 16:15:09;1109728;RUNNING;1;4;1,309;1,306;1,320;1,299;1,307;1,302;1,305;1,320;1,312;1,308;4,998;4,998;5,000;5,000;5,002;5,001;5,000;4,999;5,002;4,999;24,44;23,81;24,62;25,56;24,75;25,12;2100;2100;
2026-07-07 16:15:10;1110728;RUNNING;1;4;1,309;1,307;1,321;1,300;1,306;1,301;1,305;1,320;1,311;1,309;5,000;4,998;5,000;5,000;5,002;5,001;5,000;4,999;5,000;4,999;24,44;23,81;24,62;25,50;24,75;25,12;2100;2100;
2026-07-07 16:15:11;1111728;RUNNING;1;4;1,310;1,306;1,320;1,300;1,305;1,302;1,304;1,319;1,311;1,309;5,000;4,998;4,999;5,000;5,002;5,003;5,000;4,999;5,000;5,001;24,44;23,81;24,69;25,50;24,75;25,12;2400;2100;
2026-07-07 16:15:12;1112728;RUNNING;1;4;1,309;1,306;1,321;1,300;1,306;1,301;1,305;1,319;1,312;1,309;5,000;4,998;5,000;5,000;5,002;5,001;5,000;4,999;5,002;4,999;24,44;23,81;24,69;25,56;24,75;25,12;2100;2100;
2026-07-07 16:15:13;1113728;RUNNING;1;4;1,309;1,306;1,321;1,300;1,306;1,301;1,305;1,319;1,311;1,309;4,998;5,000;5,000;5,000;5,002;5,003;5,000;4,999;5,002;4,999;24,44;23,87;24,69;25,56;24,75;25,12;2100;1800;
2026-07-07 16:15:14;1114728;RUNNING;1;4;1,309;1,306;1,321;1,300;1,306;1,301;1,305;1,319;1,311;1,310;4,997;4,998;4,999;5,000;5,002;5,003;5,000;4,999;5,000;4,999;24,44;23,81;24,69;25,56;24,75;25,19;1800;2100;
2026-07-07 16:15:15;1115728;RUNNING;1;4;1,309;1,305;1,321;1,300;1,306;1,301;1,305;1,319;1,311;1,308;4,998;4,998;5,000;5,000;5,002;5,003;5,000;4,999;5,000;4,999;24,44;23,87;24,69;25,56;24,75;25,12;2100;2100;
2026-07-07 16:15:16;1116728;RUNNING;1;4;1,310;1,305;1,321;1,300;1,306;1,301;1,305;1,319;1,311;1,308;4,998;4,998;4,999;5,002;5,002;5,001;4,998;4,999;5,002;4,999;24,44;23,87;24,69;25,56;24,75;25,19;2100;2100;
2026-07-07 16:15:17;1117728;RUNNING;1;4;1,309;1,307;1,320;1,300;1,306;1,301;1,305;1,319;1,312;1,309;5,000;4,998;5,000;5,000;5,002;5,001;4,998;4,999;5,002;4,999;24,44;23,87;24,69;25,56;24,75;25,12;2100;2400;
2026-07-07 16:15:18;1118728;RUNNING;1;4;1,309;1,307;1,321;1,300;1,306;1,302;1,304;1,319;1,312;1,308;5,000;4,998;4,999;5,000;5,002;5,003;5,000;4,999;5,000;5,001;24,44;23,87;24,69;25,56;24,75;25,19;2100;2100;
2026-07-07 16:15:19;1119728;RUNNING;1;4;1,309;1,306;1,321;1,300;1,306;1,302;1,304;1,319;1,312;1,308;4,998;4,998;5,000;5,000;5,002;5,001;5,000;4,997;5,000;4,999;24,44;23,87;24,69;25,56;24,81;25,19;2100;2100;
2026-07-07 16:15:20;1120728;RUNNING;1;4;1,309;1,307;1,321;1,300;1,306;1,302;1,305;1,319;1,312;1,309;4,998;4,997;5,000;4,998;5,000;5,003;4,998;4,999;5,000;4,999;24,44;23,87;24,69;25,56;24,81;25,19;2100;2100;
2026-07-07 16:15:21;1121728;RUNNING;1;4;1,310;1,307;1,321;1,300;1,305;1,301;1,305;1,320;1,311;1,309;4,998;4,998;4,999;5,000;5,002;5,001;5,000;4,999;5,002;5,001;24,44;23,87;24,69;25,56;24,81;25,19;2100;2100;
2026-07-07 16:15:22;1122728;RUNNING;1;4;1,309;1,306;1,320;1,300;1,306;1,302;1,305;1,319;1,311;1,309;5,000;4,998;4,999;4,998;5,002;5,003;4,998;5,001;5,000;4,999;24,44;23,87;24,69;25,56;24,81;25,19;2100;2100;
2026-07-07 16:15:23;1123728;RUNNING;1;4;1,309;1,306;1,322;1,300;1,306;1,302;1,305;1,319;1,311;1,308;4,998;4,998;5,000;5,000;5,000;5,003;5,000;4,999;5,002;4,999;24,44;23,87;24,69;25,56;24,81;25,19;2100;2100;
2026-07-07 16:15:24;1124728;RUNNING;1;4;1,309;1,306;1,320;1,300;1,306;1,301;1,305;1,319;1,311;1,308;5,000;4,998;5,000;5,000;5,002;5,003;5,000;4,999;5,002;4,999;24,44;23,94;24,69;25,56;24,81;25,19;2100;1800;
2026-07-07 16:15:25;1125728;RUNNING;1;4;1,309;1,307;1,320;1,300;1,306;1,302;1,305;1,320;1,311;1,310;5,000;4,998;5,000;5,000;5,002;5,003;5,000;4,999;5,002;4,999;24,44;23,87;24,69;25,56;24,81;25,19;2100;2100;
2026-07-07 16:15:26;1126728;RUNNING;1;4;1,309;1,307;1,320;1,300;1,305;1,302;1,305;1,319;1,311;1,309;5,000;4,997;5,000;5,000;5,002;5,003;5,000;5,001;5,000;4,999;24,44;23,87;24,69;25,56;24,81;25,19;2100;2100;
2026-07-07 16:15:27;1127728;RUNNING;1;4;1,310;1,306;1,321;1,300;1,306;1,302;1,305;1,319;1,311;1,309;5,000;4,998;5,000;5,000;5,002;5,003;5,000;4,999;5,000;4,999;24,44;23,87;24,69;25,56;24,81;25,19;2100;2100;
2026-07-07 16:15:28;1128728;RUNNING;1;4;1,310;1,307;1,321;1,300;1,306;1,302;1,305;1,319;1,312;1,310;5,000;4,998;5,000;5,002;5,002;5,003;5,000;4,999;5,000;5,001;24,44;23,87;24,69;25,62;24,81;25,19;2100;2100;
2026-07-07 16:15:29;1129728;RUNNING;1;4;1,309;1,306;1,322;1,300;1,306;1,301;1,305;1,320;1,311;1,308;5,000;4,998;4,999;4,998;5,000;5,001;5,000;5,001;5,000;4,999;24,44;23,87;24,69;25,56;24,81;25,19;2100;2100;
2026-07-07 16:15:30;1130728;RUNNING;1;4;1,309;1,306;1,321;1,300;1,306;1,302;1,305;1,319;1,312;1,308;5,000;4,998;5,000;5,000;5,002;5,003;5,000;4,999;5,002;4,999;24,50;23,87;24,69;25,62;24,81;25,19;2100;2400;
2026-07-07 16:15:31;1131728;RUNNING;1;4;1,310;1,306;1,321;1,301;1,306;1,301;1,305;1,320;1,311;1,309;4,998;4,998;4,999;5,000;5,002;5,003;5,000;4,999;5,002;4,999;24,44;23,87;24,69;25,62;24,81;25,19;1800;2100;
2026-07-07 16:15:32;1132728;RUNNING;1;4;1,310;1,305;1,321;1,300;1,306;1,302;1,305;1,319;1,311;1,310;4,998;4,998;5,000;5,000;5,002;5,003;5,000;4,999;5,002;5,001;24,44;23,87;24,69;25,62;24,81;25,25;1800;2100;
2026-07-07 16:15:33;1133728;RUNNING;1;4;1,309;1,306;1,321;1,300;1,306;1,301;1,305;1,319;1,311;1,310;5,000;4,998;5,000;5,000;5,002;4,999;5,000;4,999;5,000;5,001;24,44;23,87;24,69;25,62;24,81;25,19;2100;1800;
2026-07-07 16:15:34;1134728;RUNNING;1;4;1,309;1,307;1,321;1,300;1,305;1,301;1,305;1,319;1,311;1,309;5,000;4,998;5,000;5,000;5,002;5,001;4,998;4,999;5,002;4,999;24,44;23,87;24,69;25,56;24,81;25,25;2100;2100;
2026-07-07 16:15:35;1135728;RUNNING;1;4;1,309;1,306;1,321;1,300;1,306;1,301;1,305;1,320;1,311;1,308;4,998;4,998;4,999;5,000;5,002;4,999;5,000;4,999;5,000;4,999;24,44;23,94;24,69;25,56;24,81;25,25;2100;2100;
2026-07-07 16:15:36;1136728;RUNNING;1;4;1,309;1,307;1,321;1,300;1,305;1,301;1,305;1,319;1,312;1,308;4,998;4,998;5,000;5,000;5,000;4,999;5,000;4,999;5,000;4,999;24,44;23,87;24,69;25,62;24,81;25,19;2100;2400;
2026-07-07 16:15:37;1137728;RUNNING;1;4;1,309;1,307;1,321;1,300;1,306;1,301;1,305;1,319;1,311;1,308;5,002;4,998;5,000;5,000;5,002;5,001;5,000;4,999;5,002;4,999;24,44;23,94;24,69;25,62;24,81;25,25;2100;2100;
2026-07-07 16:15:38;1138728;RUNNING;1;4;1,310;1,307;1,320;1,300;1,306;1,301;1,305;1,320;1,311;1,310;5,000;4,998;4,999;5,000;5,002;5,001;5,000;4,999;5,000;4,999;24,50;23,94;24,69;25,62;24,81;25,25;2100;2100;
2026-07-07 16:15:39;1139728;RUNNING;1;4;1,309;1,307;1,320;1,300;1,306;1,301;1,305;1,320;1,312;1,309;4,998;4,998;5,000;4,998;5,002;5,001;5,000;4,999;5,002;4,999;24,50;23,94;24,69;25,62;24,81;25,25;2100;2100;
2026-07-07 16:15:40;1140728;RUNNING;1;4;1,310;1,306;1,322;1,300;1,306;1,301;1,305;1,319;1,311;1,310;4,998;4,998;4,999;5,000;5,002;4,999;5,000;5,001;5,000;5,001;24,50;23,94;24,69;25,62;24,87;25,25;2100;2100;
2026-07-07 16:15:41;1141728;RUNNING;1;4;1,310;1,306;1,321;1,300;1,305;1,301;1,305;1,319;1,312;1,309;4,998;4,997;5,000;5,000;5,002;4,999;5,000;4,999;5,000;5,001;24,44;23,94;24,75;25,62;24,81;25,25;2100;2100;
2026-07-07 16:15:42;1142728;RUNNING;1;4;1,309;1,306;1,321;1,300;1,306;1,302;1,305;1,320;1,312;1,309;5,000;4,997;5,000;5,000;5,002;5,001;5,000;4,999;5,000;5,001;24,50;23,94;24,69;25,62;24,87;25,25;2100;2100;
2026-07-07 16:15:43;1143728;RUNNING;1;4;1,310;1,307;1,321;1,300;1,307;1,301;1,305;1,320;1,311;1,309;5,000;4,998;5,000;5,000;5,002;4,999;5,000;4,999;5,000;5,001;24,50;23,94;24,69;25,62;24,87;25,25;2100;1800;
2026-07-07 16:15:44;1144728;RUNNING;1;4;1,310;1,306;1,321;1,300;1,306;1,301;1,306;1,320;1,312;1,309;5,000;4,998;5,000;4,998;5,002;4,999;5,000;4,999;5,000;4,999;24,50;23,94;24,69;25,62;24,87;25,25;1800;2100;
2026-07-07 16:15:45;1145728;RUNNING;1;4;1,309;1,305;1,321;1,300;1,307;1,301;1,305;1,320;1,311;1,310;5,000;4,998;5,000;5,000;5,002;4,999;5,000;4,999;5,000;4,999;24,50;23,94;24,69;25,62;24,87;25,25;2100;2100;
2026-07-07 16:15:46;1146728;RUNNING;1;4;1,310;1,306;1,321;1,300;1,307;1,301;1,305;1,319;1,312;1,308;5,000;4,998;4,999;5,000;5,002;4,999;4,998;4,999;5,002;5,001;24,50;23,94;24,75;25,62;24,87;25,25;2100;2100;
2026-07-07 16:15:47;1147728;RUNNING;1;4;1,309;1,306;1,321;1,300;1,306;1,301;1,304;1,319;1,312;1,309;4,998;4,998;4,999;4,998;5,002;5,001;5,000;4,999;5,002;4,999;24,50;23,94;24,69;25,62;24,87;25,25;2100;2400;
2026-07-07 16:15:48;1148728;RUNNING;1;4;1,309;1,307;1,320;1,300;1,305;1,301;1,305;1,319;1,311;1,310;4,998;4,998;5,000;5,000;5,002;4,999;5,000;4,999;5,002;4,999;24,50;23,94;24,75;25,62;24,81;25,25;2100;2100;
2026-07-07 16:15:49;1149728;RUNNING;1;4;1,309;1,307;1,320;1,300;1,306;1,301;1,305;1,319;1,312;1,310;4,998;4,998;5,000;5,000;5,002;4,999;5,000;4,999;5,000;4,999;24,50;23,94;24,75;25,62;24,87;25,25;2100;2100;
2026-07-07 16:15:50;1150728;RUNNING;1;4;1,310;1,307;1,321;1,300;1,305;1,302;1,305;1,319;1,311;1,309;5,000;4,998;5,000;5,000;5,002;4,997;5,000;4,999;5,000;5,001;24,50;23,94;24,69;25,62;24,87;25,25;2100;2100;
2026-07-07 16:15:51;1151728;RUNNING;1;4;1,309;1,306;1,322;1,301;1,306;1,301;1,304;1,320;1,311;1,308;5,000;4,998;4,999;4,998;5,002;4,999;5,000;4,999;5,000;5,001;24,50;23,94;24,75;25,62;24,87;25,25;2100;1800;
2026-07-07 16:15:52;1152728;RUNNING;1;4;1,310;1,307;1,320;1,300;1,305;1,301;1,305;1,320;1,311;1,308;5,000;4,997;5,000;5,000;5,002;4,999;4,998;4,999;5,000;4,999;24,50;23,94;24,75;25,62;24,87;25,25;2100;2100;
2026-07-07 16:15:53;1153728;RUNNING;1;4;1,310;1,305;1,321;1,301;1,307;1,301;1,305;1,319;1,312;1,310;4,998;4,997;4,999;5,000;5,002;4,999;5,000;4,999;5,000;5,001;24,50;23,94;24,75;25,62;24,87;25,25;2100;2100;
2026-07-07 16:15:54;1154728;RUNNING;1;4;1,310;1,306;1,322;1,300;1,306;1,301;1,305;1,320;1,312;1,308;4,998;4,998;4,999;4,998;5,002;4,999;5,000;4,999;5,000;4,999;24,50;23,94;24,75;25,62;24,87;25,25;2100;2100;
2026-07-07 16:15:55;1155728;RUNNING;1;4;1,310;1,305;1,321;1,300;1,306;1,301;1,305;1,320;1,312;1,309;5,000;4,998;5,000;5,000;5,000;4,999;5,000;4,999;5,002;5,001;24,50;23,94;24,75;25,69;24,87;25,25;2100;2100;
2026-07-07 16:15:56;1156728;RUNNING;1;4;1,310;1,305;1,321;1,301;1,306;1,301;1,305;1,320;1,311;1,310;4,998;4,998;4,999;5,000;5,002;5,001;5,000;4,999;5,000;4,999;24,50;23,94;24,75;25,69;24,87;25,31;1800;2100;
2026-07-07 16:15:57;1157728;RUNNING;1;4;1,309;1,306;1,321;1,300;1,306;1,301;1,306;1,320;1,312;1,309;4,998;4,998;4,999;5,000;5,000;5,001;5,000;5,001;5,000;4,999;24,50;23,94;24,75;25,69;24,87;25,25;2100;2100;
2026-07-07 16:15:58;1158728;RUNNING;1;4;1,310;1,306;1,321;1,300;1,306;1,301;1,305;1,320;1,311;1,310;4,998;4,997;4,999;5,000;5,002;4,999;5,000;4,999;5,002;4,999;24,50;23,94;24,75;25,69;24,87;25,31;2100;2100;
2026-07-07 16:15:59;1159728;RUNNING;1;4;1,310;1,307;1,321;1,300;1,306;1,301;1,305;1,319;1,312;1,309;5,000;4,998;5,000;5,000;5,002;4,999;5,000;4,999;5,000;4,999;24,50;23,94;24,75;25,69;24,87;25,31;2100;2100;
2026-07-07 16:16:00;1160728;RUNNING;1;4;1,309;1,307;1,321;1,300;1,307;1,301;1,305;1,320;1,312;1,310;4,998;4,997;4,999;5,000;5,002;4,999;5,000;5,001;5,000;4,999;24,50;23,94;24,75;25,69;24,87;25,25;2100;2100;
2026-07-07 16:16:01;1161728;RUNNING;1;4;1,310;1,306;1,321;1,300;1,306;1,301;1,305;1,319;1,312;1,309;5,000;4,998;4,999;5,000;5,000;4,999;5,000;4,999;5,000;5,001;24,50;23,94;24,75;25,69;24,87;25,31;2100;2100;
2026-07-07 16:16:02;1162728;RUNNING;1;4;1,309;1,305;1,321;1,300;1,306;1,301;1,305;1,320;1,312;1,309;4,998;4,997;4,999;5,000;5,002;5,001;5,000;4,999;5,000;4,999;24,50;23,94;24,75;25,69;24,87;25,31;2100;2100;
2026-07-07 16:16:03;1163728;RUNNING;1;4;1,310;1,305;1,321;1,300;1,306;1,301;1,304;1,319;1,312;1,309;5,000;4,997;5,000;5,000;5,004;5,001;5,000;4,999;5,002;4,999;24,50;23,94;24,75;25,69;24,87;25,31;2100;2100;
2026-07-07 16:16:04;1164728;RUNNING;1;4;1,309;1,306;1,322;1,300;1,306;1,301;1,305;1,319;1,312;1,310;5,000;4,997;4,999;5,000;5,002;4,999;5,000;4,999;5,000;5,001;24,50;23,94;24,75;25,69;24,87;25,31;2100;2100;
2026-07-07 16:16:05;1165728;RUNNING;1;4;1,310;1,306;1,321;1,300;1,306;1,302;1,305;1,319;1,312;1,308;4,998;4,997;5,000;5,000;5,000;4,999;5,000;4,999;5,000;5,001;24,50;23,94;24,75;25,69;24,87;25,31;2100;2100;
2026-07-07 16:16:06;1166728;RUNNING;1;4;1,310;1,305;1,321;1,300;1,306;1,301;1,305;1,320;1,311;1,310;5,000;4,998;5,000;5,000;5,000;4,999;5,000;4,999;5,002;4,999;24,50;23,94;24,75;25,69;24,87;25,31;2100;2100;
2026-07-07 16:16:07;1167728;RUNNING;1;4;1,309;1,306;1,321;1,300;1,307;1,301;1,305;1,319;1,311;1,310;4,998;4,998;4,999;5,000;5,002;4,999;5,000;4,999;5,002;4,999;24,50;23,94;24,75;25,69;24,87;25,31;2100;2100;
2026-07-07 16:16:08;1168728;RUNNING;1;4;1,309;1,306;1,320;1,300;1,306;1,301;1,306;1,320;1,312;1,308;4,998;4,997;5,000;4,998;5,002;5,001;5,000;4,999;5,000;5,001;24,50;23,94;24,75;25,69;24,87;25,31;1800;1800;
2026-07-07 16:16:09;1169728;RUNNING;1;4;1,309;1,307;1,321;1,300;1,306;1,302;1,305;1,320;1,312;1,308;4,998;4,998;4,999;4,998;5,002;4,999;5,000;4,999;5,002;4,999;24,56;23,94;24,75;25,69;24,87;25,31;2100;2100;
2026-07-07 16:16:10;1170728;RUNNING;1;4;1,310;1,306;1,321;1,300;1,306;1,301;1,305;1,320;1,312;1,309;4,998;4,998;5,000;4,998;5,002;4,999;5,000;4,999;5,000;5,001;24,50;23,94;24,75;25,69;24,87;25,31;2100;2100;
2026-07-07 16:16:11;1171728;RUNNING;1;4;1,310;1,307;1,322;1,300;1,307;1,302;1,305;1,319;1,312;1,310;5,000;4,998;4,999;5,002;5,002;4,999;5,000;4,999;5,002;4,999;24,50;23,94;24,75;25,69;24,87;25,31;2100;2100;
2026-07-07 16:16:12;1172728;RUNNING;1;4;1,310;1,305;1,321;1,301;1,306;1,301;1,306;1,319;1,312;1,309;4,998;4,997;4,999;5,000;5,002;4,999;4,998;4,999;5,002;4,999;24,50;23,94;24,75;25,69;24,87;25,31;2100;2100;
2026-07-07 16:16:13;1173728;RUNNING;1;4;1,309;1,306;1,322;1,301;1,307;1,301;1,305;1,320;1,312;1,309;4,998;4,998;4,999;5,000;5,002;4,999;4,998;4,999;5,002;4,999;24,50;23,94;24,75;25,69;24,87;25,31;2100;2100;
2026-07-07 16:16:14;1174728;RUNNING;1;4;1,309;1,306;1,321;1,300;1,306;1,301;1,305;1,320;1,312;1,310;4,998;4,998;5,000;4,998;5,002;4,999;5,000;4,999;5,002;4,999;24,50;23,94;24,75;25,69;24,87;25,31;2100;2100;
2026-07-07 16:16:15;1175728;RUNNING;1;4;1,310;1,306;1,321;1,300;1,306;1,301;1,305;1,319;1,312;1,309;4,998;4,998;4,999;5,000;5,002;4,999;5,000;4,999;5,000;5,001;24,56;23,94;24,75;25,69;24,87;25,31;2100;2100;
2026-07-07 16:16:16;1176728;RUNNING;1;4;1,310;1,307;1,321;1,300;1,306;1,301;1,305;1,319;1,311;1,309;5,000;4,998;5,000;4,998;5,000;5,001;5,000;4,999;5,002;4,999;24,50;23,94;24,75;25,69;24,87;25,31;2100;1800;
2026-07-07 16:16:17;1177728;RUNNING;1;4;1,310;1,307;1,322;1,300;1,306;1,301;1,306;1,319;1,311;1,310;4,998;4,997;5,000;4,998;5,002;5,001;5,000;4,999;5,002;5,001;24,50;23,94;24,75;25,69;24,87;25,31;2100;2100;
2026-07-07 16:16:18;1178728;RUNNING;1;4;1,310;1,306;1,322;1,300;1,306;1,301;1,305;1,319;1,312;1,310;5,000;4,998;5,000;5,000;5,002;5,001;5,000;4,999;5,002;5,001;24,56;23,94;24,75;25,69;24,87;25,31;2100;2100;
2026-07-07 16:16:19;1179728;RUNNING;1;4;1,310;1,306;1,321;1,301;1,307;1,301;1,305;1,320;1,312;1,308;5,000;4,998;4,999;5,000;5,002;4,999;5,000;5,001;5,002;5,001;24,56;23,94;24,75;25,69;24,87;25,31;2100;2100;
2026-07-07 16:16:20;1180728;RUNNING;1;4;1,309;1,307;1,321;1,300;1,306;1,301;1,305;1,320;1,311;1,309;4,998;4,998;4,999;5,000;5,002;4,999;5,000;5,001;5,000;5,001;24,56;23,94;24,75;25,69;24,87;25,31;1800;2100;
2026-07-07 16:16:21;1181728;RUNNING;1;4;1,310;1,306;1,321;1,301;1,306;1,301;1,305;1,319;1,312;1,308;4,998;4,998;4,999;5,000;5,002;4,999;5,000;4,999;5,000;5,001;24,50;23,94;24,75;25,69;24,87;25,31;2100;2100;
2026-07-07 16:16:22;1182728;RUNNING;1;4;1,310;1,305;1,321;1,300;1,306;1,301;1,305;1,319;1,311;1,308;4,998;4,998;5,000;5,000;5,002;4,999;5,000;4,999;5,000;5,001;24,56;23,94;24,75;25,69;24,87;25,31;2100;2100;
2026-07-07 16:16:23;1183728;RUNNING;1;4;1,309;1,306;1,321;1,300;1,306;1,301;1,305;1,319;1,312;1,308;5,000;4,998;5,000;5,000;5,002;5,001;5,002;4,999;5,002;5,001;24,56;23,94;24,75;25,69;24,87;25,31;2100;2100;
2026-07-07 16:16:24;1184728;RUNNING;1;4;1,310;1,306;1,321;1,300;1,306;1,301;1,306;1,320;1,312;1,308;5,000;4,997;4,999;5,000;5,002;4,999;5,000;5,001;5,002;4,999;24,56;23,94;24,75;25,69;24,87;25,31;2100;1800;
2026-07-07 16:16:25;1185728;RUNNING;1;4;1,309;1,307;1,321;1,300;1,306;1,301;1,305;1,320;1,311;1,309;5,000;4,998;4,999;5,000;5,002;5,001;5,000;4,999;5,000;5,001;24,50;23,94;24,75;25,69;24,87;25,31;2100;2100;
2026-07-07 16:16:26;1186728;RUNNING;1;4;1,310;1,307;1,321;1,300;1,306;1,302;1,305;1,319;1,312;1,310;5,000;4,998;5,000;5,002;5,002;5,001;5,000;4,999;5,000;5,001;24,56;24,00;24,75;25,69;24,87;25,31;2100;2100;
2026-07-07 16:16:27;1187728;RUNNING;1;4;1,310;1,306;1,321;1,300;1,307;1,301;1,305;1,320;1,312;1,310;5,000;4,998;4,999;4,998;5,002;5,001;5,000;4,999;5,000;4,999;24,56;23,94;24,75;25,69;24,87;25,31;2100;2100;
2026-07-07 16:16:28;1188728;RUNNING;1;4;1,310;1,306;1,321;1,300;1,305;1,301;1,305;1,319;1,312;1,308;5,000;4,998;5,000;5,000;5,000;4,999;4,998;4,999;5,000;5,001;24,56;23,94;24,75;25,69;24,87;25,31;2100;2100;
2026-07-07 16:16:29;1189728;RUNNING;1;4;1,309;1,306;1,321;1,300;1,306;1,301;1,305;1,319;1,311;1,309;4,998;4,998;5,000;4,998;5,000;4,999;5,000;5,001;5,000;4,999;24,56;23,94;24,75;25,69;24,87;25,31;2100;2100;
2026-07-07 16:16:30;1190728;RUNNING;1;4;1,310;1,306;1,321;1,300;1,306;1,301;1,305;1,319;1,311;1,309;4,998;4,998;5,000;5,000;5,002;5,001;5,002;4,999;5,002;4,999;24,56;23,94;24,75;25,69;24,87;25,31;1800;2100;
2026-07-07 16:16:31;1191728;RUNNING;1;4;1,309;1,306;1,321;1,300;1,307;1,301;1,305;1,319;1,311;1,308;4,998;4,998;5,000;5,000;5,000;4,999;5,000;4,999;5,000;4,999;24,50;23,94;24,75;25,69;24,94;25,31;2100;2100;
2026-07-07 16:16:32;1192728;RUNNING;1;4;1,309;1,306;1,320;1,300;1,306;1,301;1,305;1,320;1,312;1,310;4,998;4,998;4,999;5,000;5,002;5,001;4,998;4,999;5,000;5,001;24,50;23,94;24,75;25,69;24,87;25,31;2100;2100;
2026-07-07 16:16:33;1193728;RUNNING;1;4;1,310;1,307;1,320;1,300;1,307;1,301;1,305;1,320;1,312;1,310;5,000;4,998;4,999;5,000;5,002;5,001;5,000;4,999;5,002;4,999;24,56;24,00;24,75;25,69;24,87;25,31;2100;1800;
2026-07-07 16:16:34;1194728;RUNNING;1;4;1,310;1,306;1,320;1,300;1,307;1,301;1,305;1,320;1,312;1,310;4,998;4,997;5,000;5,000;5,002;4,999;4,998;4,999;5,000;5,001;24,56;23,94;24,75;25,75;24,94;25,31;2100;2100;
2026-07-07 16:16:35;1195728;RUNNING;1;4;1,310;1,306;1,321;1,300;1,305;1,301;1,306;1,320;1,312;1,310;4,998;4,997;4,999;5,000;5,002;4,999;5,000;5,001;5,002;4,999;24,56;23,94;24,75;25,69;24,94;25,31;2100;2100;
2026-07-07 16:16:36;1196728;RUNNING;1;4;1,310;1,306;1,321;1,301;1,306;1,302;1,305;1,320;1,312;1,310;5,000;4,998;5,000;5,000;5,002;4,999;5,000;4,999;5,000;5,001;24,56;24,00;24,75;25,69;24,94;25,31;2100;2100;
2026-07-07 16:16:37;1197728;RUNNING;1;4;1,309;1,306;1,321;1,300;1,306;1,301;1,305;1,320;1,312;1,308;5,000;4,998;4,999;5,000;5,002;4,999;5,000;4,999;5,000;5,001;24,56;23,94;24,75;25,75;24,94;25,37;2100;2100;
2026-07-07 16:16:38;1198728;RUNNING;1;4;1,310;1,307;1,322;1,300;1,306;1,302;1,306;1,320;1,312;1,310;4,998;4,997;5,000;5,000;5,002;4,999;4,998;4,999;5,002;4,999;24,56;24,00;24,75;25,69;24,94;25,31;2400;2100;
2026-07-07 16:16:39;1199728;RUNNING;1;4;1,310;1,306;1,321;1,301;1,306;1,302;1,305;1,320;1,312;1,310;5,000;4,997;5,000;5,002;5,002;4,999;5,000;4,999;5,002;4,999;24,56;23,94;24,75;25,69;24,94;25,31;2100;2100;
2026-07-07 16:16:40;1200728;RUNNING;1;4;1,310;1,307;1,322;1,301;1,306;1,301;1,306;1,319;1,312;1,309;4,998;4,998;5,000;5,000;5,002;4,999;5,000;4,999;5,002;4,999;24,56;24,00;24,75;25,75;24,94;25,37;2100;1800;
2026-07-07 16:16:41;1201728;RUNNING;1;4;1,310;1,307;1,320;1,301;1,306;1,302;1,306;1,321;1,312;1,309;5,000;4,998;5,000;5,000;5,002;4,999;5,000;4,999;5,004;5,001;24,56;24,00;24,81;25,75;24,94;25,31;1800;2100;
2026-07-07 16:16:42;1202728;RUNNING;1;4;1,310;1,306;1,321;1,300;1,307;1,301;1,305;1,320;1,311;1,310;4,997;4,998;4,999;5,000;5,002;4,999;5,000;4,999;5,002;5,001;24,50;24,00;24,75;25,75;24,94;25,37;2100;2100;
2026-07-07 16:16:43;1203728;RUNNING;1;4;1,309;1,307;1,321;1,300;1,306;1,301;1,305;1,320;1,312;1,310;4,998;4,998;5,000;5,000;5,002;4,999;4,998;4,999;5,002;5,001;24,56;24,00;24,81;25,69;24,94;25,37;2100;2100;
2026-07-07 16:16:44;1204728;RUNNING;1;4;1,309;1,306;1,321;1,300;1,306;1,301;1,305;1,320;1,312;1,310;4,998;4,998;4,999;5,000;5,002;4,999;5,000;4,999;4,999;4,999;24,56;24,00;24,81;25,75;24,94;25,37;2100;2100;
2026-07-07 16:16:45;1205728;RUNNING;1;4;1,310;1,306;1,322;1,300;1,306;1,301;1,305;1,320;1,311;1,308;5,000;4,997;5,000;5,000;5,002;4,999;5,000;4,999;5,002;5,001;24,56;24,00;24,81;25,75;24,94;25,31;2100;2100;
2026-07-07 16:16:46;1206728;RUNNING;1;4;1,310;1,306;1,321;1,300;1,307;1,301;1,305;1,320;1,312;1,308;5,000;4,998;5,000;5,000;5,002;5,001;5,000;4,999;5,002;5,001;24,56;24,00;24,81;25,75;24,87;25,37;2100;2100;
2026-07-07 16:16:47;1207728;RUNNING;1;4;1,310;1,305;1,321;1,300;1,306;1,301;1,305;1,320;1,312;1,309;4,998;4,997;4,999;5,000;5,002;5,001;4,998;4,999;5,000;5,001;24,56;24,00;24,75;25,75;24,94;25,31;2100;2100;
2026-07-07 16:16:48;1208728;RUNNING;1;4;1,310;1,306;1,320;1,300;1,306;1,301;1,305;1,319;1,311;1,310;4,998;4,998;5,000;4,998;5,002;4,999;4,998;4,999;5,002;4,999;24,56;24,00;24,81;25,75;24,94;25,37;2100;2100;
2026-07-07 16:16:49;1209728;RUNNING;1;4;1,310;1,307;1,321;1,300;1,306;1,301;1,305;1,319;1,311;1,310;4,998;4,998;5,000;5,000;5,002;4,999;5,000;4,999;5,000;5,001;24,56;24,00;24,81;25,75;24,87;25,37;2100;2100;
2026-07-07 16:16:50;1210728;RUNNING;1;4;1,310;1,307;1,321;1,300;1,306;1,301;1,305;1,320;1,312;1,310;5,000;4,998;5,000;5,000;5,002;5,001;5,000;4,999;5,002;5,001;24,56;24,00;24,81;25,75;24,94;25,37;2100;2100;
2026-07-07 16:16:51;1211728;RUNNING;1;4;1,310;1,307;1,321;1,300;1,307;1,302;1,306;1,319;1,311;1,309;5,000;4,998;4,999;4,998;5,002;4,999;5,000;4,999;5,000;4,999;24,56;24,00;24,81;25,75;24,94;25,31;2100;2100;
2026-07-07 16:16:52;1212728;RUNNING;1;4;1,310;1,306;1,321;1,300;1,305;1,301;1,305;1,320;1,312;1,310;5,000;4,997;4,999;5,000;5,002;4,999;5,000;4,999;5,000;5,001;24,56;24,00;24,81;25,75;24,94;25,31;2100;2100;
2026-07-07 16:16:53;1213728;RUNNING;1;4;1,310;1,307;1,321;1,301;1,306;1,301;1,305;1,320;1,312;1,309;5,000;4,998;4,999;4,998;5,000;5,001;5,000;5,001;5,002;5,001;24,56;23,94;24,81;25,75;24,87;25,31;1800;2100;
2026-07-07 16:16:54;1214728;RUNNING;1;4;1,310;1,307;1,321;1,300;1,306;1,301;1,305;1,320;1,311;1,310;4,998;4,998;4,999;5,000;5,002;5,001;5,000;4,999;5,002;5,001;24,56;23,94;24,81;25,75;24,94;25,31;2100;2100;
2026-07-07 16:16:55;1215728;RUNNING;1;4;1,310;1,306;1,320;1,301;1,306;1,301;1,305;1,320;1,311;1,310;5,000;4,998;5,000;5,000;5,002;4,999;5,000;4,999;5,002;5,001;24,56;24,00;24,81;25,75;24,94;25,37;2100;1800;
2026-07-07 16:16:56;1216728;RUNNING;1;4;1,309;1,307;1,321;1,300;1,306;1,301;1,305;1,320;1,311;1,310;5,000;4,998;4,999;4,998;5,002;4,999;5,000;4,999;5,002;5,001;24,56;23,94;24,75;25,75;24,94;25,37;2100;2100;
2026-07-07 16:16:57;1217728;RUNNING;1;4;1,309;1,307;1,321;1,301;1,306;1,301;1,306;1,319;1,312;1,309;4,998;4,998;4,999;5,000;5,002;5,001;4,998;4,999;5,002;5,001;24,56;24,00;24,81;25,75;24,87;25,37;2100;2100;
2026-07-07 16:16:58;1218728;RUNNING;1;4;1,310;1,306;1,320;1,300;1,306;1,301;1,305;1,320;1,312;1,310;5,000;4,998;4,997;5,000;5,002;5,001;5,000;4,999;5,002;5,001;24,56;24,00;24,81;25,75;24,94;25,37;2100;2100;
2026-07-07 16:16:59;1219728;RUNNING;1;4;1,310;1,307;1,321;1,300;1,307;1,302;1,305;1,319;1,312;1,308;4,998;4,998;4,999;5,000;5,002;4,999;5,000;4,999;5,002;5,001;24,56;23,94;24,81;25,75;24,94;25,31;2100;2100;
2026-07-07 16:17:00;1220728;RUNNING;1;4;1,310;1,306;1,321;1,301;1,307;1,301;1,305;1,320;1,312;1,309;5,000;4,997;5,000;5,000;5,002;4,999;5,000;4,999;5,002;5,001;24,56;23,94;24,81;25,75;24,94;25,31;2100;2100;
2026-07-07 16:17:01;1221728;RUNNING;1;4;1,310;1,306;1,322;1,300;1,306;1,301;1,306;1,320;1,312;1,310;5,000;4,998;4,999;5,000;5,002;4,999;5,000;4,999;5,002;5,001;24,56;24,00;24,81;25,75;24,94;25,31;2100;2100;
2026-07-07 16:17:02;1222728;RUNNING;1;4;1,310;1,307;1,321;1,300;1,306;1,301;1,306;1,320;1,312;1,308;4,998;4,997;5,000;5,000;5,002;5,001;5,002;5,001;5,002;5,001;24,56;24,00;24,81;25,75;24,94;25,31;2100;1800;
2026-07-07 16:17:03;1223728;RUNNING;1;4;1,310;1,306;1,321;1,300;1,306;1,301;1,305;1,320;1,312;1,310;4,998;4,998;5,000;5,000;5,000;4,999;5,000;4,999;5,000;5,001;24,56;24,00;24,81;25,75;24,94;25,31;1800;2100;
2026-07-07 16:17:04;1224728;RUNNING;1;4;1,310;1,306;1,322;1,300;1,306;1,301;1,305;1,320;1,312;1,309;4,998;4,997;4,999;5,000;5,002;5,001;5,000;4,999;5,002;5,001;24,56;24,00;24,81;25,75;24,94;25,31;2100;2100;
2026-07-07 16:17:05;1225728;RUNNING;1;4;1,310;1,307;1,320;1,300;1,306;1,302;1,305;1,320;1,312;1,310;4,998;4,997;4,999;5,000;5,002;5,001;5,000;4,999;5,002;5,001;24,56;24,00;24,81;25,75;24,94;25,37;2100;2100;
2026-07-07 16:17:06;1226728;RUNNING;1;4;1,310;1,306;1,322;1,300;1,306;1,301;1,305;1,320;1,312;1,310;5,000;4,998;5,000;4,998;5,002;5,001;5,000;4,999;5,000;5,001;24,56;24,00;24,81;25,75;24,94;25,37;2100;2100;
2026-07-07 16:17:07;1227728;RUNNING;1;4;1,310;1,306;1,322;1,300;1,306;1,301;1,305;1,320;1,312;1,310;5,000;4,998;5,000;4,998;5,002;4,999;5,000;5,001;5,002;5,001;24,56;24,00;24,81;25,75;24,94;25,37;2100;2100;
2026-07-07 16:17:08;1228728;RUNNING;1;4;1,310;1,306;1,321;1,300;1,307;1,302;1,305;1,320;1,312;1,310;5,000;4,998;4,999;5,000;5,002;5,001;5,002;4,999;5,002;4,999;24,56;24,00;24,81;25,75;24,94;25,31;2100;2400;
2026-07-07 16:17:09;1229728;RUNNING;1;4;1,310;1,307;1,320;1,300;1,307;1,301;1,305;1,319;1,312;1,309;5,000;4,998;5,000;5,000;5,002;4,999;5,000;4,999;5,000;5,001;24,56;24,00;24,81;25,75;24,94;25,31;2100;2100;
2026-07-07 16:17:10;1230728;RUNNING;1;4;1,310;1,307;1,320;1,301;1,307;1,301;1,305;1,320;1,312;1,309;5,000;4,998;4,999;5,000;5,002;4,999;5,000;4,999;5,000;5,001;24,56;24,00;24,81;25,75;24,94;25,37;2100;2100;
2026-07-07 16:17:11;1231728;RUNNING;1;4;1,310;1,307;1,322;1,301;1,307;1,302;1,306;1,320;1,312;1,309;5,000;4,998;4,999;5,000;5,000;4,999;5,002;4,999;5,002;5,001;24,56;24,00;24,81;25,75;24,94;25,37;2100;2100;
2026-07-07 16:17:12;1232728;RUNNING;1;4;1,310;1,307;1,321;1,300;1,306;1,302;1,304;1,320;1,312;1,310;5,000;4,998;5,000;5,000;5,002;4,999;5,000;4,999;5,002;5,001;24,56;24,00;24,81;25,75;24,94;25,37;2100;2100;
2026-07-07 16:17:13;1233728;RUNNING;1;4;1,310;1,306;1,321;1,300;1,307;1,302;1,306;1,320;1,312;1,308;4,998;4,998;5,000;5,000;5,002;4,999;5,000;4,999;5,000;5,001;24,56;24,00;24,81;25,75;24,94;25,37;1800;2100;
2026-07-07 16:17:14;1234728;RUNNING;1;4;1,310;1,306;1,320;1,300;1,306;1,301;1,305;1,320;1,312;1,308;5,000;4,997;4,999;5,000;5,002;4,999;5,002;4,999;5,000;5,001;24,56;24,00;24,81;25,75;24,94;25,37;2100;2100;
2026-07-07 16:17:15;1235728;RUNNING;1;4;1,310;1,306;1,321;1,300;1,307;1,301;1,306;1,320;1,312;1,309;4,998;4,997;5,000;5,000;5,002;4,999;5,000;4,999;5,002;5,001;24,56;24,00;24,81;25,75;24,94;25,37;2100;2100;
2026-07-07 16:17:16;1236728;RUNNING;1;4;1,310;1,307;1,321;1,300;1,306;1,301;1,305;1,320;1,312;1,310;5,000;4,997;4,999;5,000;5,002;5,001;5,000;4,999;5,002;4,999;24,56;24,00;24,81;25,75;24,94;25,37;2100;2100;
2026-07-07 16:17:17;1237728;RUNNING;1;4;1,310;1,306;1,320;1,300;1,307;1,301;1,306;1,320;1,311;1,308;4,998;4,998;5,000;4,998;5,002;4,999;5,000;4,999;5,000;5,001;24,56;24,00;24,81;25,75;24,94;25,37;2100;2100;
2026-07-07 16:17:18;1238728;RUNNING;1;4;1,309;1,307;1,321;1,300;1,305;1,301;1,305;1,319;1,311;1,309;4,998;4,998;5,000;5,002;5,002;4,999;5,000;4,999;5,002;5,001;24,56;24,00;24,81;25,81;24,94;25,37;2100;2100;
2026-07-07 16:17:19;1239728;RUNNING;1;4;1,309;1,306;1,321;1,300;1,306;1,301;1,306;1,320;1,312;1,309;5,000;4,998;4,999;5,000;5,002;4,999;5,000;4,999;5,000;5,001;24,56;24,00;24,81;25,75;24,94;25,37;2100;2100;
2026-07-07 16:17:20;1240728;RUNNING;1;4;1,310;1,307;1,321;1,300;1,306;1,301;1,306;1,319;1,312;1,309;5,000;4,997;5,000;5,000;5,002;5,001;5,000;4,999;5,002;5,001;24,56;24,00;24,81;25,75;24,94;25,37;2100;2100;
2026-07-07 16:17:21;1241728;RUNNING;1;4;1,310;1,307;1,321;1,301;1,306;1,301;1,306;1,320;1,312;1,310;5,000;4,997;4,999;5,000;5,002;4,999;5,000;4,999;5,002;5,001;24,56;24,00;24,87;25,75;24,94;25,37;2100;2100;
2026-07-07 16:17:22;1242728;RUNNING;1;4;1,309;1,307;1,321;1,300;1,306;1,302;1,306;1,319;1,312;1,309;5,000;4,998;4,999;4,998;5,002;5,001;4,998;4,999;5,002;5,001;24,56;24,00;24,87;25,81;24,94;25,37;1800;2100;
2026-07-07 16:17:23;1243728;RUNNING;1;4;1,310;1,305;1,321;1,300;1,307;1,301;1,305;1,320;1,311;1,310;4,998;4,997;5,000;4,998;5,000;4,999;4,998;4,999;5,000;5,001;24,56;24,00;24,87;25,81;24,94;25,37;2100;2100;
2026-07-07 16:17:24;1244728;RUNNING;1;4;1,310;1,307;1,321;1,300;1,306;1,302;1,305;1,320;1,312;1,310;5,000;4,998;5,000;5,000;5,002;4,999;5,000;4,999;5,002;5,001;24,62;24,00;24,81;25,81;24,94;25,37;2100;2100;
2026-07-07 16:17:25;1245728;RUNNING;1;4;1,310;1,306;1,321;1,300;1,307;1,301;1,306;1,320;1,312;1,309;4,998;4,998;4,997;5,000;5,002;4,999;5,000;4,999;5,002;5,001;24,62;24,00;24,87;25,81;25,00;25,37;2100;1800;
2026-07-07 16:17:26;1246728;RUNNING;1;4;1,310;1,306;1,321;1,301;1,306;1,301;1,305;1,320;1,312;1,308;4,998;4,998;5,000;4,998;5,002;4,999;5,000;5,001;5,002;5,001;24,56;24,00;24,87;25,81;24,94;25,37;2100;2100;
2026-07-07 16:17:27;1247728;RUNNING;1;4;1,310;1,307;1,322;1,300;1,306;1,301;1,305;1,320;1,312;1,310;5,000;4,998;4,999;5,000;5,002;5,001;4,998;4,999;5,002;5,001;24,56;24,00;24,87;25,81;24,94;25,37;2100;2100;
2026-07-07 16:17:28;1248728;RUNNING;1;4;1,309;1,307;1,320;1,300;1,307;1,302;1,305;1,320;1,312;1,309;4,998;4,997;4,999;5,000;5,002;4,999;4,998;5,001;5,000;4,999;24,62;24,00;24,87;25,81;25,00;25,44;2100;2100;
2026-07-07 16:17:29;1249728;RUNNING;1;4;1,310;1,306;1,320;1,300;1,307;1,301;1,305;1,320;1,312;1,310;4,998;4,997;4,999;4,998;5,002;5,001;4,998;4,999;5,000;5,001;24,62;24,00;24,87;25,81;24,94;25,44;2100;2100;
2026-07-07 16:17:30;1250728;RUNNING;1;4;1,310;1,307;1,322;1,300;1,307;1,301;1,306;1,320;1,312;1,309;4,998;4,998;4,999;5,000;5,000;5,001;5,000;4,999;5,002;5,001;24,62;24,00;24,87;25,81;25,00;25,37;2100;2100;
2026-07-07 16:17:31;1251728;RUNNING;1;4;1,310;1,307;1,321;1,300;1,306;1,301;1,306;1,320;1,312;1,309;5,000;4,998;5,000;5,000;5,002;4,999;5,000;4,999;5,004;5,001;24,62;24,00;24,81;25,81;24,94;25,37;2100;2100;
2026-07-07 16:17:32;1252728;RUNNING;1;4;1,310;1,307;1,321;1,300;1,306;1,301;1,305;1,320;1,312;1,310;4,998;4,997;4,999;5,000;5,000;5,001;5,000;4,999;5,000;4,999;24,56;24,00;24,81;25,81;25,00;25,44;2100;1800;
2026-07-07 16:17:33;1253728;RUNNING;1;4;1,310;1,307;1,321;1,300;1,307;1,301;1,305;1,320;1,312;1,310;4,998;4,998;4,999;5,000;5,002;5,001;5,000;4,999;5,002;5,001;24,62;24,00;24,81;25,81;25,00;25,44;2100;2100;
2026-07-07 16:17:34;1254728;RUNNING;1;4;1,310;1,306;1,321;1,301;1,306;1,301;1,305;1,320;1,312;1,309;5,000;4,998;4,999;5,000;5,002;4,999;5,000;5,001;5,002;5,001;24,62;24,00;24,87;25,81;25,00;25,44;2100;2100;
2026-07-07 16:17:35;1255728;RUNNING;1;4;1,310;1,306;1,321;1,300;1,306;1,301;1,306;1,319;1,312;1,310;5,000;4,998;4,999;5,000;5,002;4,999;5,000;4,999;5,002;4,999;24,62;24,00;24,87;25,81;25,00;25,44;2100;2100;
2026-07-07 16:17:36;1256728;RUNNING;1;4;1,310;1,306;1,322;1,300;1,306;1,302;1,305;1,320;1,311;1,310;5,000;4,998;4,999;4,998;5,002;4,999;5,000;5,001;5,002;4,999;24,62;24,00;24,87;25,81;25,00;25,44;2100;2100;
2026-07-07 16:17:37;1257728;RUNNING;1;4;1,310;1,306;1,320;1,300;1,306;1,302;1,305;1,320;1,312;1,309;5,000;4,998;4,999;4,998;5,002;4,999;5,000;4,999;5,000;5,001;24,62;24,06;24,87;25,81;25,00;25,44;2100;2100;
2026-07-07 16:17:38;1258728;RUNNING;1;4;1,309;1,307;1,321;1,300;1,306;1,301;1,305;1,320;1,311;1,310;4,998;4,998;4,999;5,000;5,002;4,999;5,000;4,999;5,000;5,001;24,62;24,06;24,87;25,81;25,00;25,44;2100;1800;
2026-07-07 16:17:39;1259728;RUNNING;1;4;1,310;1,307;1,321;1,301;1,306;1,301;1,306;1,320;1,312;1,309;4,998;4,998;4,999;4,998;5,000;4,999;5,000;4,999;5,000;5,001;24,56;24,06;24,87;25,81;25,00;25,44;1800;2100;
2026-07-07 16:17:40;1260728;RUNNING;1;4;1,309;1,306;1,321;1,300;1,306;1,301;1,305;1,320;1,312;1,309;5,000;4,998;4,999;5,000;5,002;4,999;5,000;4,999;5,000;5,001;24,62;24,00;24,87;25,81;25,00;25,44;2400;2100;
2026-07-07 16:17:41;1261728;RUNNING;1;4;1,310;1,307;1,321;1,301;1,306;1,302;1,305;1,320;1,312;1,309;5,000;4,998;4,999;4,998;5,002;5,001;5,000;4,999;5,000;5,001;24,62;24,00;24,87;25,81;25,00;25,44;2100;2100;
2026-07-07 16:17:42;1262728;RUNNING;1;4;1,310;1,306;1,320;1,300;1,306;1,302;1,306;1,320;1,312;1,310;4,998;4,998;4,999;5,000;5,002;4,999;5,000;4,999;5,000;5,001;24,62;24,06;24,87;25,81;25,00;25,44;2100;2100;
2026-07-07 16:17:43;1263728;RUNNING;1;4;1,309;1,307;1,321;1,301;1,307;1,302;1,306;1,321;1,312;1,308;4,998;4,998;4,999;5,002;5,000;4,999;5,000;4,999;5,002;5,001;24,62;24,06;24,87;25,81;25,00;25,44;2100;2100;
2026-07-07 16:17:44;1264728;RUNNING;1;4;1,310;1,307;1,321;1,300;1,307;1,302;1,305;1,320;1,312;1,309;4,998;4,998;5,000;5,000;5,002;4,999;5,000;4,999;5,002;5,001;24,62;24,06;24,87;25,81;25,00;25,44;2100;2100;
2026-07-07 16:17:45;1265728;RUNNING;1;4;1,310;1,307;1,321;1,300;1,305;1,301;1,305;1,320;1,312;1,309;5,000;5,000;4,999;5,000;5,002;5,001;5,000;4,999;5,002;5,003;24,62;24,06;24,87;25,81;25,00;25,44;2100;2100;
2026-07-07 16:17:46;1266728;RUNNING;1;4;1,310;1,307;1,321;1,301;1,307;1,301;1,306;1,319;1,312;1,310;5,000;5,002;5,000;5,000;5,002;4,999;5,000;4,999;5,002;5,001;24,62;24,06;24,87;25,81;25,00;25,44;2100;2100;
2026-07-07 16:17:47;1267728;RUNNING;1;4;1,310;1,307;1,321;1,300;1,307;1,301;1,306;1,320;1,312;1,308;5,000;5,000;4,999;5,000;5,000;4,999;5,000;5,001;5,002;4,999;24,62;24,00;24,87;25,81;25,00;25,44;1800;2100;
2026-07-07 16:17:48;1268728;RUNNING;1;4;1,310;1,307;1,321;1,300;1,307;1,302;1,305;1,320;1,312;1,309;5,000;5,000;4,999;5,000;5,002;4,999;5,000;4,999;5,002;5,001;24,62;24,06;24,87;25,81;25,00;25,44;2100;2100;
2026-07-07 16:17:49;1269728;RUNNING;1;4;1,310;1,307;1,321;1,301;1,307;1,301;1,305;1,320;1,311;1,309;5,000;5,002;5,000;5,000;5,000;4,999;5,000;4,999;5,002;4,999;24,62;24,06;24,87;25,81;25,00;25,44;2100;2100;
2026-07-07 16:17:50;1270728;RUNNING;1;4;1,310;1,307;1,321;1,300;1,306;1,302;1,305;1,320;1,312;1,310;4,998;5,000;4,999;5,000;5,002;4,999;5,000;4,999;5,002;5,001;24,62;24,06;24,81;25,81;25,00;25,44;2100;2100;
2026-07-07 16:17:51;1271728;RUNNING;1;4;1,310;1,307;1,320;1,300;1,306;1,301;1,305;1,320;1,312;1,310;5,000;5,000;4,999;5,000;5,002;4,999;5,000;4,999;5,002;5,001;24,62;24,06;24,87;25,81;25,00;25,44;2100;2100;
2026-07-07 16:17:52;1272728;RUNNING;1;4;1,310;1,307;1,321;1,301;1,307;1,301;1,305;1,319;1,312;1,310;4,998;5,000;5,000;5,000;5,002;5,001;4,998;4,999;5,002;5,001;24,62;24,06;24,87;25,81;25,00;25,44;2100;1800;
2026-07-07 16:17:53;1273728;RUNNING;1;4;1,310;1,307;1,321;1,300;1,306;1,301;1,305;1,320;1,312;1,310;5,000;5,000;4,999;5,000;5,000;5,001;5,000;4,999;5,000;4,999;24,62;24,06;24,87;25,81;25,00;25,44;2100;2100;
2026-07-07 16:17:54;1274728;RUNNING;1;4;1,310;1,307;1,322;1,301;1,307;1,301;1,305;1,320;1,312;1,310;5,000;5,000;4,999;5,000;5,002;4,999;5,000;4,999;5,002;4,999;24,62;24,06;24,87;25,81;25,00;25,44;2100;2100;
2026-07-07 16:17:55;1275728;RUNNING;1;4;1,310;1,307;1,320;1,301;1,306;1,302;1,305;1,320;1,312;1,310;5,000;5,000;4,999;4,998;5,000;5,001;5,000;4,999;5,000;5,001;24,62;24,06;24,87;25,81;25,00;25,44;2100;2100;
2026-07-07 16:17:56;1276728;RUNNING;1;4;1,310;1,307;1,321;1,300;1,306;1,302;1,305;1,320;1,312;1,310;5,000;5,000;4,999;5,000;5,002;4,999;5,000;5,001;5,000;5,001;24,62;24,06;24,87;25,81;25,00;25,44;1800;2100;
2026-07-07 16:17:57;1277728;RUNNING;1;4;1,310;1,307;1,321;1,300;1,306;1,302;1,305;1,320;1,311;1,309;4,998;5,000;4,999;4,998;5,002;5,001;5,000;4,999;5,002;5,001;24,62;24,06;24,87;25,81;25,00;25,44;2100;2100;
2026-07-07 16:17:58;1278728;RUNNING;1;4;1,310;1,307;1,320;1,300;1,305;1,302;1,305;1,320;1,312;1,310;5,000;5,002;5,000;4,998;4,999;5,001;5,000;4,999;5,002;5,001;24,62;24,06;24,87;25,81;25,06;25,44;2100;2100;
2026-07-07 16:17:59;1279728;RUNNING;1;4;1,310;1,308;1,320;1,300;1,304;1,301;1,306;1,320;1,312;1,308;5,000;5,002;4,999;5,000;4,999;4,999;5,000;4,999;5,002;5,001;24,62;24,06;24,87;25,81;25,06;25,44;2100;1800;
2026-07-07 16:18:00;1280728;RUNNING;1;4;1,310;1,307;1,322;1,300;1,306;1,301;1,305;1,320;1,312;1,310;4,998;5,000;4,999;5,000;4,999;4,999;5,000;4,999;5,002;5,001;24,62;24,06;24,87;25,81;25,06;25,44;2100;2100;
2026-07-07 16:18:01;1281728;RUNNING;1;4;1,310;1,307;1,321;1,300;1,305;1,301;1,306;1,320;1,312;1,310;5,000;5,000;4,999;4,998;4,999;4,999;5,000;4,999;5,000;5,001;24,62;24,06;24,87;25,81;25,06;25,50;2400;2100;
2026-07-07 16:18:02;1282728;RUNNING;1;4;1,310;1,307;1,321;1,301;1,305;1,302;1,305;1,320;1,312;1,310;5,000;5,000;4,999;4,998;4,999;5,001;5,000;4,999;5,000;5,001;24,62;24,06;24,87;25,81;25,06;25,44;2100;2100;
2026-07-07 16:18:03;1283728;RUNNING;1;4;1,310;1,307;1,322;1,300;1,306;1,301;1,305;1,320;1,312;1,310;5,000;5,000;4,999;5,000;4,999;5,001;5,000;4,999;5,000;5,001;24,62;24,06;24,87;25,87;25,06;25,50;1800;2100;
2026-07-07 16:18:04;1284728;RUNNING;1;4;1,310;1,308;1,320;1,301;1,306;1,301;1,305;1,320;1,312;1,310;5,000;5,002;4,999;5,000;4,999;5,001;4,998;4,999;5,000;5,003;24,62;24,06;24,87;25,87;25,06;25,50;2100;2100;
2026-07-07 16:18:05;1285728;RUNNING;1;4;1,310;1,307;1,322;1,301;1,305;1,301;1,305;1,320;1,312;1,309;5,000;5,000;4,999;4,998;4,999;4,999;4,998;5,001;5,002;5,001;24,62;24,06;24,87;25,81;25,06;25,44;2100;2100;
2026-07-07 16:18:06;1286728;RUNNING;1;4;1,310;1,307;1,322;1,300;1,306;1,301;1,305;1,319;1,312;1,310;4,998;5,000;4,999;4,998;4,999;4,999;4,998;4,999;5,002;5,001;24,62;24,06;24,87;25,87;25,06;25,50;2100;1800;
2026-07-07 16:18:07;1287728;RUNNING;1;4;1,310;1,307;1,320;1,300;1,305;1,302;1,305;1,320;1,312;1,311;4,998;5,002;4,999;5,000;4,999;5,001;5,000;5,001;5,000;5,001;24,62;24,12;24,87;25,87;25,06;25,50;2100;2100;
2026-07-07 16:18:08;1288728;RUNNING;1;4;1,310;1,307;1,320;1,300;1,305;1,301;1,306;1,320;1,312;1,310;5,000;5,000;4,999;5,000;4,999;5,001;5,000;4,999;5,002;5,001;24,62;24,12;24,87;25,87;25,06;25,50;2100;2100;
2026-07-07 16:18:09;1289728;RUNNING;1;4;1,310;1,307;1,321;1,300;1,305;1,301;1,305;1,320;1,312;1,309;5,000;5,002;4,999;5,000;4,999;4,999;5,002;4,999;5,002;5,001;24,62;24,12;24,87;25,87;25,06;25,50;2100;2100;
2026-07-07 16:18:10;1290728;RUNNING;1;4;1,310;1,307;1,322;1,300;1,305;1,301;1,305;1,320;1,312;1,309;4,998;5,000;4,999;4,998;4,999;5,001;5,000;4,999;5,002;5,001;24,62;24,06;24,87;25,87;25,06;25,50;2100;2400;
2026-07-07 16:18:11;1291728;RUNNING;1;4;1,310;1,307;1,321;1,300;1,305;1,301;1,305;1,320;1,312;1,310;4,998;5,000;5,000;4,998;4,999;5,001;5,000;5,001;5,000;5,001;24,62;24,12;24,87;25,87;25,06;25,50;2100;2100;
2026-07-07 16:18:12;1292728;RUNNING;1;4;1,310;1,307;1,321;1,300;1,306;1,301;1,305;1,320;1,312;1,309;5,000;5,002;5,000;5,000;4,999;5,001;5,000;4,999;5,000;5,001;24,62;24,12;24,87;25,87;25,06;25,50;1800;2100;
2026-07-07 16:18:13;1293728;RUNNING;1;4;1,310;1,307;1,321;1,300;1,305;1,301;1,305;1,320;1,312;1,310;5,000;5,002;4,999;5,000;4,999;5,001;5,000;4,999;5,002;5,001;24,69;24,12;24,94;25,87;25,12;25,50;2100;1800;
2026-07-07 16:18:14;1294728;RUNNING;1;4;1,309;1,307;1,320;1,300;1,306;1,301;1,305;1,320;1,312;1,310;5,000;5,000;5,000;5,000;4,999;4,999;5,000;4,999;5,002;5,001;24,62;24,12;24,94;25,81;25,06;25,50;2100;2400;
2026-07-07 16:18:15;1295728;RUNNING;1;4;1,310;1,307;1,321;1,300;1,305;1,301;1,306;1,320;1,311;1,309;5,000;5,000;4,999;5,000;4,999;4,999;5,000;5,001;5,000;5,001;24,62;24,12;24,94;25,87;25,06;25,50;2100;2100;
2026-07-07 16:18:16;1296728;RUNNING;1;4;1,310;1,307;1,320;1,300;1,305;1,302;1,305;1,320;1,312;1,309;5,000;5,000;4,999;5,000;4,999;5,001;5,000;4,999;5,002;5,001;24,62;24,12;24,87;25,87;25,06;25,50;2100;2100;
2026-07-07 16:18:17;1297728;RUNNING;1;4;1,310;1,307;1,321;1,300;1,305;1,302;1,305;1,320;1,312;1,310;4,998;5,000;5,000;5,000;5,000;4,999;5,000;4,999;5,002;5,001;24,62;24,12;24,87;25,87;25,06;25,50;2100;2100;
2026-07-07 16:18:18;1298728;RUNNING;1;4;1,310;1,308;1,321;1,301;1,305;1,301;1,306;1,319;1,312;1,310;5,000;5,002;4,999;5,000;4,999;4,999;5,000;4,999;5,000;5,001;24,62;24,12;24,87;25,87;25,06;25,50;2100;2100;
2026-07-07 16:18:19;1299728;RUNNING;1;4;1,310;1,307;1,321;1,301;1,306;1,302;1,305;1,320;1,312;1,309;4,998;5,000;4,999;4,998;4,999;4,999;4,998;4,999;5,002;5,001;24,69;24,12;24,87;25,87;25,06;25,50;2100;2100;
2026-07-07 16:18:20;1300728;RUNNING;1;4;1,310;1,307;1,322;1,300;1,305;1,302;1,306;1,320;1,312;1,309;5,000;5,000;4,999;4,998;4,999;4,999;4,998;4,999;5,002;5,001;24,69;24,12;24,87;25,87;25,06;25,50;1800;2100;
2026-07-07 16:18:21;1301728;RUNNING;1;4;1,310;1,307;1,322;1,300;1,306;1,302;1,305;1,320;1,312;1,309;4,998;5,000;4,999;4,998;4,999;5,001;5,000;4,999;5,002;5,001;24,62;24,12;24,87;25,87;25,12;25,50;2100;2100;
2026-07-07 16:18:22;1302728;RUNNING;1;4;1,310;1,307;1,321;1,300;1,305;1,301;1,306;1,320;1,312;1,310;4,998;5,002;4,999;4,998;4,999;4,999;5,000;4,999;5,000;5,001;24,69;24,12;24,87;25,87;25,12;25,50;2100;2100;
2026-07-07 16:18:23;1303728;RUNNING;1;4;1,310;1,307;1,321;1,301;1,305;1,301;1,306;1,320;1,312;1,310;5,000;5,000;4,999;4,998;4,999;5,001;5,000;4,999;5,000;5,001;24,62;24,12;24,94;25,87;25,06;25,50;2100;2100;
2026-07-07 16:18:24;1304728;RUNNING;1;4;1,310;1,307;1,322;1,301;1,305;1,301;1,306;1,320;1,312;1,310;4,998;5,000;4,999;5,000;4,999;5,001;5,000;4,999;5,002;5,001;24,69;24,12;24,94;25,87;25,06;25,50;2100;2400;
2026-07-07 16:18:25;1305728;RUNNING;1;4;1,310;1,307;1,322;1,300;1,305;1,302;1,305;1,320;1,312;1,310;5,000;5,000;4,999;5,000;4,999;4,999;4,998;4,999;5,002;5,001;24,69;24,12;24,87;25,87;25,06;25,50;2100;2100;
2026-07-07 16:18:26;1306728;RUNNING;1;4;1,309;1,307;1,321;1,300;1,305;1,302;1,305;1,320;1,312;1,309;4,998;5,000;4,999;5,000;4,999;4,999;5,000;4,999;5,002;5,001;24,69;24,12;24,94;25,87;25,06;25,50;2100;1800;
2026-07-07 16:18:27;1307728;RUNNING;1;4;1,310;1,307;1,322;1,301;1,306;1,301;1,306;1,320;1,312;1,310;5,000;5,000;5,000;5,000;4,999;5,001;5,000;5,001;5,000;5,001;24,69;24,12;24,94;25,87;25,12;25,50;2100;2100;
2026-07-07 16:18:28;1308728;RUNNING;1;4;1,310;1,307;1,321;1,300;1,306;1,302;1,305;1,320;1,312;1,310;5,000;5,000;4,999;5,000;4,999;5,001;5,000;4,999;5,002;5,001;24,69;24,12;24,94;25,87;25,12;25,50;2100;2100;
2026-07-07 16:18:29;1309728;RUNNING;1;4;1,310;1,307;1,321;1,300;1,304;1,302;1,306;1,320;1,312;1,309;4,998;5,002;4,999;5,000;4,999;4,999;5,000;4,999;5,002;5,001;24,69;24,12;24,94;25,87;25,12;25,50;2100;2100;
2026-07-07 16:18:30;1310728;RUNNING;1;4;1,310;1,307;1,322;1,300;1,305;1,302;1,305;1,320;1,312;1,308;4,998;5,000;5,000;5,000;4,999;5,001;5,000;5,001;5,000;5,001;24,69;24,12;24,94;25,87;25,12;25,50;1800;2100;
2026-07-07 16:18:31;1311728;RUNNING;1;4;1,310;1,307;1,321;1,300;1,306;1,301;1,306;1,320;1,312;1,310;5,000;5,000;4,999;5,000;4,999;4,999;5,000;4,999;5,002;5,001;24,69;24,12;24,94;25,87;25,12;25,50;2100;2100;
2026-07-07 16:18:32;1312728;RUNNING;1;4;1,310;1,307;1,320;1,301;1,305;1,302;1,305;1,320;1,312;1,309;5,000;5,000;4,999;5,000;4,999;4,999;5,000;4,999;5,002;5,001;24,69;24,12;24,94;25,87;25,12;25,50;2400;2100;
2026-07-07 16:18:33;1313728;RUNNING;1;4;1,310;1,307;1,322;1,300;1,306;1,301;1,305;1,320;1,312;1,310;5,000;5,000;5,000;5,000;4,999;5,001;5,000;4,997;5,000;5,001;24,69;24,12;24,94;25,87;25,12;25,50;2100;2100;
2026-07-07 16:18:34;1314728;RUNNING;1;4;1,310;1,307;1,321;1,301;1,306;1,302;1,306;1,320;1,312;1,310;4,998;5,002;5,000;5,000;4,999;5,003;5,000;4,999;5,002;5,001;24,69;24,12;24,94;25,87;25,12;25,56;2100;2100;
2026-07-07 16:18:35;1315728;RUNNING;1;4;1,310;1,308;1,321;1,300;1,306;1,301;1,305;1,320;1,312;1,309;5,000;5,000;4,999;5,000;4,999;5,001;5,000;5,001;5,002;5,001;24,69;24,19;24,94;25,87;25,12;25,50;2100;2100;
2026-07-07 16:18:36;1316728;RUNNING;1;4;1,309;1,307;1,321;1,300;1,305;1,302;1,305;1,319;1,312;1,309;5,000;5,000;4,999;5,000;4,999;5,001;4,998;4,999;5,002;5,001;24,69;24,12;24,94;25,87;25,12;25,56;2100;2100;
2026-07-07 16:18:37;1317728;RUNNING;1;4;1,310;1,307;1,321;1,301;1,306;1,302;1,305;1,320;1,312;1,310;4,998;5,002;4,999;5,000;4,999;5,001;5,000;4,999;5,002;5,001;24,69;24,19;24,94;25,87;25,12;25,56;2100;2100;
2026-07-07 16:18:38;1318728;RUNNING;1;4;1,310;1,307;1,321;1,300;1,305;1,301;1,305;1,320;1,312;1,310;4,998;5,002;4,999;5,000;4,999;5,001;5,000;4,999;5,002;5,001;24,69;24,12;24,94;25,87;25,12;25,56;2100;2100;
2026-07-07 16:18:39;1319728;RUNNING;1;4;1,310;1,308;1,320;1,301;1,306;1,301;1,305;1,320;1,311;1,310;5,000;5,000;4,999;5,000;4,999;5,001;5,000;4,999;5,000;5,001;24,69;24,12;24,94;25,87;25,12;25,56;2100;2100;
2026-07-07 16:18:40;1320728;RUNNING;1;4;1,310;1,307;1,320;1,300;1,306;1,302;1,305;1,320;1,312;1,310;4,998;5,002;4,999;5,000;4,999;5,001;5,000;4,999;5,002;5,001;24,69;24,19;24,94;25,94;25,12;25,56;2100;2100;
2026-07-07 16:18:41;1321728;RUNNING;1;4;1,310;1,307;1,321;1,300;1,305;1,301;1,305;1,320;1,312;1,310;4,998;5,000;4,999;4,998;4,999;4,999;5,000;5,001;5,000;5,001;24,69;24,19;24,94;25,87;25,12;25,56;2100;2100;
2026-07-07 16:18:42;1322728;RUNNING;1;4;1,310;1,308;1,321;1,300;1,306;1,302;1,305;1,320;1,312;1,309;5,000;5,002;4,999;5,000;4,999;5,001;5,000;4,999;5,002;5,001;24,69;24,19;24,94;25,87;25,12;25,56;2100;2100;
2026-07-07 16:18:43;1323728;RUNNING;1;4;1,310;1,307;1,321;1,301;1,305;1,302;1,305;1,320;1,312;1,310;5,000;5,000;5,000;5,000;4,999;5,001;5,000;4,999;5,002;5,001;24,69;24,19;24,94;25,87;25,12;25,56;2100;2100;
2026-07-07 16:18:44;1324728;RUNNING;1;4;1,310;1,307;1,321;1,301;1,305;1,302;1,305;1,320;1,312;1,309;5,000;5,002;4,999;5,000;4,999;5,001;5,000;4,999;5,002;5,001;24,69;24,12;24,94;25,87;25,12;25,56;2100;2100;
2026-07-07 16:18:45;1325728;RUNNING;1;4;1,310;1,308;1,322;1,300;1,306;1,302;1,305;1,320;1,312;1,309;5,000;5,000;5,000;5,000;4,999;5,001;5,000;5,001;5,000;5,001;24,69;24,12;24,94;25,94;25,12;25,56;2100;2100;
2026-07-07 16:18:46;1326728;RUNNING;1;4;1,310;1,307;1,322;1,301;1,305;1,301;1,306;1,320;1,312;1,310;5,000;5,000;4,999;5,000;5,000;4,999;5,000;5,001;5,002;5,001;24,69;24,12;24,94;25,94;25,12;25,56;2100;2100;
2026-07-07 16:18:47;1327728;RUNNING;1;4;1,310;1,307;1,321;1,301;1,305;1,302;1,306;1,320;1,312;1,308;5,000;5,002;5,000;5,000;4,999;5,001;5,000;5,001;5,002;5,001;24,69;24,19;24,94;25,94;25,12;25,56;2100;2100;
2026-07-07 16:18:48;1328728;RUNNING;1;4;1,310;1,307;1,321;1,300;1,306;1,301;1,305;1,320;1,312;1,309;5,000;5,002;5,000;5,000;4,999;4,999;5,000;4,999;5,000;5,003;24,69;24,19;24,94;25,94;25,12;25,56;2100;2100;
2026-07-07 16:18:49;1329728;RUNNING;1;4;1,310;1,307;1,322;1,300;1,305;1,301;1,306;1,320;1,312;1,310;5,000;5,000;5,000;5,000;4,999;5,001;5,000;4,999;5,002;5,001;24,69;24,19;24,94;25,87;25,12;25,56;2100;2100;
2026-07-07 16:18:50;1330728;RUNNING;1;4;1,310;1,308;1,322;1,300;1,305;1,301;1,305;1,320;1,312;1,310;4,998;5,000;5,000;5,000;4,999;5,001;5,000;4,999;5,002;5,001;24,69;24,19;25,00;25,94;25,19;25,56;2100;2100;
2026-07-07 16:18:51;1331728;RUNNING;1;4;1,310;1,307;1,321;1,300;1,305;1,301;1,305;1,320;1,312;1,309;5,000;5,000;4,999;5,000;4,999;4,999;5,000;4,999;5,002;5,001;24,69;24,19;24,94;25,94;25,19;25,56;2100;2100;
2026-07-07 16:18:52;1332728;RUNNING;1;4;1,310;1,308;1,322;1,301;1,306;1,301;1,305;1,320;1,312;1,309;4,998;5,000;4,999;5,000;4,999;5,001;5,000;4,999;5,002;5,001;24,69;24,19;24,94;25,94;25,19;25,56;2100;2100;
2026-07-07 16:18:53;1333728;RUNNING;1;4;1,310;1,307;1,321;1,300;1,306;1,301;1,306;1,319;1,312;1,310;5,000;5,000;4,999;5,000;4,999;5,001;5,000;5,001;5,002;5,001;24,75;24,19;24,94;25,94;25,19;25,56;1800;2100;
2026-07-07 16:18:54;1334728;RUNNING;1;4;1,310;1,308;1,321;1,300;1,305;1,302;1,306;1,319;1,312;1,310;5,000;5,000;4,999;5,000;4,999;4,999;4,998;5,001;5,000;5,001;24,69;24,19;24,94;25,94;25,19;25,56;2100;2100;
2026-07-07 16:18:55;1335728;RUNNING;1;4;1,310;1,307;1,321;1,301;1,305;1,302;1,305;1,320;1,312;1,310;5,000;5,002;4,999;5,000;4,999;5,001;5,000;5,001;5,000;5,001;24,75;24,19;24,94;25,94;25,12;25,56;2100;2100;
2026-07-07 16:18:56;1336728;RUNNING;1;4;1,310;1,308;1,320;1,300;1,306;1,301;1,305;1,320;1,312;1,310;5,000;5,000;4,999;5,000;4,999;4,999;4,998;4,999;5,002;5,001;24,69;24,19;24,94;25,94;25,19;25,56;2100;2100;
2026-07-07 16:18:57;1337728;RUNNING;1;4;1,310;1,308;1,322;1,301;1,305;1,301;1,306;1,320;1,312;1,310;5,000;5,000;4,999;5,000;4,999;4,999;5,000;4,999;5,000;5,001;24,75;24,19;24,94;25,94;25,19;25,56;2100;1800;
2026-07-07 16:18:58;1338728;RUNNING;1;4;1,310;1,307;1,322;1,300;1,305;1,302;1,305;1,320;1,312;1,310;5,000;5,002;5,000;5,000;4,999;5,001;5,000;4,999;5,002;5,001;24,69;24,19;24,94;25,94;25,19;25,56;2100;2100;
2026-07-07 16:18:59;1339728;RUNNING;1;4;1,310;1,308;1,321;1,301;1,305;1,301;1,305;1,320;1,312;1,310;5,000;5,002;4,999;4,998;4,999;5,001;5,000;4,999;5,002;5,001;24,75;24,19;25,00;25,94;25,19;25,56;2100;2100;
2026-07-07 16:19:00;1340728;RUNNING;1;4;1,310;1,307;1,321;1,300;1,306;1,302;1,306;1,320;1,312;1,310;5,000;5,000;4,999;5,000;4,999;5,001;5,000;5,001;5,002;5,001;24,69;24,19;25,00;25,94;25,19;25,56;1800;2100;
2026-07-07 16:19:01;1341728;RUNNING;1;4;1,310;1,307;1,320;1,301;1,306;1,302;1,305;1,320;1,312;1,309;5,000;5,000;4,999;5,000;4,999;5,001;5,000;4,999;5,002;5,001;24,69;24,19;25,00;25,94;25,19;25,56;2100;2100;
2026-07-07 16:19:02;1342728;RUNNING;1;4;1,310;1,307;1,321;1,301;1,306;1,301;1,306;1,320;1,312;1,310;4,998;5,000;4,999;5,000;4,999;5,001;5,000;4,999;5,002;5,001;24,75;24,19;25,00;25,94;25,19;25,56;2100;2100;
2026-07-07 16:19:03;1343728;RUNNING;1;4;1,310;1,308;1,321;1,300;1,305;1,302;1,305;1,320;1,312;1,310;5,000;5,000;4,999;5,000;5,000;5,001;5,000;5,001;5,002;5,001;24,69;24,19;25,00;25,94;25,12;25,56;2100;1800;
2026-07-07 16:19:04;1344728;RUNNING;1;4;1,310;1,307;1,321;1,301;1,305;1,302;1,305;1,320;1,312;1,310;5,000;5,000;5,000;5,000;4,999;5,001;5,000;5,001;5,002;5,001;24,69;24,19;24,94;25,94;25,12;25,56;2100;2400;
2026-07-07 16:19:05;1345728;RUNNING;1;4;1,310;1,307;1,321;1,300;1,305;1,302;1,305;1,320;1,312;1,310;4,998;5,000;4,999;5,000;4,999;5,001;5,000;4,999;5,000;5,001;24,69;24,19;25,00;25,94;25,12;25,56;2100;2100;
2026-07-07 16:19:06;1346728;RUNNING;1;4;1,310;1,308;1,322;1,301;1,306;1,302;1,306;1,319;1,312;1,309;4,998;5,000;4,999;5,000;4,997;5,001;5,000;4,999;5,002;5,001;24,75;24,19;24,94;25,94;25,19;25,56;2100;2400;
2026-07-07 16:19:07;1347728;RUNNING;1;4;1,310;1,307;1,322;1,301;1,305;1,302;1,305;1,320;1,312;1,309;5,000;5,002;4,999;5,000;4,999;5,003;5,000;4,999;5,000;5,001;24,75;24,19;24,94;25,94;25,19;25,56;2100;2400;
2026-07-07 16:19:08;1348728;RUNNING;1;4;1,310;1,308;1,321;1,300;1,306;1,302;1,306;1,320;1,312;1,309;5,000;5,000;4,999;5,000;4,999;5,001;5,000;4,999;5,002;5,001;24,69;24,19;24,94;25,94;25,19;25,56;1800;2100;
2026-07-07 16:19:09;1349728;RUNNING;1;4;1,310;1,307;1,321;1,300;1,306;1,302;1,305;1,320;1,312;1,310;5,000;5,002;5,000;5,000;4,999;5,001;5,000;4,999;5,000;5,003;24,75;24,19;24,94;25,94;25,12;25,56;2400;2100;
2026-07-07 16:19:10;1350728;RUNNING;1;4;1,310;1,307;1,321;1,300;1,305;1,302;1,305;1,320;1,312;1,310;5,000;5,002;4,999;5,000;4,999;4,999;5,000;4,999;5,002;5,001;24,69;24,19;24,94;25,94;25,19;25,56;2100;2100;
2026-07-07 16:19:11;1351728;RUNNING;1;4;1,310;1,307;1,321;1,301;1,306;1,302;1,305;1,320;1,312;1,311;5,000;5,002;5,000;5,000;4,999;5,001;5,000;4,999;5,002;5,003;24,69;24,19;24,94;25,94;25,12;25,56;2100;2100;
2026-07-07 16:19:12;1352728;RUNNING;1;4;1,310;1,307;1,321;1,300;1,306;1,302;1,306;1,320;1,312;1,310;5,000;5,002;4,999;5,000;4,999;5,001;5,000;4,999;5,002;5,001;24,75;24,19;24,94;25,94;25,12;25,56;2100;2100;
2026-07-07 16:19:13;1353728;RUNNING;1;4;1,310;1,307;1,321;1,301;1,306;1,302;1,306;1,320;1,312;1,310;5,000;5,002;5,002;5,000;5,000;5,001;5,000;4,999;5,002;5,001;24,69;24,19;24,94;25,94;25,12;25,56;2100;2100;
2026-07-07 16:19:14;1354728;RUNNING;1;4;1,310;1,308;1,321;1,300;1,306;1,302;1,305;1,320;1,312;1,310;5,000;5,002;5,000;5,000;4,999;5,001;4,998;4,999;5,002;5,001;24,75;24,19;24,94;25,94;25,12;25,56;2100;2100;
2026-07-07 16:19:15;1355728;RUNNING;1;4;1,310;1,307;1,322;1,300;1,306;1,302;1,306;1,320;1,312;1,309;5,000;5,002;4,999;5,000;4,999;5,001;5,000;5,001;5,002;5,001;24,75;24,19;24,94;25,94;25,12;25,56;2100;2100;
2026-07-07 16:19:16;1356728;RUNNING;1;4;1,310;1,308;1,321;1,300;1,305;1,302;1,305;1,320;1,312;1,311;5,000;5,002;4,999;5,000;4,999;5,001;5,000;4,999;5,002;5,003;24,75;24,19;24,94;25,94;25,12;25,56;1800;2100;
2026-07-07 16:19:17;1357728;RUNNING;1;4;1,310;1,307;1,321;1,300;1,305;1,302;1,305;1,320;1,312;1,310;4,998;5,000;5,000;4,998;4,999;5,001;5,000;4,999;5,000;5,001;24,75;24,19;25,00;25,94;25,12;25,56;2100;2100;
2026-07-07 16:19:18;1358728;RUNNING;1;4;1,310;1,308;1,321;1,300;1,306;1,302;1,306;1,320;1,312;1,310;4,998;5,000;5,000;5,000;4,999;5,001;5,000;5,001;5,002;5,003;24,69;24,12;24,94;25,94;25,12;25,56;2100;2100;
2026-07-07 16:19:19;1359728;RUNNING;1;4;1,310;1,308;1,321;1,301;1,306;1,302;1,305;1,320;1,312;1,310;5,000;5,002;4,999;5,000;4,999;5,001;5,000;4,999;5,002;5,001;24,69;24,12;24,94;25,94;25,12;25,56;2100;2100;
2026-07-07 16:19:20;1360728;RUNNING;1;4;1,310;1,307;1,321;1,301;1,306;1,301;1,305;1,320;1,312;1,310;5,000;5,002;4,999;5,000;4,999;4,999;5,000;4,999;5,002;5,001;24,75;24,19;25,00;25,94;25,12;25,56;2100;2100;
2026-07-07 16:19:21;1361728;RUNNING;1;4;1,310;1,307;1,321;1,300;1,306;1,302;1,305;1,320;1,312;1,309;5,000;5,002;4,999;5,000;4,999;5,001;5,000;4,999;5,002;5,001;24,75;24,12;24,94;25,94;25,12;25,56;2100;2100;
2026-07-07 16:19:22;1362728;RUNNING;1;4;1,310;1,307;1,321;1,301;1,306;1,302;1,306;1,320;1,312;1,310;5,000;5,002;5,000;5,000;4,999;5,001;5,000;5,001;5,000;5,001;24,75;24,12;25,00;25,94;25,12;25,56;2100;1800;
2026-07-07 16:19:23;1363728;RUNNING;1;4;1,310;1,308;1,320;1,300;1,305;1,302;1,305;1,320;1,312;1,309;5,000;5,002;4,999;5,000;4,999;4,999;5,000;5,001;5,002;5,003;24,69;24,12;25,00;25,94;25,12;25,56;2100;2100;
2026-07-07 16:19:24;1364728;RUNNING;1;4;1,310;1,307;1,321;1,301;1,306;1,302;1,305;1,321;1,312;1,310;5,000;5,000;5,000;5,000;4,999;5,001;5,000;5,001;5,002;5,003;24,75;24,12;24,94;25,94;25,12;25,56;2100;2100;
2026-07-07 16:19:25;1365728;RUNNING;1;4;1,310;1,307;1,321;1,300;1,305;1,302;1,306;1,320;1,312;1,309;5,000;5,000;4,999;5,000;5,000;4,999;5,000;4,999;5,002;5,001;24,75;24,12;24,94;25,94;25,12;25,56;2100;2100;
2026-07-07 16:19:26;1366728;RUNNING;1;4;1,310;1,307;1,321;1,301;1,306;1,301;1,305;1,320;1,312;1,311;5,000;5,002;4,999;5,000;4,999;5,001;5,000;5,001;5,002;5,001;24,75;24,12;25,00;25,94;25,12;25,56;2100;2100;
2026-07-07 16:19:27;1367728;RUNNING;1;4;1,310;1,307;1,320;1,301;1,306;1,302;1,306;1,320;1,312;1,309;5,000;5,002;4,999;5,000;4,999;4,999;5,000;5,001;5,002;5,003;24,75;24,12;24,94;25,94;25,06;25,56;1800;2100;
2026-07-07 16:19:28;1368728;RUNNING;1;4;1,310;1,307;1,321;1,300;1,305;1,302;1,306;1,320;1,312;1,310;5,000;5,002;5,000;5,000;4,999;5,001;5,000;4,999;5,002;5,003;24,75;24,12;25,00;25,94;25,06;25,56;2100;1800;
2026-07-07 16:19:29;1369728;RUNNING;1;4;1,310;1,308;1,322;1,301;1,305;1,302;1,305;1,320;1,312;1,310;4,998;5,000;5,000;5,000;4,999;5,001;5,000;5,001;5,002;5,001;24,69;24,12;25,00;25,94;25,06;25,56;2100;2100;
2026-07-07 16:19:30;1370728;RUNNING;1;4;1,310;1,308;1,321;1,301;1,306;1,302;1,305;1,320;1,312;1,309;5,000;5,002;4,999;4,998;4,999;5,001;4,998;4,999;5,002;5,001;24,75;24,12;24,94;25,94;25,06;25,56;2100;2100;
2026-07-07 16:19:31;1371728;RUNNING;1;4;1,310;1,307;1,322;1,300;1,306;1,302;1,306;1,320;1,312;1,309;5,000;5,002;4,999;4,998;4,999;5,001;5,000;5,001;5,002;5,001;24,75;24,12;25,00;25,94;25,06;25,56;2100;2100;
2026-07-07 16:19:32;1372728;RUNNING;1;4;1,310;1,307;1,321;1,301;1,305;1,302;1,306;1,320;1,312;1,311;5,000;5,002;5,000;5,000;4,999;5,001;5,000;4,999;5,002;5,003;24,75;24,12;25,00;25,94;25,06;25,56;2100;2100;
2026-07-07 16:19:33;1373728;RUNNING;1;4;1,310;1,307;1,320;1,300;1,305;1,302;1,305;1,320;1,312;1,310;5,000;5,002;5,000;5,002;4,999;5,001;5,000;5,001;5,002;5,003;24,69;24,12;25,00;25,94;25,06;25,56;2100;2100;
2026-07-07 16:19:34;1374728;RUNNING;1;4;1,310;1,307;1,321;1,300;1,306;1,302;1,306;1,320;1,312;1,309;4,998;5,002;4,999;5,000;4,999;5,001;5,000;5,002;5,002;5,001;24,69;24,12;25,00;25,94;25,06;25,56;2100;1800;
2026-07-07 16:19:35;1375728;RUNNING;1;4;1,310;1,307;1,321;1,300;1,306;1,302;1,305;1,320;1,313;1,309;4,998;5,000;5,000;5,000;4,999;5,001;5,000;5,001;5,002;5,001;24,69;24,12;24,94;25,94;25,06;25,56;2100;2100;
2026-07-07 16:19:36;1376728;RUNNING;1;4;1,310;1,307;1,321;1,301;1,306;1,302;1,305;1,320;1,312;1,311;4,998;5,002;5,000;5,000;4,999;5,001;5,000;5,001;5,002;5,001;24,75;24,12;25,00;25,94;25,06;25,50;2100;2100;
2026-07-07 16:19:37;1377728;RUNNING;1;4;1,309;1,307;1,321;1,301;1,305;1,302;1,305;1,320;1,312;1,310;5,000;5,000;4,999;5,000;4,999;5,001;5,000;4,999;5,002;5,001;24,69;24,12;25,00;25,94;25,06;25,56;2100;2100;
2026-07-07 16:19:38;1378728;RUNNING;1;4;1,310;1,307;1,321;1,301;1,305;1,301;1,306;1,320;1,312;1,310;5,000;5,002;4,999;5,000;5,000;5,001;5,000;5,001;5,002;5,003;24,75;24,12;25,00;25,94;25,06;25,56;2100;2100;
2026-07-07 16:19:39;1379728;RUNNING;1;4;1,310;1,307;1,321;1,301;1,304;1,302;1,305;1,320;1,312;1,310;5,000;5,002;5,000;5,000;4,999;5,001;5,000;4,999;5,002;5,001;24,69;24,12;25,00;25,94;25,06;25,56;1800;2100;
2026-07-07 16:19:40;1380728;RUNNING;1;4;1,310;1,307;1,322;1,300;1,306;1,302;1,305;1,320;1,312;1,310;5,000;5,002;4,997;5,000;4,999;4,999;5,000;4,999;5,002;5,003;24,69;24,12;24,94;25,94;25,06;25,50;2100;2100;
2026-07-07 16:19:41;1381728;RUNNING;1;4;1,310;1,307;1,321;1,300;1,305;1,302;1,305;1,321;1,312;1,310;5,000;5,002;4,999;5,000;4,999;5,001;5,000;5,002;5,002;5,001;24,75;24,12;24,94;25,94;25,06;25,50;2100;2100;
2026-07-07 16:19:42;1382728;RUNNING;1;4;1,310;1,307;1,322;1,301;1,305;1,302;1,305;1,320;1,312;1,310;4,998;5,000;4,999;5,000;4,999;5,001;5,002;4,999;5,002;5,003;24,75;24,12;24,94;25,94;25,06;25,50;2100;2100;
2026-07-07 16:19:43;1383728;RUNNING;1;4;1,310;1,308;1,321;1,301;1,306;1,301;1,305;1,320;1,312;1,310;4,998;5,002;5,000;5,000;4,999;5,001;5,000;5,001;5,002;5,003;24,69;24,12;24,94;25,94;25,06;25,50;2100;2100;
2026-07-07 16:19:44;1384728;RUNNING;1;4;1,310;1,308;1,321;1,301;1,307;1,302;1,305;1,321;1,312;1,309;5,000;5,002;5,000;5,000;4,999;5,003;5,000;5,001;5,004;5,003;24,69;24,06;25,00;25,94;25,06;25,50;2100;2100;
2026-07-07 16:19:45;1385728;RUNNING;1;4;1,310;1,308;1,321;1,301;1,306;1,302;1,306;1,320;1,312;1,310;5,000;5,002;4,999;5,000;4,999;5,001;4,998;5,001;5,002;5,001;24,69;24,12;24,94;25,94;25,00;25,50;2100;2100;
2026-07-07 16:19:46;1386728;RUNNING;1;4;1,310;1,308;1,321;1,301;1,305;1,302;1,305;1,320;1,313;1,310;5,000;5,002;5,000;5,000;4,999;5,001;5,000;4,999;5,002;5,001;24,75;24,06;24,94;25,94;25,06;25,50;2100;2100;
2026-07-07 16:19:47;1387728;RUNNING;1;4;1,310;1,308;1,322;1,300;1,306;1,302;1,305;1,320;1,312;1,309;5,000;5,002;5,000;5,000;4,999;5,001;5,000;5,001;5,002;5,001;24,69;24,06;24,94;25,94;25,06;25,50;2100;2100;
2026-07-07 16:19:48;1388728;RUNNING;1;4;1,310;1,307;1,321;1,300;1,306;1,302;1,305;1,320;1,312;1,310;5,000;5,002;4,999;5,000;4,999;5,001;5,000;5,001;5,002;5,001;24,69;24,06;25,00;25,94;25,06;25,50;2100;2100;
2026-07-07 16:19:49;1389728;RUNNING;1;4;1,310;1,308;1,321;1,301;1,305;1,302;1,305;1,320;1,312;1,310;5,000;5,002;4,999;5,000;5,000;5,003;5,000;4,999;5,002;5,003;24,75;24,06;24,94;25,94;25,06;25,50;2100;2100;
2026-07-07 16:19:50;1390728;RUNNING;1;4;1,310;1,308;1,321;1,301;1,305;1,301;1,306;1,320;1,312;1,309;5,000;5,002;4,999;4,998;5,000;5,001;5,000;5,001;5,002;5,003;24,75;24,06;24,94;25,94;25,06;25,50;2100;1800;
2026-07-07 16:19:51;1391728;RUNNING;1;4;1,310;1,307;1,322;1,300;1,306;1,302;1,305;1,320;1,312;1,311;5,000;5,002;4,999;5,000;4,999;5,001;5,000;5,001;5,002;5,003;24,75;24,06;25,00;25,94;25,06;25,50;2100;2100;
2026-07-07 16:19:52;1392728;RUNNING;1;4;1,310;1,308;1,321;1,301;1,305;1,301;1,306;1,320;1,312;1,310;5,000;5,002;4,999;5,000;4,999;5,001;5,000;4,999;5,004;5,003;24,75;24,06;24,94;25,94;25,06;25,50;2100;2100;
2026-07-07 16:19:53;1393728;RUNNING;1;4;1,310;1,307;1,321;1,300;1,305;1,302;1,306;1,320;1,312;1,310;5,000;5,000;5,000;5,000;4,999;5,003;5,000;5,001;5,002;5,003;24,75;24,06;24,94;25,94;25,06;25,50;2100;2100;
2026-07-07 16:19:54;1394728;RUNNING;1;4;1,310;1,307;1,321;1,301;1,305;1,302;1,305;1,320;1,312;1,311;5,000;5,002;4,999;5,000;4,999;5,001;4,998;4,999;5,002;5,003;24,75;24,12;24,94;25,94;25,06;25,56;1800;2100;
2026-07-07 16:19:55;1395728;RUNNING;1;4;1,310;1,307;1,321;1,300;1,306;1,302;1,306;1,320;1,312;1,311;5,000;5,002;4,999;5,000;4,999;5,001;5,000;5,001;5,004;5,003;24,69;24,06;25,00;25,94;25,06;25,50;1800;2100;
2026-07-07 16:19:56;1396728;RUNNING;1;4;1,310;1,308;1,321;1,300;1,306;1,302;1,306;1,321;1,313;1,310;5,000;5,002;4,999;5,000;5,000;5,001;5,000;5,001;5,002;5,001;24,69;24,06;25,00;25,94;25,06;25,50;2100;2100;
2026-07-07 16:19:57;1397728;RUNNING;1;4;1,310;1,307;1,321;1,301;1,306;1,302;1,306;1,320;1,312;1,310;5,000;5,002;5,000;5,000;4,999;5,001;5,000;4,999;5,002;5,003;24,69;24,12;25,00;25,94;25,06;25,50;2100;2100;
2026-07-07 16:19:58;1398728;RUNNING;1;4;1,310;1,307;1,322;1,300;1,305;1,302;1,306;1,320;1,313;1,310;5,000;5,002;4,999;5,002;5,000;5,001;5,000;4,999;5,004;5,003;24,69;24,06;25,00;25,94;25,06;25,50;2100;2400;
2026-07-07 16:19:59;1399728;RUNNING;1;4;1,310;1,307;1,321;1,301;1,305;1,302;1,305;1,320;1,312;1,310;5,000;5,000;5,000;5,000;4,999;5,001;5,000;4,999;5,002;5,003;24,69;24,06;24,94;25,94;25,00;25,50;2100;2400;
2026-07-07 16:20:00;1400728;RUNNING;1;4;1,310;1,307;1,322;1,300;1,305;1,302;1,306;1,321;1,313;1,310;5,000;5,000;4,999;5,000;5,000;5,001;5,000;4,999;5,004;5,001;24,75;24,06;24,94;25,94;25,00;25,50;2400;2100;
2026-07-07 16:20:01;1401728;RUNNING;1;4;1,310;1,307;1,322;1,301;1,306;1,301;1,306;1,320;1,312;1,310;5,000;5,002;4,999;5,000;4,999;5,001;5,000;5,001;5,002;5,003;24,69;24,06;24,94;25,94;25,00;25,50;2100;2100;
2026-07-07 16:20:02;1402728;RUNNING;1;4;1,310;1,307;1,321;1,301;1,306;1,302;1,305;1,320;1,313;1,310;5,000;5,002;5,000;5,000;4,999;5,001;5,000;5,001;5,002;5,003;24,75;24,06;24,94;25,94;25,00;25,50;2100;2100;
2026-07-07 16:20:03;1403728;RUNNING;1;4;1,310;1,307;1,321;1,301;1,306;1,302;1,306;1,321;1,313;1,310;5,000;5,002;4,999;5,000;5,000;5,001;5,000;5,001;5,002;5,003;24,69;24,06;24,94;25,94;25,00;25,50;2100;2100;
2026-07-07 16:20:04;1404728;RUNNING;1;4;1,310;1,308;1,322;1,301;1,306;1,302;1,305;1,320;1,312;1,309;5,000;5,002;5,000;5,000;4,999;5,001;5,000;5,001;5,002;5,003;24,75;24,06;24,94;25,94;25,00;25,50;2100;2100;
2026-07-07 16:20:05;1405728;RUNNING;1;4;1,310;1,308;1,322;1,300;1,306;1,302;1,305;1,320;1,313;1,310;5,000;5,002;5,000;5,000;4,999;5,001;5,000;5,001;5,002;5,003;24,69;24,06;24,94;25,94;25,00;25,50;2100;2100;
2026-07-07 16:20:06;1406728;RUNNING;1;4;1,310;1,307;1,321;1,301;1,305;1,302;1,306;1,320;1,312;1,310;4,998;5,002;4,999;5,000;4,999;5,001;5,000;5,001;4,999;5,003;24,69;24,06;24,94;25,94;25,00;25,50;2100;2100;
2026-07-07 16:20:07;1407728;RUNNING;1;4;1,310;1,308;1,322;1,301;1,305;1,302;1,305;1,320;1,311;1,310;5,000;5,002;4,999;5,000;4,999;4,999;5,002;5,001;4,999;5,001;24,75;24,06;24,94;25,94;25,00;25,50;2100;2100;
2026-07-07 16:20:08;1408728;RUNNING;1;4;1,310;1,307;1,322;1,301;1,305;1,302;1,306;1,320;1,311;1,310;5,000;5,002;4,999;4,998;4,999;5,001;5,000;5,001;4,999;5,003;24,69;24,06;24,94;25,94;25,00;25,50;2100;2100;
2026-07-07 16:20:09;1409728;RUNNING;1;4;1,310;1,307;1,322;1,301;1,305;1,302;1,305;1,320;1,312;1,310;4,998;5,002;5,000;5,002;5,000;5,001;5,000;5,001;4,999;5,003;24,69;24,06;24,94;25,87;25,00;25,50;2100;2100;
2026-07-07 16:20:10;1410728;RUNNING;1;4;1,310;1,307;1,322;1,300;1,305;1,302;1,305;1,320;1,311;1,310;5,000;5,002;5,000;5,000;4,999;5,001;5,000;4,999;5,000;5,003;24,69;24,06;24,94;25,94;25,00;25,50;2100;2100;
2026-07-07 16:20:11;1411728;RUNNING;1;4;1,310;1,307;1,322;1,301;1,306;1,302;1,305;1,320;1,312;1,310;5,000;5,002;4,999;5,000;4,999;5,001;4,998;4,999;4,999;5,003;24,69;24,06;24,94;25,87;25,00;25,50;2100;2100;
2026-07-07 16:20:12;1412728;RUNNING;1;4;1,310;1,307;1,322;1,301;1,306;1,302;1,305;1,320;1,312;1,310;5,000;5,002;4,999;5,000;4,999;5,001;5,000;5,001;5,000;5,003;24,69;24,06;24,94;25,87;25,00;25,50;2100;1800;
2026-07-07 16:20:13;1413728;RUNNING;1;4;1,310;1,307;1,321;1,300;1,305;1,302;1,306;1,320;1,312;1,310;5,000;5,002;4,999;5,000;4,999;5,001;5,000;4,999;5,000;5,003;24,69;24,06;24,94;25,87;25,00;25,50;1800;2100;
2026-07-07 16:20:14;1414728;RUNNING;1;4;1,310;1,307;1,322;1,301;1,305;1,302;1,305;1,320;1,312;1,310;5,000;5,002;4,999;4,998;4,999;5,001;5,000;5,001;5,000;5,003;24,69;24,06;24,87;25,87;25,00;25,50;2100;2100;
2026-07-07 16:20:15;1415728;RUNNING;1;4;1,310;1,307;1,320;1,301;1,306;1,301;1,306;1,321;1,311;1,311;5,000;5,002;4,999;5,000;4,999;5,001;5,000;5,001;5,000;5,003;24,69;24,06;24,94;25,87;25,00;25,50;2100;2100;
2026-07-07 16:20:16;1416728;RUNNING;1;4;1,310;1,307;1,321;1,301;1,306;1,302;1,305;1,320;1,312;1,310;5,000;5,002;4,999;5,000;4,999;5,001;5,000;4,999;5,000;4,999;24,69;24,06;24,94;25,87;25,00;25,50;2100;2100;
2026-07-07 16:20:17;1417728;RUNNING;1;4;1,310;1,308;1,322;1,300;1,305;1,302;1,306;1,320;1,311;1,310;5,000;5,002;5,000;5,000;4,999;5,001;5,000;4,999;4,999;5,001;24,69;24,06;24,94;25,87;25,00;25,50;2100;2100;
2026-07-07 16:20:18;1418728;RUNNING;1;4;1,310;1,307;1,320;1,300;1,306;1,302;1,305;1,320;1,311;1,310;5,000;5,000;5,000;4,998;4,999;5,001;5,000;4,999;5,000;4,999;24,69;24,06;24,94;25,87;25,00;25,50;2100;1800;
2026-07-07 16:20:19;1419728;RUNNING;1;4;1,310;1,308;1,321;1,301;1,305;1,302;1,306;1,320;1,312;1,310;5,000;5,002;5,000;5,000;4,999;5,001;5,000;4,999;4,999;4,999;24,69;24,06;24,87;25,87;25,00;25,44;2100;2100;
2026-07-07 16:20:20;1420728;RUNNING;1;4;1,310;1,307;1,321;1,300;1,306;1,302;1,306;1,320;1,311;1,310;5,000;5,002;4,999;5,000;4,999;5,001;5,000;5,001;5,000;4,999;24,69;24,06;24,87;25,87;25,00;25,50;2100;2100;
2026-07-07 16:20:21;1421728;RUNNING;1;4;1,310;1,307;1,322;1,301;1,306;1,302;1,306;1,320;1,312;1,309;5,000;5,002;5,000;5,000;4,999;5,001;5,000;4,999;5,000;5,001;24,69;24,06;24,87;25,87;25,00;25,50;2100;2100;
2026-07-07 16:20:22;1422728;RUNNING;1;4;1,310;1,307;1,322;1,301;1,306;1,302;1,306;1,320;1,311;1,310;5,000;5,002;5,000;5,000;5,000;5,001;5,000;5,001;4,999;5,001;24,69;24,00;24,94;25,87;25,00;25,44;2100;2100;
2026-07-07 16:20:23;1423728;RUNNING;1;4;1,310;1,308;1,322;1,301;1,305;1,302;1,306;1,320;1,312;1,308;5,000;5,002;4,999;5,000;4,999;5,001;5,000;5,001;4,999;5,001;24,69;24,00;24,87;25,87;25,00;25,50;1800;2100;
2026-07-07 16:20:24;1424728;RUNNING;1;4;1,310;1,308;1,321;1,301;1,306;1,301;1,305;1,320;1,312;1,310;5,000;5,002;5,000;5,000;5,000;5,001;5,000;5,001;5,000;5,001;24,69;24,06;24,87;25,87;25,00;25,44;1800;1800;
2026-07-07 16:20:25;1425728;RUNNING;1;4;1,310;1,308;1,321;1,301;1,305;1,302;1,305;1,320;1,312;1,310;5,000;5,002;5,000;5,000;4,999;5,001;5,000;5,001;5,000;5,001;24,69;24,06;24,87;25,87;25,00;25,44;2100;2100;
2026-07-07 16:20:26;1426728;RUNNING;1;4;1,310;1,307;1,321;1,301;1,306;1,302;1,305;1,320;1,312;1,310;5,000;5,002;5,000;5,000;5,000;5,001;5,000;5,001;5,000;5,001;24,69;24,06;24,87;25,87;25,00;25,44;2100;2100;
2026-07-07 16:20:27;1427728;RUNNING;1;4;1,310;1,308;1,321;1,300;1,305;1,301;1,306;1,320;1,312;1,309;4,998;5,002;4,999;5,000;4,999;5,001;5,000;5,001;5,000;5,001;24,69;24,00;24,87;25,87;25,00;25,44;2100;2100;
2026-07-07 16:20:28;1428728;RUNNING;1;4;1,310;1,307;1,321;1,300;1,305;1,302;1,306;1,320;1,311;1,310;5,000;5,002;5,000;5,000;4,999;5,001;5,000;5,001;5,000;4,999;24,69;24,00;24,87;25,87;25,00;25,44;2100;2100;
2026-07-07 16:20:29;1429728;RUNNING;1;4;1,310;1,307;1,321;1,301;1,306;1,302;1,306;1,321;1,311;1,309;5,000;5,004;4,999;5,000;5,000;5,001;5,000;5,001;5,000;5,001;24,69;24,00;24,94;25,87;25,00;25,44;2100;2100;
2026-07-07 16:20:30;1430728;RUNNING;1;4;1,310;1,308;1,322;1,300;1,306;1,301;1,307;1,320;1,311;1,310;5,000;5,002;5,000;5,000;4,999;5,001;5,000;5,001;5,000;5,001;24,69;24,06;24,94;25,87;25,00;25,44;2100;1800;
2026-07-07 16:20:31;1431728;RUNNING;1;4;1,310;1,307;1,321;1,301;1,306;1,301;1,306;1,320;1,312;1,310;4,998;5,002;4,999;5,000;4,999;5,001;5,002;5,001;5,000;5,001;24,69;24,00;24,94;25,87;25,00;25,50;2100;2100;
2026-07-07 16:20:32;1432728;RUNNING;1;4;1,310;1,308;1,321;1,301;1,305;1,302;1,305;1,320;1,311;1,310;5,000;5,002;5,000;5,000;4,999;5,003;5,002;5,001;4,999;4,999;24,69;24,00;24,94;25,87;25,00;25,44;2100;2100;
2026-07-07 16:20:33;1433728;RUNNING;1;4;1,310;1,308;1,321;1,301;1,306;1,302;1,306;1,320;1,311;1,310;5,000;5,002;4,999;5,000;4,999;5,001;5,000;5,001;5,000;5,001;24,69;24,00;24,94;25,87;25,00;25,44;2100;2100;
2026-07-07 16:20:34;1434728;RUNNING;1;4;1,310;1,307;1,320;1,301;1,305;1,302;1,306;1,320;1,312;1,309;5,000;5,002;5,000;4,998;5,000;5,001;5,000;5,001;5,000;5,001;24,69;24,00;24,94;25,87;25,00;25,44;2100;2100;
2026-07-07 16:20:35;1435728;RUNNING;1;4;1,310;1,307;1,321;1,301;1,305;1,302;1,305;1,321;1,312;1,309;4,998;5,002;5,000;5,000;5,000;5,001;5,000;5,001;5,000;5,001;24,69;24,00;24,87;25,87;25,00;25,44;2100;2100;
2026-07-07 16:20:36;1436728;RUNNING;1;4;1,310;1,308;1,322;1,301;1,306;1,302;1,306;1,321;1,312;1,309;4,998;5,002;4,999;5,000;4,999;5,001;5,000;5,001;4,999;4,999;24,69;24,00;24,94;25,87;25,00;25,44;1800;2100;
2026-07-07 16:20:37;1437728;RUNNING;1;4;1,310;1,308;1,321;1,301;1,305;1,301;1,305;1,320;1,312;1,310;5,000;5,004;5,000;5,000;4,999;5,001;5,000;5,001;4,999;5,001;24,69;24,00;24,94;25,87;25,00;25,44;1800;2100;
2026-07-07 16:20:38;1438728;RUNNING;1;4;1,310;1,307;1,321;1,301;1,306;1,302;1,306;1,321;1,311;1,310;5,000;5,002;5,000;5,000;4,999;5,001;5,000;5,001;5,002;5,001;24,69;24,00;24,94;25,87;25,00;25,44;2100;2100;
2026-07-07 16:20:39;1439728;RUNNING;1;4;1,310;1,307;1,321;1,300;1,306;1,302;1,305;1,320;1,312;1,310;5,000;5,002;4,999;5,000;4,999;5,001;5,000;5,001;5,000;4,999;24,69;24,00;24,87;25,87;25,00;25,44;2100;2100;
2026-07-07 16:20:40;1440728;RUNNING;1;4;1,305;1,307;1,321;1,301;1,305;1,302;1,305;1,320;1,312;1,309;4,980;5,002;4,999;5,000;4,999;5,001;5,000;5,001;5,000;5,003;24,69;24,00;24,87;25,87;24,94;25,44;2100;2100;
2026-07-07 16:20:41;1441728;RUNNING;1;4;1,283;1,295;1,321;1,301;1,305;1,302;1,306;1,321;1,312;1,310;4,899;4,952;5,000;5,000;5,000;5,001;5,000;5,001;4,999;4,999;24,69;24,00;24,87;25,87;24,94;25,44;2100;1800;
2026-07-07 16:20:42;1442728;RUNNING;1;4;1,261;1,273;1,308;1,300;1,306;1,302;1,306;1,320;1,312;1,310;4,816;4,870;4,951;4,998;4,999;5,001;5,000;5,001;5,000;5,001;24,69;24,00;24,87;25,87;25,00;25,44;2100;2100;
2026-07-07 16:20:43;1443728;RUNNING;1;4;1,240;1,252;1,286;1,287;1,306;1,302;1,306;1,321;1,312;1,310;4,734;4,787;4,869;4,950;4,999;5,001;5,002;5,001;5,000;5,001;24,69;24,00;24,87;25,87;25,00;25,44;2100;2100;
2026-07-07 16:20:44;1444728;RUNNING;1;4;1,218;1,229;1,264;1,266;1,293;1,302;1,306;1,321;1,312;1,310;4,651;4,705;4,784;4,868;4,948;5,001;5,000;5,001;5,000;5,001;24,69;24,00;24,87;25,87;25,00;25,44;2100;2100;
2026-07-07 16:20:45;1445728;RUNNING;1;4;1,196;1,208;1,242;1,244;1,271;1,289;1,305;1,320;1,312;1,309;4,570;4,621;4,702;4,785;4,868;4,952;5,000;5,001;5,000;5,001;24,69;24,06;24,87;25,87;24,94;25,44;2100;2100;
2026-07-07 16:20:46;1446729;RUNNING;1;4;1,174;1,186;1,221;1,223;1,249;1,267;1,293;1,320;1,312;1,310;4,487;4,539;4,620;4,703;4,783;4,869;4,951;4,999;5,000;5,001;24,69;24,00;24,94;25,87;24,94;25,44;2100;2100;
2026-07-07 16:20:47;1447729;RUNNING;1;4;1,152;1,164;1,199;1,201;1,227;1,246;1,271;1,307;1,312;1,309;4,404;4,456;4,537;4,621;4,701;4,787;4,868;4,952;5,000;4,999;24,69;24,00;24,87;25,87;25,00;25,44;2100;2100;
2026-07-07 16:20:48;1448730;RUNNING;1;4;1,130;1,142;1,175;1,178;1,204;1,224;1,249;1,286;1,298;1,310;4,323;4,374;4,453;4,537;4,618;4,704;4,786;4,870;4,951;5,001;24,69;24,00;24,87;25,87;25,00;25,44;2100;2100;
2026-07-07 16:20:49;1449730;RUNNING;1;4;1,108;1,122;1,155;1,158;1,185;1,203;1,227;1,263;1,276;1,297;4,240;4,292;4,372;4,455;4,536;4,623;4,705;4,787;4,868;4,952;24,69;24,00;24,87;25,87;24,94;25,44;2100;2100;
2026-07-07 16:20:50;1450730;RUNNING;1;4;1,087;1,099;1,132;1,136;1,162;1,181;1,206;1,242;1,255;1,275;4,157;4,210;4,288;4,372;4,451;4,540;4,622;4,706;4,785;4,870;24,69;24,00;24,87;25,87;24,94;25,44;2100;2100;
2026-07-07 16:20:51;1451730;RUNNING;1;4;1,065;1,077;1,111;1,114;1,141;1,159;1,184;1,220;1,234;1,253;4,076;4,126;4,205;4,290;4,369;4,457;4,541;4,623;4,704;4,787;24,69;24,00;24,87;25,87;25,00;25,44;2100;2100;
2026-07-07 16:20:52;1452730;RUNNING;1;4;1,043;1,056;1,088;1,093;1,119;1,137;1,162;1,198;1,212;1,232;3,994;4,044;4,123;4,206;4,287;4,375;4,458;4,541;4,622;4,706;24,69;24,00;24,87;25,87;25,00;25,44;2100;2100;
2026-07-07 16:20:53;1453730;RUNNING;1;4;1,022;1,035;1,068;1,071;1,096;1,116;1,140;1,175;1,190;1,210;3,911;3,961;4,039;4,124;4,204;4,294;4,377;4,458;4,539;4,623;24,69;24,00;24,87;25,87;25,00;25,44;1800;2100;
2026-07-07 16:20:54;1454730;RUNNING;1;4;1,000;1,013;1,044;1,050;1,075;1,094;1,118;1,153;1,168;1,188;3,830;3,879;3,958;4,040;4,122;4,212;4,295;4,377;4,458;4,543;24,69;24,06;24,87;25,87;25,00;25,44;1800;2100;
2026-07-07 16:20:55;1455730;RUNNING;1;4;0,978;0,991;1,022;1,027;1,054;1,072;1,097;1,132;1,146;1,166;3,747;3,795;3,874;3,958;4,039;4,128;4,214;4,295;4,376;4,460;24,69;24,00;24,94;25,87;25,00;25,44;2100;2100;
2026-07-07 16:20:56;1456730;RUNNING;1;4;0,956;0,969;1,000;1,006;1,032;1,051;1,075;1,110;1,125;1,145;3,664;3,711;3,791;3,873;3,956;4,046;4,131;4,212;4,293;4,379;24,69;24,00;24,87;25,87;25,00;25,44;1800;1800;
2026-07-07 16:20:57;1457730;RUNNING;1;4;0,934;0,947;0,979;0,984;1,009;1,029;1,053;1,088;1,103;1,123;3,583;3,629;3,707;3,791;3,872;3,965;4,048;4,131;4,210;4,296;24,69;24,06;24,87;25,87;25,00;25,44;2100;2100;
2026-07-07 16:20:58;1458730;RUNNING;1;4;0,912;0,925;0,957;0,963;0,988;1,007;1,032;1,066;1,081;1,101;3,498;3,546;3,624;3,707;3,789;3,880;3,967;4,047;4,130;4,215;24,69;24,00;24,87;25,87;25,00;25,44;1800;1800;
2026-07-07 16:20:59;1459731;RUNNING;1;4;0,891;0,904;0,934;0,941;0,967;0,986;1,010;1,044;1,059;1,079;3,415;3,460;3,542;3,624;3,706;3,799;3,885;3,964;4,047;4,131;24,69;24,00;24,94;25,81;25,00;25,44;1800;1800;
2026-07-07 16:21:00;1460731;RUNNING;1;4;0,869;0,883;0,912;0,919;0,944;0,964;0,988;1,022;1,038;1,058;3,332;3,377;3,459;3,540;3,622;3,716;3,800;3,881;3,964;4,050;24,69;24,06;24,94;25,81;25,00;25,44;1800;1800;
2026-07-07 16:21:01;1461731;RUNNING;1;4;0,847;0,859;0,890;0,898;0,923;0,943;0,966;1,000;1,015;1,035;3,251;3,295;3,375;3,456;3,541;3,634;3,719;3,798;3,883;3,969;24,69;24,06;24,87;25,81;25,00;25,44;1800;1800;
2026-07-07 16:21:02;1462731;RUNNING;1;4;0,825;0,838;0,867;0,875;0,900;0,921;0,944;0,978;0,995;1,013;3,168;3,211;3,292;3,374;3,455;3,551;3,637;3,717;3,801;3,884;24,69;24,06;24,94;25,81;25,00;25,44;1800;1500;
2026-07-07 16:21:03;1463731;RUNNING;1;4;0,803;0,816;0,846;0,854;0,879;0,899;0,922;0,955;0,972;0,992;3,087;3,128;3,210;3,291;3,374;3,466;3,556;3,635;3,718;3,803;24,69;24,06;24,94;25,81;25,00;25,44;1500;1500;
2026-07-07 16:21:04;1464731;RUNNING;1;4;0,782;0,795;0,823;0,833;0,857;0,877;0,901;0,934;0,950;0,970;3,004;3,044;3,125;3,209;3,290;3,385;3,471;3,554;3,635;3,720;24,69;24,06;24,94;25,81;25,00;25,44;1800;1500;
2026-07-07 16:21:05;1465731;RUNNING;1;4;0,760;0,773;0,800;0,811;0,835;0,855;0,879;0,912;0,928;0,948;2,921;2,962;3,043;3,125;3,207;3,302;3,390;3,469;3,554;3,638;24,69;24,06;24,87;25,81;25,00;25,44;1500;1500;
2026-07-07 16:21:06;1466731;RUNNING;1;4;0,738;0,751;0,780;0,789;0,813;0,834;0,857;0,890;0,907;0,926;2,839;2,878;2,961;3,041;3,125;3,219;3,307;3,386;3,469;3,555;24,69;24,06;24,87;25,81;25,00;25,44;1500;1500;
2026-07-07 16:21:07;1467731;RUNNING;1;4;0,716;0,730;0,757;0,768;0,792;0,812;0,836;0,868;0,885;0,905;2,756;2,796;2,878;2,959;3,042;3,139;3,226;3,303;3,386;3,472;24,69;24,06;24,87;25,81;25,00;25,44;1500;1500;
2026-07-07 16:21:08;1468731;RUNNING;1;4;0,695;0,707;0,736;0,745;0,771;0,790;0,814;0,845;0,863;0,883;2,673;2,714;2,796;2,874;2,959;3,054;3,144;3,221;3,304;3,388;24,69;24,00;24,87;25,81;25,00;25,44;1500;1500;
2026-07-07 16:21:09;1469731;RUNNING;1;4;0,673;0,686;0,713;0,724;0,748;0,768;0,792;0,823;0,841;0,862;2,590;2,629;2,712;2,792;2,877;2,973;3,061;3,140;3,223;3,306;24,69;24,00;24,87;25,81;25,00;25,44;1500;1500;
2026-07-07 16:21:10;1470731;RUNNING;1;4;0,651;0,664;0,692;0,703;0,726;0,748;0,771;0,802;0,819;0,840;2,509;2,546;2,631;2,708;2,794;2,890;2,978;3,055;3,140;3,225;24,69;24,06;24,94;25,81;24,94;25,37;1500;1500;
2026-07-07 16:21:11;1471732;RUNNING;1;4;0,629;0,642;0,670;0,681;0,704;0,725;0,749;0,780;0,798;0,817;2,426;2,464;2,547;2,627;2,712;2,809;2,897;2,974;3,057;3,142;24,69;24,06;24,87;25,81;24,94;25,37;1500;1500;
2026-07-07 16:21:12;1472732;RUNNING;1;4;0,607;0,621;0,648;0,659;0,683;0,704;0,727;0,757;0,776;0,796;2,345;2,380;2,464;2,545;2,629;2,727;2,816;2,891;2,975;3,059;24,69;24,06;24,87;25,75;25,00;25,37;1500;1500;
2026-07-07 16:21:13;1473732;RUNNING;1;4;0,586;0,599;0,627;0,638;0,661;0,683;0,706;0,736;0,754;0,775;2,262;2,296;2,378;2,461;2,547;2,644;2,734;2,809;2,891;2,977;24,69;24,06;24,94;25,75;24,94;25,37;1200;1500;
2026-07-07 16:21:14;1474732;RUNNING;1;4;0,564;0,578;0,604;0,616;0,640;0,661;0,684;0,714;0,732;0,753;2,179;2,214;2,298;2,377;2,463;2,561;2,651;2,726;2,811;2,894;24,69;24,06;24,94;25,75;24,94;25,37;1200;1200;
2026-07-07 16:21:15;1475732;RUNNING;1;4;0,542;0,556;0,582;0,594;0,618;0,639;0,662;0,692;0,710;0,731;2,098;2,131;2,215;2,295;2,380;2,478;2,568;2,645;2,728;2,813;24,69;24,06;24,94;25,75;24,94;25,37;1200;1200;
2026-07-07 16:21:16;1476732;RUNNING;1;4;0,521;0,535;0,561;0,573;0,596;0,618;0,640;0,670;0,689;0,709;2,016;2,049;2,133;2,212;2,297;2,396;2,486;2,560;2,646;2,730;24,69;24,00;24,94;25,75;24,94;25,37;1200;1500;
2026-07-07 16:21:17;1477732;RUNNING;1;4;0,499;0,513;0,539;0,552;0,575;0,596;0,618;0,648;0,667;0,687;1,933;1,965;2,050;2,130;2,215;2,313;2,405;2,478;2,563;2,649;24,75;24,06;24,94;25,75;24,94;25,37;1200;1200;
2026-07-07 16:21:18;1478732;RUNNING;1;4;0,477;0,490;0,517;0,530;0,553;0,575;0,597;0,626;0,645;0,666;1,852;1,882;1,968;2,046;2,133;2,232;2,322;2,395;2,480;2,566;24,69;24,06;24,94;25,75;24,94;25,37;1200;1200;
2026-07-07 16:21:19;1479732;RUNNING;1;4;0,456;0,469;0,495;0,508;0,531;0,553;0,575;0,604;0,623;0,643;1,769;1,800;1,884;1,962;2,050;2,149;2,241;2,314;2,399;2,484;24,69;24,06;24,94;25,75;24,94;25,37;1200;1200;
2026-07-07 16:21:20;1480732;RUNNING;1;4;0,435;0,448;0,473;0,487;0,510;0,531;0,554;0,582;0,602;0,621;1,686;1,716;1,803;1,880;1,967;2,066;2,160;2,231;2,316;2,400;24,75;24,00;24,94;25,69;24,94;25,37;1200;1200;
2026-07-07 16:21:21;1481732;RUNNING;1;4;0,413;0,427;0,451;0,466;0,489;0,510;0,532;0,560;0,580;0,599;1,605;1,634;1,719;1,797;1,885;1,986;2,077;2,149;2,234;2,318;24,69;24,06;24,94;25,69;24,94;25,37;900;1200;
2026-07-07 16:21:22;1482732;RUNNING;1;4;0,391;0,404;0,430;0,444;0,467;0,488;0,511;0,539;0,558;0,579;1,522;1,550;1,636;1,715;1,802;1,903;1,995;2,066;2,151;2,237;24,75;24,06;24,94;25,69;24,94;25,37;900;900;
2026-07-07 16:21:23;1483733;RUNNING;1;4;0,370;0,383;0,408;0,423;0,445;0,467;0,489;0,517;0,536;0,557;1,442;1,465;1,552;1,629;1,718;1,820;1,914;1,985;2,068;2,154;24,75;24,06;24,94;25,69;24,94;25,37;891;1188;
2026-07-07 16:21:24;1484733;RUNNING;1;4;0,348;0,361;0,386;0,401;0,424;0,445;0,467;0,495;0,514;0,536;1,359;1,383;1,469;1,547;1,635;1,739;1,831;1,902;1,987;2,071;24,75;24,06;24,94;25,69;24,94;25,37;900;1200;
2026-07-07 16:21:25;1485733;RUNNING;1;4;0,326;0,340;0,364;0,380;0,402;0,425;0,445;0,473;0,493;0,513;1,276;1,299;1,387;1,464;1,553;1,657;1,748;1,818;1,905;1,989;24,75;24,06;24,94;25,69;24,87;25,37;900;1200;
2026-07-07 16:21:26;1486733;RUNNING;1;4;0,305;0,318;0,342;0,358;0,381;0,402;0,424;0,451;0,471;0,491;1,192;1,216;1,303;1,382;1,470;1,574;1,667;1,737;1,822;1,906;24,75;24,06;24,94;25,69;24,87;25,37;900;900;
2026-07-07 16:21:27;1487733;RUNNING;1;4;0,283;0,296;0,320;0,337;0,359;0,381;0,403;0,430;0,450;0,470;1,110;1,134;1,222;1,298;1,388;1,491;1,586;1,656;1,741;1,823;24,75;24,06;24,94;25,69;24,94;25,31;900;900;
2026-07-07 16:21:28;1488733;RUNNING;1;4;0,262;0,274;0,298;0,315;0,338;0,360;0,381;0,408;0,429;0,449;1,029;1,050;1,138;1,216;1,305;1,408;1,503;1,572;1,658;1,742;24,75;24,06;24,94;25,69;24,87;25,37;900;900;
2026-07-07 16:21:29;1489733;RUNNING;1;4;0,240;0,252;0,276;0,294;0,317;0,338;0,360;0,386;0,407;0,426;0,946;0,967;1,056;1,132;1,223;1,327;1,422;1,489;1,575;1,661;24,75;24,06;24,94;25,69;24,87;25,31;900;900;
2026-07-07 16:21:30;1490733;RUNNING;1;4;0,219;0,231;0,255;0,272;0,294;0,317;0,338;0,364;0,385;0,404;0,863;0,885;0,975;1,051;1,140;1,244;1,340;1,406;1,493;1,578;24,75;24,06;24,94;25,69;24,87;25,31;600;900;
2026-07-07 16:21:31;1491733;RUNNING;1;4;0,197;0,210;0,233;0,251;0,273;0,296;0,317;0,342;0,363;0,383;0,783;0,803;0,891;0,967;1,056;1,160;1,259;1,323;1,410;1,495;24,75;24,06;24,94;25,62;24,87;25,31;900;600;
2026-07-07 16:21:32;1492733;RUNNING;1;4;0,175;0,188;0,211;0,230;0,251;0,273;0,295;0,321;0,341;0,362;0,700;0,717;0,809;0,883;0,975;1,079;1,176;1,242;1,329;1,413;24,75;24,06;25,00;25,69;24,87;25,31;600;600;
2026-07-07 16:21:33;1493733;RUNNING;1;4;0,154;0,166;0,190;0,208;0,230;0,252;0,273;0,299;0,320;0,340;0,618;0,635;0,726;0,801;0,893;0,996;1,095;1,159;1,246;1,330;24,75;24,06;24,94;25,62;24,87;25,31;600;900;
2026-07-07 16:21:34;1494733;RUNNING;1;4;0,132;0,146;0,168;0,187;0,208;0,231;0,251;0,277;0,298;0,318;0,536;0,552;0,646;0,719;0,810;0,915;1,012;1,077;1,162;1,247;24,75;24,12;24,94;25,62;24,87;25,31;600;600;
2026-07-07 16:21:35;1495733;RUNNING;1;4;0,111;0,124;0,146;0,165;0,187;0,210;0,230;0,255;0,277;0,297;0,455;0,470;0,561;0,636;0,728;0,832;0,930;0,994;1,079;1,164;24,75;24,06;24,94;25,62;24,87;25,31;600;900;
2026-07-07 16:21:36;1496734;RUNNING;1;4;0,089;0,101;0,125;0,144;0,165;0,188;0,209;0,234;0,255;0,275;0,372;0,386;0,477;0,554;0,645;0,748;0,849;0,913;0,998;1,081;24,75;24,12;25,00;25,62;24,87;25,31;600;900;
2026-07-07 16:21:37;1497734;RUNNING;1;4;0,067;0,081;0,103;0,122;0,144;0,166;0,187;0,212;0,233;0,254;0,291;0,306;0,397;0,472;0,561;0,667;0,766;0,831;0,915;1,000;24,75;24,12;25,00;25,62;24,87;25,31;600;600;
2026-07-07 16:21:38;1498734;RUNNING;1;4;0,046;0,059;0,082;0,101;0,123;0,145;0,166;0,190;0,212;0,232;0,208;0,221;0,314;0,386;0,480;0,586;0,683;0,748;0,833;0,917;24,81;24,12;25,00;25,62;24,87;25,31;600;600;
2026-07-07 16:21:39;1499734;RUNNING;1;4;0,025;0,038;0,060;0,080;0,101;0,124;0,144;0,168;0,190;0,211;0,125;0,142;0,232;0,304;0,400;0,503;0,604;0,665;0,752;0,834;24,81;24,12;25,00;25,62;24,81;25,31;600;900;
2026-07-07 16:21:40;1500734;RUNNING;1;4;0,000;0,015;0,037;0,058;0,080;0,102;0,123;0,146;0,168;0,189;0,000;0,055;0,147;0,224;0,316;0,421;0,521;0,584;0,667;0,752;24,81;24,12;25,00;25,62;24,87;25,31;600;600;
2026-07-07 16:21:41;1501734;RUNNING;1;4;0,000;0,000;0,018;0,037;0,058;0,081;0,101;0,124;0,147;0,167;0,000;0,000;0,063;0,139;0,231;0,338;0,440;0,502;0,586;0,671;24,81;24,12;25,00;25,56;24,81;25,31;900;600;
2026-07-07 16:21:42;1502734;RUNNING;1;4;0,000;0,000;0,000;0,017;0,036;0,059;0,080;0,103;0,125;0,146;0,000;0,000;0,000;0,057;0,148;0,255;0,358;0,419;0,504;0,588;24,81;24,12;25,00;25,56;24,81;25,31;900;900;
2026-07-07 16:21:43;1503734;RUNNING;1;4;0,000;0,000;0,000;0,000;0,022;0,039;0,058;0,081;0,104;0,124;0,000;0,000;0,000;0,000;0,092;0,175;0,277;0,338;0,421;0,505;24,81;24,12;25,00;25,62;24,81;25,25;900;900;
2026-07-07 16:21:44;1504734;RUNNING;1;4;0,000;0,000;0,000;0,000;0,000;0,018;0,037;0,060;0,082;0,102;0,000;0,000;0,000;0,000;0,000;0,089;0,194;0,254;0,340;0,425;24,81;24,12;25,00;25,56;24,81;25,31;900;600;
2026-07-07 16:21:45;1505734;RUNNING;1;4;0,000;0,000;0,000;0,000;0,000;0,000;0,015;0,037;0,060;0,082;0,000;0,000;0,000;0,000;0,000;0,000;0,110;0,171;0,259;0,342;24,81;24,12;25,00;25,56;24,81;25,25;900;600;
2026-07-07 16:21:46;1506734;RUNNING;1;4;0,000;0,000;0,000;0,000;0,000;0,000;0,000;0,017;0,040;0,059;0,000;0,000;0,000;0,000;0,000;0,000;0,000;0,090;0,177;0,261;24,81;24,12;25,00;25,56;24,81;25,25;900;1200;
2026-07-07 16:21:47;1507734;RUNNING;1;4;0,000;0,000;0,000;0,000;0,000;0,000;0,000;0,000;0,017;0,038;0,000;0,000;0,000;0,000;0,000;0,000;0,000;0,000;0,092;0,178;24,81;24,12;25,00;25,56;24,81;25,25;900;600;
2026-07-07 16:21:48;1508734;RUNNING;1;4;0,000;0,000;0,000;0,000;0,000;0,000;0,000;0,000;0,000;0,015;0,000;0,000;0,000;0,000;0,000;0,000;0,000;0,000;0,000;0,100;24,81;24,12;24,94;25,56;24,81;25,25;900;900;
2026-07-07 16:21:49;1509734;RUNNING;1;4;0,000;0,000;0,000;0,000;0,000;0,000;0,000;0,000;0,000;0,000;0,000;0,000;0,000;0,000;0,000;0,000;0,000;0,000;0,000;0,000;24,81;24,12;25,00;25,56;24,81;25,25;900;900;
2026-07-07 16:21:50;1510734;RUNNING;1;4;0,000;0,000;0,000;0,000;0,000;0,000;0,000;0,000;0,000;0,000;0,000;0,000;0,000;0,000;0,000;0,000;0,000;0,000;0,000;0,000;24,81;24,12;25,00;25,56;24,81;25,25;900;900;
2026-07-07 16:21:51;1511734;RUNNING;1;4;0,000;0,000;0,000;0,000;0,000;0,000;0,000;0,000;0,000;0,000;0,000;0,000;0,000;0,000;0,000;0,000;0,000;0,000;0,000;0,000;24,81;24,12;25,00;25,50;24,75;25,25;900;600;
2026-07-07 16:21:52;1512734;RUNNING;1;4;0,000;0,000;0,000;0,000;0,000;0,000;0,000;0,000;0,000;0,000;0,000;0,000;0,000;0,000;0,000;0,000;0,000;0,000;0,000;0,000;24,81;24,12;25,00;25,50;24,81;25,25;900;600;
2026-07-07 16:21:53;1513734;RUNNING;1;4;0,000;0,000;0,000;0,000;0,000;0,000;0,000;0,000;0,000;0,000;0,000;0,000;0,000;0,000;0,000;0,000;0,000;0,000;0,000;0,000;24,81;24,12;25,00;25,50;24,75;25,25;600;900;
2026-07-07 16:21:54;1514734;RUNNING;1;4;0,000;0,000;0,000;0,000;0,000;0,000;0,000;0,000;0,000;0,000;0,000;0,000;0,000;0,000;0,000;0,000;0,000;0,000;0,000;0,000;24,81;24,12;25,00;25,50;24,75;25,25;600;900;
2026-07-07 16:21:55;1515734;RUNNING;1;4;0,000;0,000;0,000;0,000;0,000;0,000;0,000;0,000;0,000;0,000;0,000;0,000;0,000;0,000;0,000;0,000;0,000;0,000;0,000;0,000;24,81;24,12;25,00;25,50;24,75;25,25;600;600;
2026-07-07 16:21:56;1516734;RUNNING;1;4;0,000;0,000;0,000;0,000;0,000;0,000;0,000;0,000;0,000;0,000;0,000;0,000;0,000;0,000;0,000;0,000;0,000;0,000;0,000;0,000;24,81;24,12;25,00;25,50;24,75;25,25;600;900;
2026-07-07 16:21:57;1517734;RUNNING;1;4;0,000;0,000;0,000;0,000;0,000;0,000;0,000;0,000;0,000;0,000;0,000;0,000;0,000;0,000;0,000;0,000;0,000;0,000;0,000;0,000;24,81;24,19;25,00;25,50;24,75;25,19;600;900;
2026-07-07 16:21:58;1518734;RUNNING;1;4;0,000;0,000;0,000;0,000;0,000;0,000;0,000;0,000;0,000;0,000;0,000;0,000;0,000;0,000;0,000;0,000;0,000;0,000;0,000;0,000;24,87;24,19;25,00;25,44;24,75;25,19;600;600;
2026-07-07 16:21:59;1519734;RUNNING;1;4;0,000;0,000;0,000;0,000;0,000;0,000;0,000;0,000;0,000;0,000;0,000;0,000;0,000;0,000;0,000;0,000;0,000;0,000;0,000;0,000;24,87;24,19;25,00;25,44;24,75;25,19;600;600;
2026-07-07 16:22:00;1520734;RUNNING;1;4;0,000;0,000;0,000;0,000;0,000;0,000;0,000;0,000;0,000;0,000;0,000;0,000;0,000;0,000;0,000;0,000;0,000;0,000;0,000;0,000;24,81;24,12;25,00;25,44;24,69;25,19;600;900;
2026-07-07 16:22:01;1521734;RUNNING;1;4;0,000;0,000;0,000;0,000;0,000;0,000;0,000;0,000;0,000;0,000;0,000;0,000;0,000;0,000;0,000;0,000;0,000;0,000;0,000;0,000;24,87;24,19;25,00;25,44;24,75;25,19;600;900;
2026-07-07 16:22:02;1522734;RUNNING;1;4;0,000;0,000;0,000;0,000;0,000;0,000;0,000;0,000;0,000;0,000;0,000;0,000;0,000;0,000;0,000;0,000;0,000;0,000;0,000;0,000;24,87;24,19;25,00;25,44;24,75;25,19;600;600;
2026-07-07 16:22:03;1523734;RUNNING;1;4;0,000;0,000;0,000;0,000;0,000;0,000;0,000;0,000;0,000;0,000;0,000;0,000;0,000;0,000;0,000;0,000;0,000;0,000;0,000;0,000;24,87;24,19;25,00;25,44;24,69;25,19;600;600;
2026-07-07 16:22:04;1524734;RUNNING;1;4;0,000;0,000;0,000;0,000;0,000;0,000;0,000;0,000;0,000;0,000;0,000;0,000;0,000;0,000;0,000;0,000;0,000;0,000;0,000;0,000;24,87;24,19;25,00;25,44;24,69;25,12;600;900;
2026-07-07 16:22:05;1525734;RUNNING;1;4;0,000;0,000;0,000;0,000;0,000;0,000;0,000;0,000;0,000;0,000;0,000;0,000;0,000;0,000;0,000;0,000;0,000;0,000;0,000;0,000;24,87;24,19;24,94;25,44;24,69;25,12;600;900;
2026-07-07 16:22:06;1526734;RUNNING;1;4;0,000;0,000;0,000;0,000;0,000;0,000;0,000;0,000;0,000;0,000;0,000;0,000;0,000;0,000;0,000;0,000;0,000;0,000;0,000;0,000;24,87;24,19;25,00;25,44;24,69;25,12;600;600;
2026-07-07 16:22:07;1527734;RUNNING;1;4;0,000;0,000;0,000;0,000;0,000;0,000;0,000;0,000;0,000;0,000;0,000;0,000;0,000;0,000;0,000;0,000;0,000;0,000;0,000;0,000;24,87;24,19;25,00;25,37;24,69;25,12;600;600;
2026-07-07 16:22:08;1528734;RUNNING;1;4;0,000;0,000;0,000;0,000;0,000;0,000;0,000;0,000;0,000;0,000;0,000;0,000;0,000;0,000;0,000;0,000;0,000;0,000;0,000;0,000;24,81;24,19;25,00;25,37;24,69;25,12;900;900;
2026-07-07 16:22:09;1529734;RUNNING;1;4;0,000;0,000;0,000;0,000;0,000;0,000;0,000;0,000;0,000;0,000;0,000;0,000;0,000;0,000;0,000;0,000;0,000;0,000;0,000;0,000;24,87;24,19;25,00;25,37;24,69;25,12;900;600;
2026-07-07 16:22:10;1530734;RUNNING;1;4;0,000;0,000;0,000;0,000;0,000;0,000;0,000;0,000;0,000;0,000;0,000;0,000;0,000;0,000;0,000;0,000;0,000;0,000;0,000;0,000;24,87;24,19;25,00;25,37;24,69;25,12;900;600;
2026-07-07 16:22:11;1531734;RUNNING;1;4;0,000;0,000;0,000;0,000;0,000;0,000;0,000;0,000;0,000;0,000;0,000;0,000;0,000;0,000;0,000;0,000;0,000;0,000;0,000;0,000;24,87;24,19;25,00;25,37;24,69;25,12;900;900;
2026-07-07 16:22:12;1532734;RUNNING;1;4;0,000;0,000;0,000;0,000;0,000;0,000;0,000;0,000;0,000;0,000;0,000;0,000;0,000;0,000;0,000;0,000;0,000;0,000;0,000;0,000;24,87;24,19;24,94;25,37;24,69;25,12;900;900;
2026-07-07 16:22:13;1533734;RUNNING;1;4;0,000;0,000;0,000;0,000;0,000;0,000;0,000;0,000;0,000;0,000;0,000;0,000;0,000;0,000;0,000;0,000;0,000;0,000;0,000;0,000;24,87;24,19;25,00;25,37;24,69;25,06;900;600;
2026-07-07 16:22:14;1534734;RUNNING;1;4;0,000;0,000;0,000;0,000;0,000;0,000;0,000;0,000;0,000;0,000;0,000;0,000;0,000;0,000;0,000;0,000;0,000;0,000;0,000;0,000;24,87;24,19;25,00;25,37;24,62;25,12;600;900;
2026-07-07 16:22:15;1535734;RUNNING;1;4;0,000;0,000;0,000;0,000;0,000;0,000;0,000;0,000;0,000;0,000;0,000;0,000;0,000;0,000;0,000;0,000;0,000;0,000;0,000;0,000;24,87;24,19;25,00;25,37;24,62;25,06;600;900;
2026-07-07 16:22:16;1536734;RUNNING;1;4;0,000;0,000;0,000;0,000;0,000;0,000;0,000;0,000;0,000;0,000;0,000;0,000;0,000;0,000;0,000;0,000;0,000;0,000;0,000;0,000;24,87;24,19;25,00;25,31;24,62;25,06;600;600;
2026-07-07 16:22:17;1537734;RUNNING;1;4;0,000;0,000;0,000;0,000;0,000;0,000;0,000;0,000;0,000;0,000;0,000;0,000;0,000;0,000;0,000;0,000;0,000;0,000;0,000;0,000;24,87;24,19;25,00;25,31;24,62;25,06;600;600;
2026-07-07 16:22:18;1538734;RUNNING;1;4;0,000;0,000;0,000;0,000;0,000;0,000;0,000;0,000;0,000;0,000;0,000;0,000;0,000;0,000;0,000;0,000;0,000;0,000;0,000;0,000;24,87;24,19;25,00;25,31;24,62;25,06;600;900;
2026-07-07 16:22:19;1539734;RUNNING;1;4;0,000;0,000;0,000;0,000;0,000;0,000;0,000;0,000;0,000;0,000;0,000;0,000;0,000;0,000;0,000;0,000;0,000;0,000;0,000;0,000;24,87;24,19;25,00;25,31;24,62;25,06;600;900;
2026-07-07 16:22:20;1540734;RUNNING;1;4;0,000;0,000;0,000;0,000;0,000;0,000;0,000;0,000;0,000;0,000;0,000;0,000;0,000;0,000;0,000;0,000;0,000;0,000;0,000;0,000;24,87;24,19;25,00;25,31;24,62;25,06;600;600;
2026-07-07 16:22:21;1541734;RUNNING;1;4;0,000;0,000;0,000;0,000;0,000;0,000;0,000;0,000;0,000;0,000;0,000;0,000;0,000;0,000;0,000;0,000;0,000;0,000;0,000;0,000;24,87;24,19;25,00;25,31;24,56;25,06;600;600;
2026-07-07 16:22:22;1542734;RUNNING;1;4;0,000;0,000;0,000;0,000;0,000;0,000;0,000;0,000;0,000;0,000;0,000;0,000;0,000;0,000;0,000;0,000;0,000;0,000;0,000;0,000;24,87;24,19;25,00;25,31;24,56;25,06;600;900;
2026-07-07 16:22:23;1543734;RUNNING;1;4;0,000;0,000;0,000;0,000;0,000;0,000;0,000;0,000;0,000;0,000;0,000;0,000;0,000;0,000;0,000;0,000;0,000;0,000;0,000;0,000;24,87;24,19;25,00;25,31;24,56;25,06;600;600;
2026-07-07 16:22:24;1544734;RUNNING;1;4;0,000;0,000;0,000;0,000;0,000;0,000;0,000;0,000;0,000;0,000;0,000;0,000;0,000;0,000;0,000;0,000;0,000;0,000;0,000;0,000;24,87;24,19;25,00;25,31;24,56;25,06;600;600;
2026-07-07 16:22:25;1545734;RUNNING;1;4;0,000;0,000;0,000;0,000;0,000;0,000;0,000;0,000;0,000;0,000;0,000;0,000;0,000;0,000;0,000;0,000;0,000;0,000;0,000;0,000;24,87;24,19;25,00;25,31;24,56;25,06;600;900;
2026-07-07 16:22:26;1546734;RUNNING;1;4;0,000;0,000;0,000;0,000;0,000;0,000;0,000;0,000;0,000;0,000;0,000;0,000;0,000;0,000;0,000;0,000;0,000;0,000;0,000;0,000;24,87;24,19;25,00;25,31;24,56;25,06;900;900;
2026-07-07 16:22:27;1547734;RUNNING;1;4;0,000;0,000;0,000;0,000;0,000;0,000;0,000;0,000;0,000;0,000;0,000;0,000;0,000;0,000;0,000;0,000;0,000;0,000;0,000;0,000;24,87;24,19;25,00;25,31;24,56;25,06;900;600;
2026-07-07 16:22:28;1548734;RUNNING;1;4;0,000;0,000;0,000;0,000;0,000;0,000;0,000;0,000;0,000;0,000;0,000;0,000;0,000;0,000;0,000;0,000;0,000;0,000;0,000;0,000;24,87;24,19;24,94;25,31;24,56;25,06;900;600;
2026-07-07 16:22:29;1549734;RUNNING;1;4;0,000;0,000;0,000;0,000;0,000;0,000;0,000;0,000;0,000;0,000;0,000;0,000;0,000;0,000;0,000;0,000;0,000;0,000;0,000;0,000;24,87;24,19;25,00;25,25;24,56;25,00;900;900;
2026-07-07 16:22:30;1550734;RUNNING;1;4;0,000;0,000;0,000;0,000;0,000;0,000;0,000;0,000;0,000;0,000;0,000;0,000;0,000;0,000;0,000;0,000;0,000;0,000;0,000;0,000;24,87;24,19;25,00;25,25;24,56;25,00;900;900;
2026-07-07 16:22:31;1551734;RUNNING;1;4;0,000;0,000;0,000;0,000;0,000;0,000;0,000;0,000;0,000;0,000;0,000;0,000;0,000;0,000;0,000;0,000;0,000;0,000;0,000;0,000;24,87;24,19;25,00;25,25;24,50;25,00;900;600;
2026-07-07 16:22:32;1552734;RUNNING;1;4;0,000;0,000;0,000;0,000;0,000;0,000;0,000;0,000;0,000;0,000;0,000;0,000;0,000;0,000;0,000;0,000;0,000;0,000;0,000;0,000;24,87;24,19;25,00;25,25;24,50;25,00;900;600;
2026-07-07 16:22:33;1553734;RUNNING;1;4;0,000;0,000;0,000;0,000;0,000;0,000;0,000;0,000;0,000;0,000;0,000;0,000;0,000;0,000;0,000;0,000;0,000;0,000;0,000;0,000;24,87;24,19;24,94;25,25;24,50;25,00;900;900;
2026-07-07 16:22:34;1554734;RUNNING;1;4;0,000;0,000;0,000;0,000;0,000;0,000;0,000;0,000;0,000;0,000;0,000;0,000;0,000;0,000;0,000;0,000;0,000;0,000;0,000;0,000;24,87;24,19;25,00;25,31;24,50;25,00;900;600;
2026-07-07 16:22:35;1555734;RUNNING;1;4;0,000;0,000;0,000;0,000;0,000;0,000;0,000;0,000;0,000;0,000;0,000;0,000;0,000;0,000;0,000;0,000;0,000;0,000;0,000;0,000;24,94;24,19;24,94;25,25;24,50;25,00;900;600;
2026-07-07 16:22:36;1556734;RUNNING;1;4;0,000;0,000;0,000;0,000;0,000;0,000;0,000;0,000;0,000;0,000;0,000;0,000;0,000;0,000;0,000;0,000;0,000;0,000;0,000;0,000;24,94;24,19;25,00;25,25;24,50;25,00;900;900;
2026-07-07 16:22:37;1557734;RUNNING;1;4;0,000;0,000;0,000;0,000;0,000;0,000;0,000;0,000;0,000;0,000;0,000;0,000;0,000;0,000;0,000;0,000;0,000;0,000;0,000;0,000;24,87;24,19;24,94;25,25;24,50;25,00;900;900;
2026-07-07 16:22:38;1558734;RUNNING;1;4;0,000;0,000;0,000;0,000;0,000;0,000;0,000;0,000;0,000;0,000;0,000;0,000;0,000;0,000;0,000;0,000;0,000;0,000;0,000;0,000;24,87;24,19;24,94;25,25;24,50;25,00;600;600;
2026-07-07 16:22:39;1559734;RUNNING;1;4;0,000;0,000;0,000;0,000;0,000;0,000;0,000;0,000;0,000;0,000;0,000;0,000;0,000;0,000;0,000;0,000;0,000;0,000;0,000;0,000;24,94;24,19;24,94;25,25;24,50;25,00;600;600;
2026-07-07 16:22:40;1560734;RUNNING;1;4;0,000;0,000;0,000;0,000;0,000;0,000;0,000;0,000;0,000;0,000;0,000;0,000;0,000;0,000;0,000;0,000;0,000;0,000;0,000;0,000;24,87;24,19;24,94;25,25;24,50;24,94;600;900;
2026-07-07 16:22:41;1561734;RUNNING;1;4;0,000;0,000;0,000;0,000;0,000;0,000;0,000;0,000;0,000;0,000;0,000;0,000;0,000;0,000;0,000;0,000;0,000;0,000;0,000;0,000;24,94;24,19;24,94;25,25;24,50;24,94;600;900;
2026-07-07 16:22:42;1562734;RUNNING;1;4;0,000;0,000;0,000;0,000;0,000;0,000;0,000;0,000;0,000;0,000;0,000;0,000;0,000;0,000;0,000;0,000;0,000;0,000;0,000;0,000;24,87;24,19;25,00;25,25;24,50;24,94;600;600;
2026-07-07 16:22:43;1563734;RUNNING;1;4;0,000;0,000;0,000;0,000;0,000;0,000;0,000;0,000;0,000;0,000;0,000;0,000;0,000;0,000;0,000;0,000;0,000;0,000;0,000;0,000;24,87;24,19;24,94;25,25;24,50;25,00;600;600;
2026-07-07 16:22:44;1564734;RUNNING;1;4;0,000;0,000;0,000;0,000;0,000;0,000;0,000;0,000;0,000;0,000;0,000;0,000;0,000;0,000;0,000;0,000;0,000;0,000;0,000;0,000;24,94;24,19;25,00;25,19;24,44;24,94;600;900;
2026-07-07 16:22:45;1565734;RUNNING;1;4;0,000;0,000;0,000;0,000;0,000;0,000;0,000;0,000;0,000;0,000;0,000;0,000;0,000;0,000;0,000;0,000;0,000;0,000;0,000;0,000;24,94;24,19;24,94;25,19;24,50;24,94;600;600;
2026-07-07 16:22:46;1566734;RUNNING;1;4;0,000;0,000;0,000;0,000;0,000;0,000;0,000;0,000;0,000;0,000;0,000;0,000;0,000;0,000;0,000;0,000;0,000;0,000;0,000;0,000;24,94;24,19;25,00;25,19;24,50;24,94;600;600;
2026-07-07 16:22:47;1567734;RUNNING;1;4;0,000;0,000;0,000;0,000;0,000;0,000;0,000;0,000;0,000;0,000;0,000;0,000;0,000;0,000;0,000;0,000;0,000;0,000;0,000;0,000;24,94;24,19;25,00;25,19;24,44;24,94;600;900;
2026-07-07 16:22:48;1568734;RUNNING;1;4;0,000;0,000;0,000;0,000;0,000;0,000;0,000;0,000;0,000;0,000;0,000;0,000;0,000;0,000;0,000;0,000;0,000;0,000;0,000;0,000;24,94;24,19;24,94;25,19;24,44;24,94;900;900;
2026-07-07 16:22:49;1569734;RUNNING;1;4;0,000;0,000;0,000;0,000;0,000;0,000;0,000;0,000;0,000;0,000;0,000;0,000;0,000;0,000;0,000;0,000;0,000;0,000;0,000;0,000;24,94;24,19;24,94;25,19;24,44;24,94;900;600;
2026-07-07 16:22:50;1570734;RUNNING;1;4;0,000;0,000;0,000;0,000;0,000;0,000;0,000;0,000;0,000;0,000;0,000;0,000;0,000;0,000;0,000;0,000;0,000;0,000;0,000;0,000;24,94;24,19;24,94;25,19;24,44;24,94;900;600;
2026-07-07 16:22:51;1571734;RUNNING;1;4;0,000;0,000;0,000;0,000;0,000;0,000;0,000;0,000;0,000;0,000;0,000;0,000;0,000;0,000;0,000;0,000;0,000;0,000;0,000;0,000;24,94;24,19;24,94;25,19;24,44;24,87;900;900;
2026-07-07 16:22:52;1572734;RUNNING;1;4;0,000;0,000;0,000;0,000;0,000;0,000;0,000;0,000;0,000;0,000;0,000;0,000;0,000;0,000;0,000;0,000;0,000;0,000;0,000;0,000;24,94;24,19;24,94;25,19;24,44;24,87;900;900;
2026-07-07 16:22:53;1573734;RUNNING;1;4;0,000;0,000;0,000;0,000;0,000;0,000;0,000;0,000;0,000;0,000;0,000;0,000;0,000;0,000;0,000;0,000;0,000;0,000;0,000;0,000;24,94;24,19;24,94;25,19;24,44;24,87;900;600;
2026-07-07 16:22:54;1574734;RUNNING;1;4;0,000;0,000;0,000;0,000;0,000;0,000;0,000;0,000;0,000;0,000;0,000;0,000;0,000;0,000;0,000;0,000;0,000;0,000;0,000;0,000;24,94;24,19;24,94;25,19;24,44;24,87;900;600;
2026-07-07 16:22:55;1575734;RUNNING;1;4;0,000;0,000;0,000;0,000;0,000;0,000;0,000;0,000;0,000;0,000;0,000;0,000;0,000;0,000;0,000;0,000;0,000;0,000;0,000;0,000;24,94;24,19;24,94;25,19;24,44;24,87;900;900;
2026-07-07 16:22:56;1576734;RUNNING;1;4;0,000;0,000;0,000;0,000;0,000;0,000;0,000;0,000;0,000;0,000;0,000;0,000;0,000;0,000;0,000;0,000;0,000;0,000;0,000;0,000;24,94;24,19;24,94;25,19;24,44;24,87;900;600;
2026-07-07 16:22:57;1577734;RUNNING;1;4;0,000;0,000;0,000;0,000;0,000;0,000;0,000;0,000;0,000;0,000;0,000;0,000;0,000;0,000;0,000;0,000;0,000;0,000;0,000;0,000;24,94;24,19;24,94;25,19;24,44;24,87;600;600;
2026-07-07 16:22:58;1578734;RUNNING;1;4;0,000;0,000;0,000;0,000;0,000;0,000;0,000;0,000;0,000;0,000;0,000;0,000;0,000;0,000;0,000;0,000;0,000;0,000;0,000;0,000;24,94;24,19;24,94;25,19;24,37;24,87;600;900;
2026-07-07 16:22:59;1579734;RUNNING;1;4;0,000;0,000;0,000;0,000;0,000;0,000;0,000;0,000;0,000;0,000;0,000;0,000;0,000;0,000;0,000;0,000;0,000;0,000;0,000;0,000;24,94;24,19;24,94;25,19;24,44;24,87;600;900;
2026-07-07 16:23:00;1580734;RUNNING;1;4;0,000;0,000;0,000;0,000;0,000;0,000;0,000;0,000;0,000;0,000;0,000;0,000;0,000;0,000;0,000;0,000;0,000;0,000;0,000;0,000;24,94;24,19;24,94;25,12;24,44;24,87;600;600;
2026-07-07 16:23:01;1581734;RUNNING;1;4;0,000;0,000;0,000;0,000;0,000;0,000;0,000;0,000;0,000;0,000;0,000;0,000;0,000;0,000;0,000;0,000;0,000;0,000;0,000;0,000;24,94;24,19;24,94;25,12;24,37;24,87;600;600;
2026-07-07 16:23:02;1582734;RUNNING;1;4;0,000;0,000;0,000;0,000;0,000;0,000;0,000;0,000;0,000;0,000;0,000;0,000;0,000;0,000;0,000;0,000;0,000;0,000;0,000;0,000;24,94;24,19;24,94;25,12;24,44;24,87;600;900;
2026-07-07 16:23:03;1583734;RUNNING;1;4;0,000;0,000;0,000;0,000;0,000;0,000;0,000;0,000;0,000;0,000;0,000;0,000;0,000;0,000;0,000;0,000;0,000;0,000;0,000;0,000;24,94;24,19;24,94;25,12;24,44;24,87;900;600;
2026-07-07 16:23:04;1584734;RUNNING;1;4;0,000;0,000;0,000;0,000;0,000;0,000;0,000;0,000;0,000;0,000;0,000;0,000;0,000;0,000;0,000;0,000;0,000;0,000;0,000;0,000;24,94;24,19;24,94;25,12;24,37;24,87;900;600;
2026-07-07 16:23:05;1585734;RUNNING;1;4;0,000;0,000;0,000;0,000;0,000;0,000;0,000;0,000;0,000;0,000;0,000;0,000;0,000;0,000;0,000;0,000;0,000;0,000;0,000;0,000;24,94;24,19;24,94;25,12;24,37;24,87;900;600;
2026-07-07 16:23:06;1586734;RUNNING;1;4;0,000;0,000;0,000;0,000;0,000;0,000;0,000;0,000;0,000;0,000;0,000;0,000;0,000;0,000;0,000;0,000;0,000;0,000;0,000;0,000;24,94;24,19;24,94;25,12;24,37;24,87;900;900;
2026-07-07 16:23:07;1587734;RUNNING;1;4;0,000;0,000;0,000;0,000;0,000;0,000;0,000;0,000;0,000;0,000;0,000;0,000;0,000;0,000;0,000;0,000;0,000;0,000;0,000;0,000;24,94;24,19;24,94;25,12;24,37;24,87;900;600;
2026-07-07 16:23:08;1588734;RUNNING;1;4;0,000;0,000;0,000;0,000;0,000;0,000;0,000;0,000;0,000;0,000;0,000;0,000;0,000;0,000;0,000;0,000;0,000;0,000;0,000;0,000;24,94;24,19;24,94;25,12;24,37;24,87;600;600;
2026-07-07 16:23:09;1589734;RUNNING;1;4;0,000;0,000;0,000;0,000;0,000;0,000;0,000;0,000;0,000;0,000;0,000;0,000;0,000;0,000;0,000;0,000;0,000;0,000;0,000;0,000;24,94;24,19;24,94;25,12;24,37;24,87;600;900;
2026-07-07 16:23:10;1590734;RUNNING;1;4;0,000;0,000;0,000;0,000;0,000;0,000;0,000;0,000;0,000;0,000;0,000;0,000;0,000;0,000;0,000;0,000;0,000;0,000;0,000;0,000;24,94;24,12;24,94;25,12;24,37;24,81;600;900;
2026-07-07 16:23:11;1591734;RUNNING;1;4;0,000;0,000;0,000;0,000;0,000;0,000;0,000;0,000;0,000;0,000;0,000;0,000;0,000;0,000;0,000;0,000;0,000;0,000;0,000;0,000;24,94;24,19;24,94;25,12;24,37;24,87;600;600;
2026-07-07 16:23:12;1592734;RUNNING;1;4;0,000;0,000;0,000;0,000;0,000;0,000;0,000;0,000;0,000;0,000;0,000;0,000;0,000;0,000;0,000;0,000;0,000;0,000;0,000;0,000;24,94;24,12;24,94;25,12;24,37;24,81;600;600;
2026-07-07 16:23:13;1593734;RUNNING;1;4;0,000;0,000;0,000;0,000;0,000;0,000;0,000;0,000;0,000;0,000;0,000;0,000;0,000;0,000;0,000;0,000;0,000;0,000;0,000;0,000;24,94;24,19;24,94;25,12;24,37;24,81;600;900;
2026-07-07 16:23:14;1594734;RUNNING;1;4;0,000;0,000;0,000;0,000;0,000;0,000;0,000;0,000;0,000;0,000;0,000;0,000;0,000;0,000;0,000;0,000;0,000;0,000;0,000;0,000;24,94;24,19;24,94;25,06;24,37;24,81;600;900;
2026-07-07 16:23:15;1595734;RUNNING;1;4;0,000;0,000;0,000;0,000;0,000;0,000;0,000;0,000;0,000;0,000;0,000;0,000;0,000;0,000;0,000;0,000;0,000;0,000;0,000;0,000;24,94;24,19;24,94;25,06;24,37;24,87;600;600;
2026-07-07 16:23:16;1596734;RUNNING;1;4;0,000;0,000;0,000;0,000;0,000;0,000;0,000;0,000;0,000;0,000;0,000;0,000;0,000;0,000;0,000;0,000;0,000;0,000;0,000;0,000;24,94;24,19;24,94;25,06;24,37;24,81;900;600;
2026-07-07 16:23:17;1597734;RUNNING;1;4;0,000;0,000;0,000;0,000;0,000;0,000;0,000;0,000;0,000;0,000;0,000;0,000;0,000;0,000;0,000;0,000;0,000;0,000;0,000;0,000;24,94;24,19;24,94;25,06;24,37;24,81;900;900;
2026-07-07 16:23:18;1598734;RUNNING;1;4;0,000;0,000;0,000;0,000;0,000;0,000;0,000;0,000;0,000;0,000;0,000;0,000;0,000;0,000;0,000;0,000;0,000;0,000;0,000;0,000;24,94;24,19;24,94;25,06;24,31;24,81;900;900;
2026-07-07 16:23:19;1599734;RUNNING;1;4;0,000;0,000;0,000;0,000;0,000;0,000;0,000;0,000;0,000;0,000;0,000;0,000;0,000;0,000;0,000;0,000;0,000;0,000;0,000;0,000;24,94;24,12;24,94;25,06;24,31;24,81;900;600;
2026-07-07 16:23:20;1600734;RUNNING;1;4;0,000;0,000;0,000;0,000;0,000;0,000;0,000;0,000;0,000;0,000;0,000;0,000;0,000;0,000;0,000;0,000;0,000;0,000;0,000;0,000;24,94;24,12;24,94;25,06;24,31;24,81;900;600;
2026-07-07 16:23:21;1601734;RUNNING;1;4;0,000;0,000;0,000;0,000;0,000;0,000;0,000;0,000;0,000;0,000;0,000;0,000;0,000;0,000;0,000;0,000;0,000;0,000;0,000;0,000;24,94;24,19;24,94;25,06;24,31;24,81;600;900;
2026-07-07 16:23:22;1602734;RUNNING;1;4;0,000;0,000;0,000;0,000;0,000;0,000;0,000;0,000;0,000;0,000;0,000;0,000;0,000;0,000;0,000;0,000;0,000;0,000;0,000;0,000;24,94;24,19;24,94;25,06;24,31;24,81;600;900;
2026-07-07 16:23:23;1603734;RUNNING;1;4;0,000;0,000;0,000;0,000;0,000;0,000;0,000;0,000;0,000;0,000;0,000;0,000;0,000;0,000;0,000;0,000;0,000;0,000;0,000;0,000;24,94;24,19;24,94;25,06;24,31;24,81;600;600;
2026-07-07 16:23:24;1604734;RUNNING;1;4;0,000;0,000;0,000;0,000;0,000;0,000;0,000;0,000;0,000;0,000;0,000;0,000;0,000;0,000;0,000;0,000;0,000;0,000;0,000;0,000;24,94;24,12;24,94;25,06;24,31;24,81;600;600;
2026-07-07 16:23:25;1605734;RUNNING;1;4;0,000;0,000;0,000;0,000;0,000;0,000;0,000;0,000;0,000;0,000;0,000;0,000;0,000;0,000;0,000;0,000;0,000;0,000;0,000;0,000;24,94;24,12;24,94;25,06;24,31;24,75;600;900;
2026-07-07 16:23:26;1606734;RUNNING;1;4;0,000;0,000;0,000;0,000;0,000;0,000;0,000;0,000;0,000;0,000;0,000;0,000;0,000;0,000;0,000;0,000;0,000;0,000;0,000;0,000;24,94;24,19;24,94;25,06;24,31;24,81;600;900;
2026-07-07 16:23:27;1607734;RUNNING;1;4;0,000;0,000;0,000;0,000;0,000;0,000;0,000;0,000;0,000;0,000;0,000;0,000;0,000;0,000;0,000;0,000;0,000;0,000;0,000;0,000;24,94;24,12;24,94;25,06;24,31;24,81;600;600;
2026-07-07 16:23:28;1608734;RUNNING;1;4;0,000;0,000;0,000;0,000;0,000;0,000;0,000;0,000;0,000;0,000;0,000;0,000;0,000;0,000;0,000;0,000;0,000;0,000;0,000;0,000;24,94;24,12;24,94;25,06;24,31;24,81;900;600;
2026-07-07 16:23:29;1609734;RUNNING;1;4;0,000;0,000;0,000;0,000;0,000;0,000;0,000;0,000;0,000;0,000;0,000;0,000;0,000;0,000;0,000;0,000;0,000;0,000;0,000;0,000;24,94;24,19;24,94;25,06;24,31;24,75;900;900;
2026-07-07 16:23:30;1610734;RUNNING;1;4;0,000;0,000;0,000;0,000;0,000;0,000;0,000;0,000;0,000;0,000;0,000;0,000;0,000;0,000;0,000;0,000;0,000;0,000;0,000;0,000;24,94;24,12;24,94;25,06;24,31;24,75;900;900;
2026-07-07 16:23:31;1611734;RUNNING;1;4;0,000;0,000;0,000;0,000;0,000;0,000;0,000;0,000;0,000;0,000;0,000;0,000;0,000;0,000;0,000;0,000;0,000;0,000;0,000;0,000;24,94;24,12;24,87;25,06;24,31;24,75;1200;600;
2026-07-07 16:23:32;1612734;RUNNING;1;4;0,000;0,000;0,000;0,000;0,000;0,000;0,000;0,000;0,000;0,000;0,000;0,000;0,000;0,000;0,000;0,000;0,000;0,000;0,000;0,000;24,94;24,12;24,94;25,06;24,31;24,75;900;600;
2026-07-07 16:23:33;1613734;RUNNING;1;4;0,000;0,000;0,000;0,000;0,000;0,000;0,000;0,000;0,000;0,000;0,000;0,000;0,000;0,000;0,000;0,000;0,000;0,000;0,000;0,000;24,94;24,12;24,94;25,06;24,31;24,75;600;900;
2026-07-07 16:23:34;1614734;RUNNING;1;4;0,000;0,000;0,000;0,000;0,000;0,000;0,000;0,000;0,000;0,000;0,000;0,000;0,000;0,000;0,000;0,000;0,000;0,000;0,000;0,000;24,94;24,12;24,94;25,00;24,31;24,75;600;1200;
2026-07-07 16:23:35;1615734;RUNNING;1;4;0,000;0,000;0,000;0,000;0,000;0,000;0,000;0,000;0,000;0,000;0,000;0,000;0,000;0,000;0,000;0,000;0,000;0,000;0,000;0,000;24,94;24,12;24,94;25,06;24,25;24,75;600;600;
2026-07-07 16:23:36;1616734;RUNNING;1;4;0,000;0,000;0,000;0,000;0,000;0,000;0,000;0,000;0,000;0,000;0,000;0,000;0,000;0,000;0,000;0,000;0,000;0,000;0,000;0,000;24,94;24,12;24,94;25,00;24,31;24,75;600;600;
2026-07-07 16:23:37;1617734;RUNNING;1;4;0,000;0,000;0,000;0,000;0,000;0,000;0,000;0,000;0,000;0,000;0,000;0,000;0,000;0,000;0,000;0,000;0,000;0,000;0,000;0,000;24,94;24,12;24,94;25,00;24,25;24,75;600;900;
2026-07-07 16:23:38;1618734;RUNNING;1;4;0,000;0,000;0,000;0,000;0,000;0,000;0,000;0,000;0,000;0,000;0,000;0,000;0,000;0,000;0,000;0,000;0,000;0,000;0,000;0,000;24,94;24,12;24,94;25,00;24,25;24,75;600;600;
2026-07-07 16:23:39;1619734;RUNNING;1;4;0,000;0,000;0,000;0,000;0,000;0,000;0,000;0,000;0,000;0,000;0,000;0,000;0,000;0,000;0,000;0,000;0,000;0,000;0,000;0,000;24,94;24,12;24,94;25,00;24,25;24,75;900;600;
2026-07-07 16:23:40;1620734;RUNNING;1;4;0,000;0,000;0,000;0,000;0,000;0,000;0,000;0,000;0,000;0,000;0,000;0,000;0,000;0,000;0,000;0,000;0,000;0,000;0,000;0,000;24,94;24,12;24,94;25,00;24,25;24,75;900;600;
2026-07-07 16:23:41;1621734;RUNNING;1;4;0,000;0,000;0,000;0,000;0,000;0,000;0,000;0,000;0,000;0,000;0,000;0,000;0,000;0,000;0,000;0,000;0,000;0,000;0,000;0,000;24,94;24,12;24,94;25,00;24,25;24,75;900;900;
2026-07-07 16:23:42;1622734;RUNNING;1;4;0,000;0,000;0,000;0,000;0,000;0,000;0,000;0,000;0,000;0,000;0,000;0,000;0,000;0,000;0,000;0,000;0,000;0,000;0,000;0,000;24,94;24,12;24,94;25,00;24,25;24,75;900;600;
2026-07-07 16:23:43;1623734;RUNNING;1;4;0,000;0,000;0,000;0,000;0,000;0,000;0,000;0,000;0,000;0,000;0,000;0,000;0,000;0,000;0,000;0,000;0,000;0,000;0,000;0,000;24,94;24,12;24,94;25,00;24,25;24,75;900;600;
2026-07-07 16:23:44;1624734;RUNNING;1;4;0,000;0,000;0,000;0,000;0,000;0,000;0,000;0,000;0,000;0,000;0,000;0,000;0,000;0,000;0,000;0,000;0,000;0,000;0,000;0,000;24,94;24,12;24,94;25,00;24,25;24,75;600;600;
2026-07-07 16:23:45;1625734;RUNNING;1;4;0,000;0,000;0,000;0,000;0,000;0,000;0,000;0,000;0,000;0,000;0,000;0,000;0,000;0,000;0,000;0,000;0,000;0,000;0,000;0,000;24,94;24,12;24,94;25,00;24,25;24,75;600;900;
2026-07-07 16:23:46;1626734;RUNNING;1;4;0,000;0,000;0,000;0,000;0,000;0,000;0,000;0,000;0,000;0,000;0,000;0,000;0,000;0,000;0,000;0,000;0,000;0,000;0,000;0,000;24,94;24,12;24,94;25,00;24,25;24,75;600;600;
2026-07-07 16:23:47;1627734;RUNNING;1;4;0,000;0,000;0,000;0,000;0,000;0,000;0,000;0,000;0,000;0,000;0,000;0,000;0,000;0,000;0,000;0,000;0,000;0,000;0,000;0,000;24,94;24,12;24,94;25,00;24,25;24,75;600;600;
2026-07-07 16:23:48;1628734;RUNNING;1;4;0,000;0,000;0,000;0,000;0,000;0,000;0,000;0,000;0,000;0,000;0,000;0,000;0,000;0,000;0,000;0,000;0,000;0,000;0,000;0,000;24,94;24,12;24,94;25,00;24,25;24,75;600;600;
2026-07-07 16:23:49;1629734;RUNNING;1;4;0,000;0,000;0,000;0,000;0,000;0,000;0,000;0,000;0,000;0,000;0,000;0,000;0,000;0,000;0,000;0,000;0,000;0,000;0,000;0,000;24,94;24,12;24,94;25,00;24,25;24,75;600;900;
2026-07-07 16:23:50;1630734;RUNNING;1;4;0,000;0,000;0,000;0,000;0,000;0,000;0,000;0,000;0,000;0,000;0,000;0,000;0,000;0,000;0,000;0,000;0,000;0,000;0,000;0,000;24,94;24,12;24,94;25,00;24,25;24,75;600;600;
2026-07-07 16:23:51;1631734;RUNNING;1;4;0,000;0,000;0,000;0,000;0,000;0,000;0,000;0,000;0,000;0,000;0,000;0,000;0,000;0,000;0,000;0,000;0,000;0,000;0,000;0,000;24,94;24,12;24,94;25,00;24,25;24,75;900;600;
2026-07-07 16:23:52;1632734;RUNNING;1;4;0,000;0,000;0,000;0,000;0,000;0,000;0,000;0,000;0,000;0,000;0,000;0,000;0,000;0,000;0,000;0,000;0,000;0,000;0,000;0,000;24,94;24,12;24,87;25,00;24,25;24,75;900;900;
2026-07-07 16:23:53;1633734;RUNNING;1;4;0,000;0,000;0,000;0,000;0,000;0,000;0,000;0,000;0,000;0,000;0,000;0,000;0,000;0,000;0,000;0,000;0,000;0,000;0,000;0,000;24,94;24,12;24,94;25,00;24,25;24,69;900;900;
2026-07-07 16:23:54;1634734;RUNNING;1;4;0,000;0,000;0,000;0,000;0,000;0,000;0,000;0,000;0,000;0,000;0,000;0,000;0,000;0,000;0,000;0,000;0,000;0,000;0,000;0,000;24,94;24,12;24,87;25,00;24,25;24,75;900;600;
2026-07-07 16:23:55;1635734;RUNNING;1;4;0,000;0,000;0,000;0,000;0,000;0,000;0,000;0,000;0,000;0,000;0,000;0,000;0,000;0,000;0,000;0,000;0,000;0,000;0,000;0,000;24,94;24,19;24,94;24,94;24,25;24,69;600;600;
2026-07-07 16:23:56;1636734;RUNNING;1;4;0,000;0,000;0,000;0,000;0,000;0,000;0,000;0,000;0,000;0,000;0,000;0,000;0,000;0,000;0,000;0,000;0,000;0,000;0,000;0,000;24,94;24,12;24,94;24,94;24,25;24,75;600;600;
2026-07-07 16:23:57;1637734;RUNNING;1;4;0,000;0,000;0,000;0,000;0,000;0,000;0,000;0,000;0,000;0,000;0,000;0,000;0,000;0,000;0,000;0,000;0,000;0,000;0,000;0,000;24,94;24,19;24,87;25,00;24,25;24,69;600;900;
2026-07-07 16:23:58;1638734;RUNNING;1;4;0,000;0,000;0,000;0,000;0,000;0,000;0,000;0,000;0,000;0,000;0,000;0,000;0,000;0,000;0,000;0,000;0,000;0,000;0,000;0,000;24,94;24,12;24,87;25,00;24,25;24,69;600;900;
2026-07-07 16:23:59;1639734;RUNNING;1;4;0,000;0,000;0,000;0,000;0,000;0,000;0,000;0,000;0,000;0,000;0,000;0,000;0,000;0,000;0,000;0,000;0,000;0,000;0,000;0,000;24,94;24,12;24,87;24,94;24,25;24,69;900;600;
2026-07-07 16:24:00;1640734;RUNNING;1;4;0,000;0,000;0,000;0,000;0,000;0,000;0,000;0,000;0,000;0,000;0,000;0,000;0,000;0,000;0,000;0,000;0,000;0,000;0,000;0,000;24,94;24,12;24,87;24,94;24,25;24,69;600;600;
2026-07-07 16:24:01;1641734;RUNNING;1;4;0,000;0,000;0,000;0,000;0,000;0,000;0,000;0,000;0,000;0,000;0,000;0,000;0,000;0,000;0,000;0,000;0,000;0,000;0,000;0,000;24,94;24,12;24,94;24,94;24,25;24,69;600;900;
2026-07-07 16:24:02;1642734;RUNNING;1;4;0,000;0,000;0,000;0,000;0,000;0,000;0,000;0,000;0,000;0,000;0,000;0,000;0,000;0,000;0,000;0,000;0,000;0,000;0,000;0,000;24,94;24,12;24,94;24,94;24,25;24,69;600;900;
2026-07-07 16:24:03;1643734;RUNNING;1;4;0,000;0,000;0,000;0,000;0,000;0,000;0,000;0,000;0,000;0,000;0,000;0,000;0,000;0,000;0,000;0,000;0,000;0,000;0,000;0,000;24,94;24,12;24,87;24,94;24,25;24,69;600;600;
2026-07-07 16:24:04;1644734;RUNNING;1;4;0,000;0,000;0,000;0,000;0,000;0,000;0,000;0,000;0,000;0,000;0,000;0,000;0,000;0,000;0,000;0,000;0,000;0,000;0,000;0,000;24,94;24,12;24,87;24,94;24,25;24,69;900;600;
2026-07-07 16:24:05;1645734;RUNNING;1;4;0,000;0,000;0,000;0,000;0,000;0,000;0,000;0,000;0,000;0,000;0,000;0,000;0,000;0,000;0,000;0,000;0,000;0,000;0,000;0,000;24,94;24,12;24,94;24,94;24,25;24,69;900;900;
2026-07-07 16:24:06;1646734;RUNNING;1;4;0,000;0,000;0,000;0,000;0,000;0,000;0,000;0,000;0,000;0,000;0,000;0,000;0,000;0,000;0,000;0,000;0,000;0,000;0,000;0,000;24,94;24,12;24,94;24,94;24,25;24,69;900;900;
2026-07-07 16:24:07;1647734;RUNNING;1;4;0,000;0,000;0,000;0,000;0,000;0,000;0,000;0,000;0,000;0,000;0,000;0,000;0,000;0,000;0,000;0,000;0,000;0,000;0,000;0,000;24,94;24,12;24,87;24,94;24,25;24,69;900;600;
2026-07-07 16:24:08;1648734;RUNNING;1;4;0,000;0,000;0,000;0,000;0,000;0,000;0,000;0,000;0,000;0,000;0,000;0,000;0,000;0,000;0,000;0,000;0,000;0,000;0,000;0,000;24,94;24,12;24,87;24,94;24,25;24,69;900;600;
2026-07-07 16:24:09;1649734;RUNNING;1;4;0,000;0,000;0,000;0,000;0,000;0,000;0,000;0,000;0,000;0,000;0,000;0,000;0,000;0,000;0,000;0,000;0,000;0,000;0,000;0,000;24,94;24,12;24,87;24,94;24,25;24,69;600;900;
2026-07-07 16:24:10;1650734;RUNNING;1;4;0,000;0,000;0,000;0,000;0,000;0,000;0,000;0,000;0,000;0,000;0,000;0,000;0,000;0,000;0,000;0,000;0,000;0,000;0,000;0,000;24,94;24,12;24,87;24,94;24,25;24,69;600;900;
2026-07-07 16:24:11;1651734;RUNNING;1;4;0,000;0,000;0,000;0,000;0,000;0,000;0,000;0,000;0,000;0,000;0,000;0,000;0,000;0,000;0,000;0,000;0,000;0,000;0,000;0,000;24,94;24,12;24,87;24,87;24,25;24,69;600;600;
2026-07-07 16:24:12;1652734;RUNNING;1;4;0,000;0,000;0,000;0,000;0,000;0,000;0,000;0,000;0,000;0,000;0,000;0,000;0,000;0,000;0,000;0,000;0,000;0,000;0,000;0,000;24,94;24,12;24,87;24,94;24,25;24,69;600;600;
2026-07-07 16:24:13;1653734;RUNNING;1;4;0,000;0,000;0,000;0,000;0,000;0,000;0,000;0,000;0,000;0,000;0,000;0,000;0,000;0,000;0,000;0,000;0,000;0,000;0,000;0,000;24,94;24,12;24,87;24,94;24,25;24,69;600;600;
2026-07-07 16:24:14;1654734;RUNNING;1;4;0,000;0,000;0,000;0,000;0,000;0,000;0,000;0,000;0,000;0,000;0,000;0,000;0,000;0,000;0,000;0,000;0,000;0,000;0,000;0,000;24,94;24,12;24,87;24,94;24,25;24,69;600;900;
2026-07-07 16:24:15;1655734;RUNNING;1;4;0,000;0,000;0,000;0,000;0,000;0,000;0,000;0,000;0,000;0,000;0,000;0,000;0,000;0,000;0,000;0,000;0,000;0,000;0,000;0,000;24,94;24,12;24,87;24,94;24,19;24,69;600;900;
2026-07-07 16:24:16;1656734;RUNNING;1;4;0,000;0,000;0,000;0,000;0,000;0,000;0,000;0,000;0,000;0,000;0,000;0,000;0,000;0,000;0,000;0,000;0,000;0,000;0,000;0,000;24,94;24,12;24,87;24,94;24,25;24,69;600;600;
2026-07-07 16:24:17;1657734;RUNNING;1;4;0,000;0,000;0,000;0,000;0,000;0,000;0,000;0,000;0,000;0,000;0,000;0,000;0,000;0,000;0,000;0,000;0,000;0,000;0,000;0,000;24,94;24,12;24,87;24,94;24,19;24,69;600;600;
2026-07-07 16:24:18;1658734;RUNNING;1;4;0,000;0,000;0,000;0,000;0,000;0,000;0,000;0,000;0,000;0,000;0,000;0,000;0,000;0,000;0,000;0,000;0,000;0,000;0,000;0,000;25,00;24,12;24,87;24,94;24,19;24,69;900;900;
2026-07-07 16:24:19;1659734;RUNNING;1;4;0,000;0,000;0,000;0,000;0,000;0,000;0,000;0,000;0,000;0,000;0,000;0,000;0,000;0,000;0,000;0,000;0,000;0,000;0,000;0,000;24,94;24,12;24,87;24,87;24,25;24,69;900;900;
2026-07-07 16:24:20;1660734;RUNNING;1;4;0,000;0,000;0,000;0,000;0,000;0,000;0,000;0,000;0,000;0,000;0,000;0,000;0,000;0,000;0,000;0,000;0,000;0,000;0,000;0,000;24,94;24,12;24,87;24,87;24,19;24,69;900;600;
2026-07-07 16:24:21;1661734;RUNNING;1;4;0,000;0,000;0,000;0,000;0,000;0,000;0,000;0,000;0,000;0,000;0,000;0,000;0,000;0,000;0,000;0,000;0,000;0,000;0,000;0,000;24,94;24,12;24,87;24,87;24,19;24,69;900;600;
2026-07-07 16:24:22;1662734;RUNNING;1;4;0,000;0,000;0,000;0,000;0,000;0,000;0,000;0,000;0,000;0,000;0,000;0,000;0,000;0,000;0,000;0,000;0,000;0,000;0,000;0,000;24,94;24,12;24,87;24,87;24,19;24,69;900;900;
2026-07-07 16:24:23;1663734;RUNNING;1;4;0,000;0,000;0,000;0,000;0,000;0,000;0,000;0,000;0,000;0,000;0,000;0,000;0,000;0,000;0,000;0,000;0,000;0,000;0,000;0,000;24,94;24,12;24,87;24,87;24,19;24,62;900;900;
2026-07-07 16:24:24;1664734;RUNNING;1;4;0,000;0,000;0,000;0,000;0,000;0,000;0,000;0,000;0,000;0,000;0,000;0,000;0,000;0,000;0,000;0,000;0,000;0,000;0,000;0,000;24,94;24,12;24,87;24,87;24,19;24,62;900;600;
2026-07-07 16:24:25;1665734;RUNNING;1;4;0,000;0,000;0,000;0,000;0,000;0,000;0,000;0,000;0,000;0,000;0,000;0,000;0,000;0,000;0,000;0,000;0,000;0,000;0,000;0,000;24,94;24,12;24,87;24,87;24,19;24,62;900;600;
2026-07-07 16:24:26;1666734;RUNNING;1;4;0,000;0,000;0,000;0,000;0,000;0,000;0,000;0,000;0,000;0,000;0,000;0,000;0,000;0,000;0,000;0,000;0,000;0,000;0,000;0,000;24,94;24,12;24,87;24,87;24,19;24,62;900;600;
2026-07-07 16:24:27;1667734;RUNNING;1;4;0,000;0,000;0,000;0,000;0,000;0,000;0,000;0,000;0,000;0,000;0,000;0,000;0,000;0,000;0,000;0,000;0,000;0,000;0,000;0,000;24,94;24,12;24,87;24,87;24,19;24,62;900;900;
2026-07-07 16:24:28;1668734;RUNNING;1;4;0,000;0,000;0,000;0,000;0,000;0,000;0,000;0,000;0,000;0,000;0,000;0,000;0,000;0,000;0,000;0,000;0,000;0,000;0,000;0,000;24,94;24,12;24,87;24,87;24,19;24,62;900;600;
2026-07-07 16:24:29;1669734;RUNNING;1;4;0,000;0,000;0,000;0,000;0,000;0,000;0,000;0,000;0,000;0,000;0,000;0,000;0,000;0,000;0,000;0,000;0,000;0,000;0,000;0,000;24,94;24,12;24,87;24,87;24,19;24,62;900;600;
2026-07-07 16:24:30;1670734;RUNNING;1;4;0,000;0,000;0,000;0,000;0,000;0,000;0,000;0,000;0,000;0,000;0,000;0,000;0,000;0,000;0,000;0,000;0,000;0,000;0,000;0,000;24,94;24,12;24,87;24,87;24,19;24,62;900;600;
2026-07-07 16:24:31;1671734;RUNNING;1;4;0,000;0,000;0,000;0,000;0,000;0,000;0,000;0,000;0,000;0,000;0,000;0,000;0,000;0,000;0,000;0,000;0,000;0,000;0,000;0,000;24,94;24,12;24,87;24,87;24,19;24,62;900;900;
2026-07-07 16:24:32;1672734;RUNNING;1;4;0,000;0,000;0,000;0,000;0,000;0,000;0,000;0,000;0,000;0,000;0,000;0,000;0,000;0,000;0,000;0,000;0,000;0,000;0,000;0,000;24,94;24,12;24,87;24,87;24,19;24,62;900;900;
2026-07-07 16:24:33;1673734;RUNNING;1;4;0,000;0,000;0,000;0,000;0,000;0,000;0,000;0,000;0,000;0,000;0,000;0,000;0,000;0,000;0,000;0,000;0,000;0,000;0,000;0,000;24,94;24,12;24,87;24,87;24,19;24,62;900;600;
2026-07-07 16:24:34;1674734;RUNNING;1;4;0,000;0,000;0,000;0,000;0,000;0,000;0,000;0,000;0,000;0,000;0,000;0,000;0,000;0,000;0,000;0,000;0,000;0,000;0,000;0,000;24,94;24,06;24,87;24,87;24,19;24,62;600;600;
2026-07-07 16:24:35;1675734;RUNNING;1;4;0,000;0,000;0,000;0,000;0,000;0,000;0,000;0,000;0,000;0,000;0,000;0,000;0,000;0,000;0,000;0,000;0,000;0,000;0,000;0,000;24,94;24,12;24,87;24,81;24,19;24,62;600;600;
2026-07-07 16:24:36;1676734;RUNNING;1;4;0,000;0,000;0,000;0,000;0,000;0,000;0,000;0,000;0,000;0,000;0,000;0,000;0,000;0,000;0,000;0,000;0,000;0,000;0,000;0,000;24,94;24,12;24,87;24,87;24,19;24,62;600;900;
2026-07-07 16:24:37;1677734;RUNNING;1;4;0,000;0,000;0,000;0,000;0,000;0,000;0,000;0,000;0,000;0,000;0,000;0,000;0,000;0,000;0,000;0,000;0,000;0,000;0,000;0,000;24,94;24,12;24,87;24,81;24,12;24,62;600;900;
2026-07-07 16:24:38;1678734;RUNNING;1;4;0,000;0,000;0,000;0,000;0,000;0,000;0,000;0,000;0,000;0,000;0,000;0,000;0,000;0,000;0,000;0,000;0,000;0,000;0,000;0,000;24,94;24,12;24,87;24,87;24,19;24,62;600;600;
2026-07-07 16:24:39;1679734;RUNNING;1;4;0,000;0,000;0,000;0,000;0,000;0,000;0,000;0,000;0,000;0,000;0,000;0,000;0,000;0,000;0,000;0,000;0,000;0,000;0,000;0,000;24,94;24,12;24,87;24,87;24,19;24,62;600;600;
2026-07-07 16:24:40;1680734;RUNNING;1;4;0,000;0,000;0,000;0,000;0,000;0,000;0,000;0,000;0,000;0,000;0,000;0,000;0,000;0,000;0,000;0,000;0,000;0,000;0,000;0,000;24,94;24,12;24,81;24,87;24,19;24,62;600;900;
2026-07-07 16:24:41;1681734;RUNNING;1;4;0,000;0,000;0,000;0,000;0,000;0,000;0,000;0,000;0,000;0,000;0,000;0,000;0,000;0,000;0,000;0,000;0,000;0,000;0,000;0,000;24,94;24,12;24,87;24,81;24,12;24,62;600;900;
2026-07-07 16:24:42;1682734;RUNNING;1;4;0,000;0,000;0,000;0,000;0,000;0,000;0,000;0,000;0,000;0,000;0,000;0,000;0,000;0,000;0,000;0,000;0,000;0,000;0,000;0,000;24,94;24,12;24,81;24,81;24,12;24,62;600;600;
2026-07-07 16:24:43;1683734;RUNNING;1;4;0,000;0,000;0,000;0,000;0,000;0,000;0,000;0,000;0,000;0,000;0,000;0,000;0,000;0,000;0,000;0,000;0,000;0,000;0,000;0,000;24,94;24,06;24,87;24,81;24,12;24,62;600;600;
2026-07-07 16:24:44;1684734;RUNNING;1;4;0,000;0,000;0,000;0,000;0,000;0,000;0,000;0,000;0,000;0,000;0,000;0,000;0,000;0,000;0,000;0,000;0,000;0,000;0,000;0,000;24,94;24,06;24,87;24,81;24,12;24,62;600;600;
2026-07-07 16:24:45;1685734;RUNNING;1;4;0,000;0,000;0,000;0,000;0,000;0,000;0,000;0,000;0,000;0,000;0,000;0,000;0,000;0,000;0,000;0,000;0,000;0,000;0,000;0,000;24,94;24,12;24,87;24,81;24,12;24,62;600;900;
2026-07-07 16:24:46;1686734;RUNNING;1;4;0,000;0,000;0,000;0,000;0,000;0,000;0,000;0,000;0,000;0,000;0,000;0,000;0,000;0,000;0,000;0,000;0,000;0,000;0,000;0,000;24,94;24,12;24,81;24,81;24,12;24,56;900;900;
2026-07-07 16:24:47;1687734;RUNNING;1;4;0,000;0,000;0,000;0,000;0,000;0,000;0,000;0,000;0,000;0,000;0,000;0,000;0,000;0,000;0,000;0,000;0,000;0,000;0,000;0,000;24,94;24,12;24,87;24,81;24,12;24,62;600;600;
2026-07-07 16:24:48;1688734;RUNNING;1;4;0,000;0,000;0,000;0,000;0,000;0,000;0,000;0,000;0,000;0,000;0,000;0,000;0,000;0,000;0,000;0,000;0,000;0,000;0,000;0,000;24,94;24,12;24,87;24,81;24,12;24,56;600;600;
2026-07-07 16:24:49;1689734;RUNNING;1;4;0,000;0,000;0,000;0,000;0,000;0,000;0,000;0,000;0,000;0,000;0,000;0,000;0,000;0,000;0,000;0,000;0,000;0,000;0,000;0,000;24,94;24,06;24,87;24,81;24,12;24,56;600;600;
2026-07-07 16:24:50;1690734;RUNNING;1;4;0,000;0,000;0,000;0,000;0,000;0,000;0,000;0,000;0,000;0,000;0,000;0,000;0,000;0,000;0,000;0,000;0,000;0,000;0,000;0,000;24,94;24,12;24,87;24,81;24,12;24,56;600;900;
2026-07-07 16:24:51;1691734;RUNNING;1;4;0,000;0,000;0,000;0,000;0,000;0,000;0,000;0,000;0,000;0,000;0,000;0,000;0,000;0,000;0,000;0,000;0,000;0,000;0,000;0,000;24,94;24,06;24,87;24,81;24,12;24,56;600;900;
2026-07-07 16:24:52;1692734;RUNNING;1;4;0,000;0,000;0,000;0,000;0,000;0,000;0,000;0,000;0,000;0,000;0,000;0,000;0,000;0,000;0,000;0,000;0,000;0,000;0,000;0,000;24,94;24,12;24,87;24,81;24,12;24,56;900;600;
2026-07-07 16:24:53;1693734;RUNNING;1;4;0,000;0,000;0,000;0,000;0,000;0,000;0,000;0,000;0,000;0,000;0,000;0,000;0,000;0,000;0,000;0,000;0,000;0,000;0,000;0,000;24,94;24,06;24,87;24,81;24,12;24,56;900;600;
2026-07-07 16:24:54;1694734;RUNNING;1;4;0,000;0,000;0,000;0,000;0,000;0,000;0,000;0,000;0,000;0,000;0,000;0,000;0,000;0,000;0,000;0,000;0,000;0,000;0,000;0,000;24,94;24,06;24,87;24,81;24,12;24,56;900;600;
2026-07-07 16:24:55;1695734;RUNNING;1;4;0,000;0,000;0,000;0,000;0,000;0,000;0,000;0,000;0,000;0,000;0,000;0,000;0,000;0,000;0,000;0,000;0,000;0,000;0,000;0,000;24,94;24,06;24,87;24,81;24,12;24,56;900;900;
2026-07-07 16:24:56;1696734;RUNNING;1;4;0,000;0,000;0,000;0,000;0,000;0,000;0,000;0,000;0,000;0,000;0,000;0,000;0,000;0,000;0,000;0,000;0,000;0,000;0,000;0,000;24,94;24,06;24,81;24,81;24,12;24,56;900;900;
2026-07-07 16:24:57;1697734;RUNNING;1;4;0,000;0,000;0,000;0,000;0,000;0,000;0,000;0,000;0,000;0,000;0,000;0,000;0,000;0,000;0,000;0,000;0,000;0,000;0,000;0,000;24,94;24,06;24,81;24,81;24,12;24,56;900;600;
2026-07-07 16:24:58;1698734;RUNNING;1;4;0,000;0,000;0,000;0,000;0,000;0,000;0,000;0,000;0,000;0,000;0,000;0,000;0,000;0,000;0,000;0,000;0,000;0,000;0,000;0,000;24,94;24,06;24,81;24,81;24,12;24,56;900;600;
2026-07-07 16:24:59;1699734;RUNNING;1;4;0,000;0,000;0,000;0,000;0,000;0,000;0,000;0,000;0,000;0,000;0,000;0,000;0,000;0,000;0,000;0,000;0,000;0,000;0,000;0,000;24,94;24,06;24,87;24,81;24,12;24,56;900;600;
2026-07-07 16:25:00;1700734;RUNNING;1;4;0,000;0,000;0,000;0,000;0,000;0,000;0,000;0,000;0,000;0,000;0,000;0,000;0,000;0,000;0,000;0,000;0,000;0,000;0,000;0,000;24,94;24,06;24,81;24,81;24,12;24,56;900;900;
2026-07-07 16:25:01;1701734;RUNNING;1;4;0,000;0,000;0,000;0,000;0,000;0,000;0,000;0,000;0,000;0,000;0,000;0,000;0,000;0,000;0,000;0,000;0,000;0,000;0,000;0,000;24,94;24,06;24,81;24,81;24,12;24,56;900;900;
2026-07-07 16:25:02;1702734;RUNNING;1;4;0,000;0,000;0,000;0,000;0,000;0,000;0,000;0,000;0,000;0,000;0,000;0,000;0,000;0,000;0,000;0,000;0,000;0,000;0,000;0,000;24,94;24,06;24,81;24,81;24,06;24,56;600;600;
2026-07-07 16:25:03;1703734;RUNNING;1;4;0,000;0,000;0,000;0,000;0,000;0,000;0,000;0,000;0,000;0,000;0,000;0,000;0,000;0,000;0,000;0,000;0,000;0,000;0,000;0,000;24,94;24,06;24,81;24,75;24,06;24,56;600;600;
2026-07-07 16:25:04;1704734;RUNNING;1;4;0,000;0,000;0,000;0,000;0,000;0,000;0,000;0,000;0,000;0,000;0,000;0,000;0,000;0,000;0,000;0,000;0,000;0,000;0,000;0,000;24,94;24,06;24,81;24,75;24,06;24,56;600;900;
2026-07-07 16:25:05;1705734;RUNNING;1;4;0,000;0,000;0,000;0,000;0,000;0,000;0,000;0,000;0,000;0,000;0,000;0,000;0,000;0,000;0,000;0,000;0,000;0,000;0,000;0,000;24,94;24,06;24,81;24,75;24,06;24,50;600;900;
2026-07-07 16:25:06;1706734;RUNNING;1;4;0,000;0,000;0,000;0,000;0,000;0,000;0,000;0,000;0,000;0,000;0,000;0,000;0,000;0,000;0,000;0,000;0,000;0,000;0,000;0,000;24,94;24,06;24,81;24,81;24,12;24,50;600;600;
2026-07-07 16:25:07;1707734;RUNNING;1;4;0,000;0,000;0,000;0,000;0,000;0,000;0,000;0,000;0,000;0,000;0,000;0,000;0,000;0,000;0,000;0,000;0,000;0,000;0,000;0,000;24,94;24,06;24,81;24,75;24,06;24,56;600;600;
2026-07-07 16:25:08;1708734;RUNNING;1;4;0,000;0,000;0,000;0,000;0,000;0,000;0,000;0,000;0,000;0,000;0,000;0,000;0,000;0,000;0,000;0,000;0,000;0,000;0,000;0,000;24,94;24,06;24,81;24,75;24,06;24,50;600;600;
2026-07-07 16:25:09;1709734;RUNNING;1;4;0,000;0,000;0,000;0,000;0,000;0,000;0,000;0,000;0,000;0,000;0,000;0,000;0,000;0,000;0,000;0,000;0,000;0,000;0,000;0,000;24,94;24,06;24,81;24,75;24,06;24,56;600;900;
2026-07-07 16:25:10;1710734;RUNNING;1;4;0,000;0,000;0,000;0,000;0,000;0,000;0,000;0,000;0,000;0,000;0,000;0,000;0,000;0,000;0,000;0,000;0,000;0,000;0,000;0,000;24,94;24,06;24,81;24,75;24,06;24,50;600;900;
2026-07-07 16:25:11;1711734;RUNNING;1;4;0,000;0,000;0,000;0,000;0,000;0,000;0,000;0,000;0,000;0,000;0,000;0,000;0,000;0,000;0,000;0,000;0,000;0,000;0,000;0,000;24,94;24,06;24,81;24,75;24,06;24,50;600;600;
2026-07-07 16:25:12;1712734;RUNNING;1;4;0,000;0,000;0,000;0,000;0,000;0,000;0,000;0,000;0,000;0,000;0,000;0,000;0,000;0,000;0,000;0,000;0,000;0,000;0,000;0,000;24,94;24,06;24,81;24,75;24,06;24,56;600;600;
2026-07-07 16:25:13;1713734;RUNNING;1;4;0,000;0,000;0,000;0,000;0,000;0,000;0,000;0,000;0,000;0,000;0,000;0,000;0,000;0,000;0,000;0,000;0,000;0,000;0,000;0,000;24,94;24,06;24,81;24,75;24,06;24,50;600;600;
2026-07-07 16:25:14;1714734;RUNNING;1;4;0,000;0,000;0,000;0,000;0,000;0,000;0,000;0,000;0,000;0,000;0,000;0,000;0,000;0,000;0,000;0,000;0,000;0,000;0,000;0,000;24,94;24,06;24,81;24,75;24,06;24,50;600;900;
2026-07-07 16:25:15;1715734;RUNNING;1;4;0,000;0,000;0,000;0,000;0,000;0,000;0,000;0,000;0,000;0,000;0,000;0,000;0,000;0,000;0,000;0,000;0,000;0,000;0,000;0,000;24,94;24,06;24,81;24,75;24,06;24,50;600;900;
2026-07-07 16:25:16;1716734;RUNNING;1;4;0,000;0,000;0,000;0,000;0,000;0,000;0,000;0,000;0,000;0,000;0,000;0,000;0,000;0,000;0,000;0,000;0,000;0,000;0,000;0,000;24,94;24,06;24,81;24,75;24,06;24,50;600;600;
2026-07-07 16:25:17;1717734;RUNNING;1;4;0,000;0,000;0,000;0,000;0,000;0,000;0,000;0,000;0,000;0,000;0,000;0,000;0,000;0,000;0,000;0,000;0,000;0,000;0,000;0,000;24,94;24,06;24,81;24,75;24,06;24,50;900;600;
2026-07-07 16:25:18;1718734;RUNNING;1;4;0,000;0,000;0,000;0,000;0,000;0,000;0,000;0,000;0,000;0,000;0,000;0,000;0,000;0,000;0,000;0,000;0,000;0,000;0,000;0,000;24,94;24,06;24,81;24,75;24,06;24,50;900;900;
2026-07-07 16:25:19;1719734;RUNNING;1;4;0,000;0,000;0,000;0,000;0,000;0,000;0,000;0,000;0,000;0,000;0,000;0,000;0,000;0,000;0,000;0,000;0,000;0,000;0,000;0,000;24,94;24,06;24,81;24,75;24,06;24,50;900;900;
2026-07-07 16:25:20;1720734;RUNNING;1;4;0,000;0,000;0,000;0,000;0,000;0,000;0,000;0,000;0,000;0,000;0,000;0,000;0,000;0,000;0,000;0,000;0,000;0,000;0,000;0,000;24,94;24,06;24,81;24,75;24,06;24,50;900;600;
2026-07-07 16:25:21;1721734;RUNNING;1;4;0,000;0,000;0,000;0,000;0,000;0,000;0,000;0,000;0,000;0,000;0,000;0,000;0,000;0,000;0,000;0,000;0,000;0,000;0,000;0,000;24,94;24,06;24,81;24,75;24,06;24,50;900;600;
2026-07-07 16:25:22;1722734;RUNNING;1;4;0,000;0,000;0,000;0,000;0,000;0,000;0,000;0,000;0,000;0,000;0,000;0,000;0,000;0,000;0,000;0,000;0,000;0,000;0,000;0,000;24,94;24,06;24,81;24,75;24,06;24,50;900;600;
2026-07-07 16:25:23;1723734;RUNNING;1;4;0,000;0,000;0,000;0,000;0,000;0,000;0,000;0,000;0,000;0,000;0,000;0,000;0,000;0,000;0,000;0,000;0,000;0,000;0,000;0,000;24,94;24,06;24,81;24,75;24,06;24,50;900;900;
2026-07-07 16:25:24;1724734;RUNNING;1;4;0,000;0,000;0,000;0,000;0,000;0,000;0,000;0,000;0,000;0,000;0,000;0,000;0,000;0,000;0,000;0,000;0,000;0,000;0,000;0,000;24,94;24,06;24,81;24,75;24,06;24,50;600;900;
2026-07-07 16:25:25;1725734;RUNNING;1;4;0,000;0,000;0,000;0,000;0,000;0,000;0,000;0,000;0,000;0,000;0,000;0,000;0,000;0,000;0,000;0,000;0,000;0,000;0,000;0,000;24,94;24,06;24,81;24,69;24,06;24,50;600;600;
2026-07-07 16:25:26;1726734;RUNNING;1;4;0,000;0,000;0,000;0,000;0,000;0,000;0,000;0,000;0,000;0,000;0,000;0,000;0,000;0,000;0,000;0,000;0,000;0,000;0,000;0,000;24,94;24,06;24,81;24,75;24,06;24,50;600;600;
2026-07-07 16:25:27;1727734;RUNNING;1;4;0,000;0,000;0,000;0,000;0,000;0,000;0,000;0,000;0,000;0,000;0,000;0,000;0,000;0,000;0,000;0,000;0,000;0,000;0,000;0,000;24,94;24,06;24,81;24,75;24,06;24,50;600;600;
2026-07-07 16:25:28;1728734;RUNNING;1;4;0,000;0,000;0,000;0,000;0,000;0,000;0,000;0,000;0,000;0,000;0,000;0,000;0,000;0,000;0,000;0,000;0,000;0,000;0,000;0,000;24,94;24,06;24,81;24,75;24,06;24,50;600;900;
2026-07-07 16:25:29;1729734;RUNNING;1;4;0,000;0,000;0,000;0,000;0,000;0,000;0,000;0,000;0,000;0,000;0,000;0,000;0,000;0,000;0,000;0,000;0,000;0,000;0,000;0,000;24,94;24,06;24,81;24,75;24,06;24,50;600;900;
2026-07-07 16:25:30;1730734;RUNNING;1;4;0,000;0,000;0,000;0,000;0,000;0,000;0,000;0,000;0,000;0,000;0,000;0,000;0,000;0,000;0,000;0,000;0,000;0,000;0,000;0,000;24,94;24,06;24,81;24,75;24,06;24,50;600;600;
2026-07-07 16:25:31;1731734;RUNNING;1;4;0,000;0,000;0,000;0,000;0,000;0,000;0,000;0,000;0,000;0,000;0,000;0,000;0,000;0,000;0,000;0,000;0,000;0,000;0,000;0,000;24,94;24,06;24,81;24,75;24,06;24,50;600;600;
2026-07-07 16:25:32;1732734;RUNNING;1;4;0,000;0,000;0,000;0,000;0,000;0,000;0,000;0,000;0,000;0,000;0,000;0,000;0,000;0,000;0,000;0,000;0,000;0,000;0,000;0,000;24,94;24,06;24,81;24,75;24,06;24,50;600;600;
2026-07-07 16:25:33;1733734;RUNNING;1;4;0,000;0,000;0,000;0,000;0,000;0,000;0,000;0,000;0,000;0,000;0,000;0,000;0,000;0,000;0,000;0,000;0,000;0,000;0,000;0,000;24,94;24,06;24,81;24,75;24,06;24,50;600;900;
2026-07-07 16:25:34;1734734;RUNNING;1;4;0,000;0,000;0,000;0,000;0,000;0,000;0,000;0,000;0,000;0,000;0,000;0,000;0,000;0,000;0,000;0,000;0,000;0,000;0,000;0,000;24,94;24,06;24,81;24,75;24,06;24,50;900;900;
2026-07-07 16:25:35;1735734;RUNNING;1;4;0,000;0,000;0,000;0,000;0,000;0,000;0,000;0,000;0,000;0,000;0,000;0,000;0,000;0,000;0,000;0,000;0,000;0,000;0,000;0,000;24,94;24,00;24,81;24,69;24,06;24,50;900;600;
2026-07-07 16:25:36;1736734;RUNNING;1;4;0,000;0,000;0,000;0,000;0,000;0,000;0,000;0,000;0,000;0,000;0,000;0,000;0,000;0,000;0,000;0,000;0,000;0,000;0,000;0,000;24,94;24,06;24,81;24,69;24,06;24,50;900;900;
2026-07-07 16:25:37;1737734;RUNNING;1;4;0,000;0,000;0,000;0,000;0,000;0,000;0,000;0,000;0,000;0,000;0,000;0,000;0,000;0,000;0,000;0,000;0,000;0,000;0,000;0,000;24,94;24,06;24,81;24,69;24,06;24,50;900;600;
2026-07-07 16:25:38;1738734;RUNNING;1;4;0,000;0,000;0,000;0,000;0,000;0,000;0,000;0,000;0,000;0,000;0,000;0,000;0,000;0,000;0,000;0,000;0,000;0,000;0,000;0,000;24,94;24,06;24,75;24,69;24,06;24,50;900;900;
2026-07-07 16:25:39;1739734;RUNNING;1;4;0,000;0,000;0,000;0,000;0,000;0,000;0,000;0,000;0,000;0,000;0,000;0,000;0,000;0,000;0,000;0,000;0,000;0,000;0,000;0,000;24,94;24,00;24,81;24,69;24,06;24,50;900;900;
2026-07-07 16:25:40;1740734;RUNNING;1;4;0,000;0,000;0,000;0,000;0,000;0,000;0,000;0,000;0,000;0,000;0,000;0,000;0,000;0,000;0,000;0,000;0,000;0,000;0,000;0,000;24,94;24,06;24,81;24,69;24,06;24,50;600;600;
2026-07-07 16:25:41;1741734;RUNNING;1;4;0,000;0,000;0,000;0,000;0,000;0,000;0,000;0,000;0,000;0,000;0,000;0,000;0,000;0,000;0,000;0,000;0,000;0,000;0,000;0,000;24,94;24,06;24,75;24,69;24,06;24,50;600;600;
2026-07-07 16:25:42;1742734;RUNNING;1;4;0,000;0,000;0,000;0,000;0,000;0,000;0,000;0,000;0,000;0,000;0,000;0,000;0,000;0,000;0,000;0,000;0,000;0,000;0,000;0,000;24,94;24,06;24,75;24,69;24,06;24,50;600;600;
2026-07-07 16:25:43;1743734;RUNNING;1;4;0,000;0,000;0,000;0,000;0,000;0,000;0,000;0,000;0,000;0,000;0,000;0,000;0,000;0,000;0,000;0,000;0,000;0,000;0,000;0,000;24,94;24,06;24,75;24,69;24,06;24,44;600;900;
2026-07-07 16:25:44;1744734;RUNNING;1;4;0,000;0,000;0,000;0,000;0,000;0,000;0,000;0,000;0,000;0,000;0,000;0,000;0,000;0,000;0,000;0,000;0,000;0,000;0,000;0,000;24,94;24,00;24,75;24,69;24,06;24,44;600;900;
2026-07-07 16:25:45;1745734;RUNNING;1;4;0,000;0,000;0,000;0,000;0,000;0,000;0,000;0,000;0,000;0,000;0,000;0,000;0,000;0,000;0,000;0,000;0,000;0,000;0,000;0,000;24,87;24,06;24,75;24,69;24,06;24,50;600;600;
2026-07-07 16:25:46;1746734;RUNNING;1;4;0,000;0,000;0,000;0,000;0,000;0,000;0,000;0,000;0,000;0,000;0,000;0,000;0,000;0,000;0,000;0,000;0,000;0,000;0,000;0,000;24,94;24,06;24,75;24,69;24,06;24,44;600;600;
2026-07-07 16:25:47;1747734;RUNNING;1;4;0,000;0,000;0,000;0,000;0,000;0,000;0,000;0,000;0,000;0,000;0,000;0,000;0,000;0,000;0,000;0,000;0,000;0,000;0,000;0,000;24,87;24,06;24,75;24,69;24,06;24,50;900;600;
2026-07-07 16:25:48;1748734;RUNNING;1;4;0,000;0,000;0,000;0,000;0,000;0,000;0,000;0,000;0,000;0,000;0,000;0,000;0,000;0,000;0,000;0,000;0,000;0,000;0,000;0,000;24,94;24,00;24,75;24,69;24,06;24,44;900;900;
2026-07-07 16:25:49;1749734;RUNNING;1;4;0,000;0,000;0,000;0,000;0,000;0,000;0,000;0,000;0,000;0,000;0,000;0,000;0,000;0,000;0,000;0,000;0,000;0,000;0,000;0,000;24,94;24,00;24,75;24,69;24,06;24,50;900;900;
2026-07-07 16:25:50;1750734;RUNNING;1;4;0,000;0,000;0,000;0,000;0,000;0,000;0,000;0,000;0,000;0,000;0,000;0,000;0,000;0,000;0,000;0,000;0,000;0,000;0,000;0,000;24,87;24,06;24,75;24,69;24,06;24,50;600;600;
2026-07-07 16:25:51;1751734;RUNNING;1;4;0,000;0,000;0,000;0,000;0,000;0,000;0,000;0,000;0,000;0,000;0,000;0,000;0,000;0,000;0,000;0,000;0,000;0,000;0,000;0,000;24,87;24,06;24,75;24,69;24,00;24,50;600;600;
2026-07-07 16:25:52;1752734;RUNNING;1;4;0,000;0,000;0,000;0,000;0,000;0,000;0,000;0,000;0,000;0,000;0,000;0,000;0,000;0,000;0,000;0,000;0,000;0,000;0,000;0,000;24,94;24,06;24,75;24,69;24,06;24,44;600;600;
2026-07-07 16:25:53;1753734;RUNNING;1;4;0,000;0,000;0,000;0,000;0,000;0,000;0,000;0,000;0,000;0,000;0,000;0,000;0,000;0,000;0,000;0,000;0,000;0,000;0,000;0,000;24,94;24,00;24,75;24,69;24,00;24,44;600;900;
2026-07-07 16:25:54;1754734;RUNNING;1;4;0,000;0,000;0,000;0,000;0,000;0,000;0,000;0,000;0,000;0,000;0,000;0,000;0,000;0,000;0,000;0,000;0,000;0,000;0,000;0,000;24,94;24,00;24,75;24,69;24,00;24,44;600;900;
2026-07-07 16:25:55;1755734;RUNNING;1;4;0,000;0,000;0,000;0,000;0,000;0,000;0,000;0,000;0,000;0,000;0,000;0,000;0,000;0,000;0,000;0,000;0,000;0,000;0,000;0,000;24,94;24,06;24,75;24,69;24,00;24,44;600;600;
2026-07-07 16:25:56;1756734;RUNNING;1;4;0,000;0,000;0,000;0,000;0,000;0,000;0,000;0,000;0,000;0,000;0,000;0,000;0,000;0,000;0,000;0,000;0,000;0,000;0,000;0,000;24,94;24,00;24,75;24,69;24,00;24,44;900;600;
2026-07-07 16:25:57;1757734;RUNNING;1;4;0,000;0,000;0,000;0,000;0,000;0,000;0,000;0,000;0,000;0,000;0,000;0,000;0,000;0,000;0,000;0,000;0,000;0,000;0,000;0,000;24,94;24,00;24,75;24,69;24,00;24,44;900;600;
2026-07-07 16:25:58;1758734;RUNNING;1;4;0,000;0,000;0,000;0,000;0,000;0,000;0,000;0,000;0,000;0,000;0,000;0,000;0,000;0,000;0,000;0,000;0,000;0,000;0,000;0,000;24,87;24,00;24,75;24,69;24,00;24,44;900;900;
2026-07-07 16:25:59;1759734;RUNNING;1;4;0,000;0,000;0,000;0,000;0,000;0,000;0,000;0,000;0,000;0,000;0,000;0,000;0,000;0,000;0,000;0,000;0,000;0,000;0,000;0,000;24,87;24,00;24,75;24,69;24,00;24,44;900;900;
2026-07-07 16:26:00;1760734;RUNNING;1;4;0,000;0,000;0,000;0,000;0,000;0,000;0,000;0,000;0,000;0,000;0,000;0,000;0,000;0,000;0,000;0,000;0,000;0,000;0,000;0,000;24,94;24,00;24,75;24,69;24,00;24,44;600;600;
2026-07-07 16:26:01;1761734;RUNNING;1;4;0,000;0,000;0,000;0,000;0,000;0,000;0,000;0,000;0,000;0,000;0,000;0,000;0,000;0,000;0,000;0,000;0,000;0,000;0,000;0,000;24,94;24,00;24,75;24,69;24,00;24,44;600;600;
2026-07-07 16:26:02;1762734;RUNNING;1;4;0,000;0,000;0,000;0,000;0,000;0,000;0,000;0,000;0,000;0,000;0,000;0,000;0,000;0,000;0,000;0,000;0,000;0,000;0,000;0,000;24,94;24,00;24,75;24,69;24,00;24,44;600;600;
2026-07-07 16:26:03;1763734;RUNNING;1;4;0,000;0,000;0,000;0,000;0,000;0,000;0,000;0,000;0,000;0,000;0,000;0,000;0,000;0,000;0,000;0,000;0,000;0,000;0,000;0,000;24,94;24,00;24,75;24,69;24,00;24,44;600;900;
2026-07-07 16:26:04;1764734;RUNNING;1;4;0,000;0,000;0,000;0,000;0,000;0,000;0,000;0,000;0,000;0,000;0,000;0,000;0,000;0,000;0,000;0,000;0,000;0,000;0,000;0,000;24,94;24,00;24,75;24,69;24,00;24,44;900;900;
2026-07-07 16:26:05;1765734;RUNNING;1;4;0,000;0,000;0,000;0,000;0,000;0,000;0,000;0,000;0,000;0,000;0,000;0,000;0,000;0,000;0,000;0,000;0,000;0,000;0,000;0,000;24,94;24,00;24,75;24,69;24,00;24,44;900;600;
2026-07-07 16:26:06;1766734;RUNNING;1;4;0,000;0,000;0,000;0,000;0,000;0,000;0,000;0,000;0,000;0,000;0,000;0,000;0,000;0,000;0,000;0,000;0,000;0,000;0,000;0,000;24,87;24,00;24,75;24,69;24,00;24,44;900;600;
2026-07-07 16:26:07;1767734;RUNNING;1;4;0,000;0,000;0,000;0,000;0,000;0,000;0,000;0,000;0,000;0,000;0,000;0,000;0,000;0,000;0,000;0,000;0,000;0,000;0,000;0,000;24,87;24,00;24,75;24,69;24,00;24,44;900;600;
2026-07-07 16:26:08;1768734;RUNNING;1;4;0,000;0,000;0,000;0,000;0,000;0,000;0,000;0,000;0,000;0,000;0,000;0,000;0,000;0,000;0,000;0,000;0,000;0,000;0,000;0,000;24,94;24,00;24,75;24,62;24,00;24,44;600;900;
2026-07-07 16:26:09;1769734;RUNNING;1;4;0,000;0,000;0,000;0,000;0,000;0,000;0,000;0,000;0,000;0,000;0,000;0,000;0,000;0,000;0,000;0,000;0,000;0,000;0,000;0,000;24,87;24,00;24,75;24,69;24,00;24,44;600;900;
2026-07-07 16:26:10;1770734;RUNNING;1;4;0,000;0,000;0,000;0,000;0,000;0,000;0,000;0,000;0,000;0,000;0,000;0,000;0,000;0,000;0,000;0,000;0,000;0,000;0,000;0,000;24,87;24,00;24,75;24,62;24,00;24,44;600;600;
2026-07-07 16:26:11;1771734;RUNNING;1;4;0,000;0,000;0,000;0,000;0,000;0,000;0,000;0,000;0,000;0,000;0,000;0,000;0,000;0,000;0,000;0,000;0,000;0,000;0,000;0,000;24,94;24,00;24,75;24,62;24,00;24,44;600;600;
2026-07-07 16:26:12;1772734;RUNNING;1;4;0,000;0,000;0,000;0,000;0,000;0,000;0,000;0,000;0,000;0,000;0,000;0,000;0,000;0,000;0,000;0,000;0,000;0,000;0,000;0,000;24,87;24,00;24,75;24,62;24,00;24,44;600;600;
2026-07-07 16:26:13;1773734;RUNNING;1;4;0,000;0,000;0,000;0,000;0,000;0,000;0,000;0,000;0,000;0,000;0,000;0,000;0,000;0,000;0,000;0,000;0,000;0,000;0,000;0,000;24,94;24,00;24,75;24,62;24,00;24,44;900;900;
2026-07-07 16:26:14;1774734;RUNNING;1;4;0,000;0,000;0,000;0,000;0,000;0,000;0,000;0,000;0,000;0,000;0,000;0,000;0,000;0,000;0,000;0,000;0,000;0,000;0,000;0,000;24,87;24,00;24,75;24,62;23,94;24,37;900;900;
2026-07-07 16:26:15;1775734;RUNNING;1;4;0,000;0,000;0,000;0,000;0,000;0,000;0,000;0,000;0,000;0,000;0,000;0,000;0,000;0,000;0,000;0,000;0,000;0,000;0,000;0,000;24,87;24,00;24,75;24,62;24,00;24,44;900;600;
2026-07-07 16:26:16;1776734;RUNNING;1;4;0,000;0,000;0,000;0,000;0,000;0,000;0,000;0,000;0,000;0,000;0,000;0,000;0,000;0,000;0,000;0,000;0,000;0,000;0,000;0,000;24,87;24,00;24,75;24,62;23,94;24,44;600;600;
2026-07-07 16:26:17;1777734;RUNNING;1;4;0,000;0,000;0,000;0,000;0,000;0,000;0,000;0,000;0,000;0,000;0,000;0,000;0,000;0,000;0,000;0,000;0,000;0,000;0,000;0,000;24,87;24,00;24,75;24,62;23,94;24,37;600;600;
2026-07-07 16:26:18;1778734;RUNNING;1;4;0,000;0,000;0,000;0,000;0,000;0,000;0,000;0,000;0,000;0,000;0,000;0,000;0,000;0,000;0,000;0,000;0,000;0,000;0,000;0,000;24,87;24,00;24,75;24,62;23,94;24,44;600;900;
2026-07-07 16:26:19;1779734;RUNNING;1;4;0,000;0,000;0,000;0,000;0,000;0,000;0,000;0,000;0,000;0,000;0,000;0,000;0,000;0,000;0,000;0,000;0,000;0,000;0,000;0,000;24,87;24,00;24,75;24,62;23,94;24,37;600;900;
2026-07-07 16:26:20;1780734;RUNNING;1;4;0,000;0,000;0,000;0,000;0,000;0,000;0,000;0,000;0,000;0,000;0,000;0,000;0,000;0,000;0,000;0,000;0,000;0,000;0,000;0,000;24,87;24,00;24,75;24,62;23,94;24,37;600;600;
2026-07-07 16:26:21;1781734;RUNNING;1;4;0,000;0,000;0,000;0,000;0,000;0,000;0,000;0,000;0,000;0,000;0,000;0,000;0,000;0,000;0,000;0,000;0,000;0,000;0,000;0,000;24,87;24,00;24,75;24,62;23,94;24,37;600;600;
2026-07-07 16:26:22;1782734;RUNNING;1;4;0,000;0,000;0,000;0,000;0,000;0,000;0,000;0,000;0,000;0,000;0,000;0,000;0,000;0,000;0,000;0,000;0,000;0,000;0,000;0,000;24,87;24,00;24,75;24,62;23,94;24,37;900;600;
2026-07-07 16:26:23;1783734;RUNNING;1;4;0,000;0,000;0,000;0,000;0,000;0,000;0,000;0,000;0,000;0,000;0,000;0,000;0,000;0,000;0,000;0,000;0,000;0,000;0,000;0,000;24,87;24,00;24,75;24,62;23,94;24,37;900;900;
2026-07-07 16:26:24;1784734;RUNNING;1;4;0,000;0,000;0,000;0,000;0,000;0,000;0,000;0,000;0,000;0,000;0,000;0,000;0,000;0,000;0,000;0,000;0,000;0,000;0,000;0,000;24,87;24,00;24,75;24,62;23,94;24,37;600;900;
2026-07-07 16:26:25;1785734;RUNNING;1;4;0,000;0,000;0,000;0,000;0,000;0,000;0,000;0,000;0,000;0,000;0,000;0,000;0,000;0,000;0,000;0,000;0,000;0,000;0,000;0,000;24,87;24,00;24,75;24,62;23,94;24,37;600;600;
2026-07-07 16:26:26;1786734;RUNNING;1;4;0,000;0,000;0,000;0,000;0,000;0,000;0,000;0,000;0,000;0,000;0,000;0,000;0,000;0,000;0,000;0,000;0,000;0,000;0,000;0,000;24,87;24,00;24,75;24,62;23,94;24,37;600;600;
2026-07-07 16:26:27;1787734;RUNNING;1;4;0,000;0,000;0,000;0,000;0,000;0,000;0,000;0,000;0,000;0,000;0,000;0,000;0,000;0,000;0,000;0,000;0,000;0,000;0,000;0,000;24,87;24,00;24,75;24,62;23,94;24,37;600;600;
2026-07-07 16:26:28;1788734;RUNNING;1;4;0,000;0,000;0,000;0,000;0,000;0,000;0,000;0,000;0,000;0,000;0,000;0,000;0,000;0,000;0,000;0,000;0,000;0,000;0,000;0,000;24,87;24,00;24,75;24,62;23,94;24,37;600;600;
2026-07-07 16:26:29;1789734;RUNNING;1;4;0,000;0,000;0,000;0,000;0,000;0,000;0,000;0,000;0,000;0,000;0,000;0,000;0,000;0,000;0,000;0,000;0,000;0,000;0,000;0,000;24,87;24,00;24,69;24,62;23,94;24,37;900;900;
2026-07-07 16:26:30;1790734;RUNNING;1;4;0,000;0,000;0,000;0,000;0,000;0,000;0,000;0,000;0,000;0,000;0,000;0,000;0,000;0,000;0,000;0,000;0,000;0,000;0,000;0,000;24,87;24,00;24,69;24,62;23,94;24,37;900;900;
2026-07-07 16:26:31;1791734;RUNNING;1;4;0,000;0,000;0,000;0,000;0,000;0,000;0,000;0,000;0,000;0,000;0,000;0,000;0,000;0,000;0,000;0,000;0,000;0,000;0,000;0,000;24,87;24,00;24,75;24,62;23,94;24,37;900;600;
2026-07-07 16:26:32;1792734;RUNNING;1;4;0,000;0,000;0,000;0,000;0,000;0,000;0,000;0,000;0,000;0,000;0,000;0,000;0,000;0,000;0,000;0,000;0,000;0,000;0,000;0,000;24,87;24,00;24,69;24,62;23,94;24,37;600;600;
2026-07-07 16:26:33;1793734;RUNNING;1;4;0,000;0,000;0,000;0,000;0,000;0,000;0,000;0,000;0,000;0,000;0,000;0,000;0,000;0,000;0,000;0,000;0,000;0,000;0,000;0,000;24,87;24,00;24,75;24,62;23,94;24,37;600;600;
2026-07-07 16:26:34;1794734;RUNNING;1;4;0,000;0,000;0,000;0,000;0,000;0,000;0,000;0,000;0,000;0,000;0,000;0,000;0,000;0,000;0,000;0,000;0,000;0,000;0,000;0,000;24,87;24,00;24,75;24,62;23,94;24,37;600;600;
2026-07-07 16:26:35;1795734;RUNNING;1;4;0,000;0,000;0,000;0,000;0,000;0,000;0,000;0,000;0,000;0,000;0,000;0,000;0,000;0,000;0,000;0,000;0,000;0,000;0,000;0,000;24,87;23,94;24,75;24,62;23,94;24,37;600;900;
2026-07-07 16:26:36;1796734;RUNNING;1;4;0,000;0,000;0,000;0,000;0,000;0,000;0,000;0,000;0,000;0,000;0,000;0,000;0,000;0,000;0,000;0,000;0,000;0,000;0,000;0,000;24,87;23,94;24,75;24,62;23,87;24,37;900;900;
2026-07-07 16:26:37;1797734;RUNNING;1;4;0,000;0,000;0,000;0,000;0,000;0,000;0,000;0,000;0,000;0,000;0,000;0,000;0,000;0,000;0,000;0,000;0,000;0,000;0,000;0,000;24,87;23,94;24,75;24,62;23,94;24,37;900;600;
2026-07-07 16:26:38;1798734;RUNNING;1;4;0,000;0,000;0,000;0,000;0,000;0,000;0,000;0,000;0,000;0,000;0,000;0,000;0,000;0,000;0,000;0,000;0,000;0,000;0,000;0,000;24,87;24,00;24,75;24,62;23,94;24,37;900;600;
2026-07-07 16:26:39;1799734;RUNNING;1;4;0,000;0,000;0,000;0,000;0,000;0,000;0,000;0,000;0,000;0,000;0,000;0,000;0,000;0,000;0,000;0,000;0,000;0,000;0,000;0,000;24,87;23,94;24,69;24,62;23,94;24,37;600;600;
2026-07-07 16:26:40;1800734;RUNNING;2;4;0,020;0,000;0,000;0,000;0,000;0,000;0,000;0,000;0,000;0,000;0,108;0,000;0,000;0,000;0,000;0,000;0,000;0,000;0,000;0,000;24,87;23,94;24,75;24,62;23,94;24,37;600;600;
2026-07-07 16:26:41;1801734;RUNNING;2;4;0,035;0,020;0,000;0,000;0,000;0,000;0,000;0,000;0,000;0,000;0,167;0,067;0,000;0,000;0,000;0,000;0,000;0,000;0,000;0,000;24,87;24,00;24,69;24,56;23,87;24,31;600;900;
2026-07-07 16:26:42;1802734;RUNNING;2;4;0,057;0,042;0,020;0,000;0,000;0,000;0,000;0,000;0,000;0,000;0,247;0,151;0,082;0,000;0,000;0,000;0,000;0,000;0,000;0,000;24,87;23,94;24,69;24,56;23,94;24,37;600;900;
2026-07-07 16:26:43;1803734;RUNNING;2;4;0,078;0,063;0,042;0,019;0,000;0,000;0,000;0,000;0,000;0,000;0,330;0,234;0,167;0,072;0,000;0,000;0,000;0,000;0,000;0,000;24,87;24,00;24,75;24,56;23,87;24,37;600;600;
2026-07-07 16:26:44;1804734;RUNNING;2;4;0,100;0,084;0,064;0,041;0,022;0,000;0,000;0,000;0,000;0,000;0,411;0,320;0,247;0,156;0,092;0,000;0,000;0,000;0,000;0,000;24,87;24,00;24,69;24,56;23,87;24,37;900;600;
2026-07-07 16:26:45;1805734;RUNNING;2;4;0,121;0,106;0,086;0,063;0,040;0,021;0,000;0,000;0,000;0,000;0,494;0,402;0,331;0,238;0,168;0,109;0,000;0,000;0,000;0,000;24,87;23,94;24,75;24,56;23,87;24,31;900;600;
2026-07-07 16:26:46;1806735;RUNNING;2;4;0,142;0,127;0,107;0,084;0,063;0,043;0,021;0,000;0,000;0,000;0,575;0,485;0,414;0,321;0,248;0,192;0,128;0,000;0,000;0,000;24,87;23,94;24,69;24,56;23,94;24,37;900;900;
2026-07-07 16:26:47;1807735;RUNNING;2;4;0,164;0,148;0,129;0,105;0,084;0,064;0,041;0,020;0,000;0,000;0,656;0,569;0,496;0,405;0,332;0,272;0,212;0,103;0,000;0,000;24,87;24,00;24,69;24,56;23,87;24,31;600;1200;
2026-07-07 16:26:48;1808736;RUNNING;2;4;0,186;0,170;0,152;0,126;0,105;0,086;0,063;0,042;0,021;0,000;0,741;0,651;0,578;0,487;0,415;0,355;0,292;0,187;0,109;0,000;24,87;23,94;24,69;24,56;23,87;24,31;900;600;
2026-07-07 16:26:49;1809736;RUNNING;2;4;0,207;0,192;0,173;0,148;0,127;0,106;0,085;0,064;0,043;0,021;0,822;0,734;0,661;0,569;0,497;0,438;0,374;0,270;0,189;0,112;24,87;23,94;24,69;24,56;23,94;24,31;600;600;
2026-07-07 16:26:50;1810737;RUNNING;2;4;0,229;0,213;0,195;0,169;0,148;0,128;0,105;0,086;0,064;0,042;0,905;0,818;0,745;0,653;0,578;0,520;0,457;0,353;0,274;0,192;24,87;23,94;24,69;24,56;23,87;24,31;594;594;
2026-07-07 16:26:51;1811737;RUNNING;2;4;0,250;0,235;0,216;0,190;0,169;0,149;0,128;0,108;0,086;0,063;0,987;0,900;0,826;0,735;0,662;0,603;0,538;0,436;0,355;0,275;24,87;23,94;24,69;24,56;23,87;24,31;600;900;
2026-07-07 16:26:52;1812737;RUNNING;2;4;0,272;0,257;0,238;0,212;0,191;0,171;0,148;0,129;0,107;0,086;1,068;0,984;0,910;0,818;0,745;0,684;0,619;0,517;0,437;0,358;24,87;23,94;24,69;24,56;23,87;24,31;900;900;
2026-07-07 16:26:53;1813737;RUNNING;2;4;0,294;0,278;0,259;0,234;0,212;0,192;0,170;0,151;0,129;0,107;1,149;1,067;0,992;0,900;0,828;0,767;0,702;0,600;0,520;0,439;24,87;23,94;24,69;24,56;23,87;24,31;900;600;
2026-07-07 16:26:54;1814737;RUNNING;2;4;0,315;0,300;0,280;0,255;0,234;0,213;0,192;0,173;0,150;0,128;1,232;1,149;1,073;0,984;0,910;0,850;0,783;0,684;0,603;0,522;24,87;23,94;24,69;24,56;23,87;24,31;900;600;
2026-07-07 16:26:55;1815737;RUNNING;2;4;0,337;0,321;0,303;0,276;0,256;0,235;0,213;0,194;0,172;0,149;1,315;1,233;1,155;1,068;0,992;0,933;0,866;0,765;0,684;0,605;24,87;23,94;24,69;24,56;23,87;24,31;600;600;
2026-07-07 16:26:56;1816737;RUNNING;2;4;0,358;0,343;0,324;0,297;0,277;0,256;0,235;0,216;0,194;0,171;1,398;1,317;1,240;1,150;1,075;1,013;0,947;0,848;0,767;0,688;24,87;23,94;24,69;24,56;23,87;24,31;600;900;
2026-07-07 16:26:57;1817737;RUNNING;2;4;0,380;0,364;0,347;0,319;0,298;0,277;0,256;0,238;0,215;0,193;1,479;1,398;1,322;1,233;1,157;1,094;1,029;0,930;0,849;0,768;24,87;23,94;24,69;24,56;23,87;24,31;600;900;
2026-07-07 16:26:58;1818737;RUNNING;2;4;0,401;0,386;0,368;0,340;0,320;0,299;0,278;0,259;0,236;0,214;1,561;1,482;1,406;1,317;1,240;1,179;1,110;1,011;0,930;0,851;24,87;23,94;24,69;24,56;23,87;24,31;600;600;
2026-07-07 16:26:59;1819737;RUNNING;2;4;0,422;0,407;0,389;0,361;0,341;0,321;0,299;0,281;0,258;0,236;1,644;1,566;1,487;1,399;1,322;1,260;1,193;1,094;1,012;0,934;24,87;23,94;24,69;24,56;23,87;24,31;600;600;
2026-07-07 16:27:00;1820737;RUNNING;2;4;0,444;0,429;0,411;0,383;0,363;0,342;0,321;0,303;0,280;0,257;1,727;1,649;1,571;1,481;1,405;1,344;1,276;1,177;1,095;1,017;24,87;23,94;24,69;24,56;23,87;24,31;900;600;
2026-07-07 16:27:01;1821737;RUNNING;2;4;0,465;0,451;0,433;0,404;0,384;0,363;0,342;0,324;0,302;0,279;1,808;1,731;1,653;1,564;1,487;1,425;1,358;1,259;1,178;1,098;24,87;23,94;24,69;24,56;23,87;24,31;900;900;
2026-07-07 16:27:02;1822737;RUNNING;2;4;0,487;0,471;0,455;0,426;0,406;0,385;0,363;0,346;0,323;0,300;1,891;1,815;1,736;1,648;1,572;1,508;1,438;1,342;1,261;1,179;24,87;23,94;24,69;24,56;23,87;24,31;900;900;
2026-07-07 16:27:03;1823738;RUNNING;2;4;0,508;0,493;0,477;0,447;0,427;0,406;0,385;0,368;0,345;0,321;1,972;1,897;1,820;1,732;1,654;1,589;1,520;1,425;1,344;1,263;24,81;23,94;24,69;24,56;23,87;24,31;900;900;
2026-07-07 16:27:04;1824738;RUNNING;2;4;0,530;0,515;0,499;0,469;0,449;0,428;0,406;0,390;0,366;0,343;2,054;1,981;1,901;1,812;1,735;1,673;1,603;1,506;1,425;1,346;24,87;23,94;24,69;24,56;23,87;24,31;900;1200;
2026-07-07 16:27:05;1825738;RUNNING;2;4;0,552;0,537;0,520;0,490;0,470;0,449;0,428;0,411;0,388;0,365;2,138;2,068;1,983;1,896;1,819;1,754;1,686;1,591;1,507;1,429;24,81;23,94;24,69;24,56;23,87;24,31;900;1200;
2026-07-07 16:27:06;1826738;RUNNING;2;4;0,573;0,559;0,542;0,512;0,492;0,471;0,449;0,434;0,410;0,386;2,220;2,148;2,067;1,979;1,900;1,837;1,767;1,671;1,590;1,510;24,87;23,94;24,69;24,56;23,87;24,31;900;900;
2026-07-07 16:27:07;1827738;RUNNING;2;4;0,595;0,580;0,563;0,533;0,513;0,492;0,470;0,455;0,432;0,409;2,302;2,231;2,150;2,063;1,982;1,918;1,849;1,754;1,671;1,591;24,81;23,94;24,69;24,56;23,87;24,31;1200;1200;
2026-07-07 16:27:08;1828738;RUNNING;2;4;0,616;0,601;0,586;0,555;0,535;0,514;0,493;0,477;0,453;0,430;2,384;2,315;2,232;2,145;2,065;2,000;1,929;1,835;1,754;1,676;24,81;23,94;24,69;24,56;23,94;24,31;900;900;
2026-07-07 16:27:09;1829738;RUNNING;2;4;0,638;0,624;0,607;0,576;0,557;0,535;0,514;0,499;0,474;0,451;2,467;2,399;2,315;2,229;2,149;2,085;2,011;1,919;1,837;1,756;24,87;23,94;24,69;24,56;23,87;24,31;1200;900;
2026-07-07 16:27:10;1830738;RUNNING;2;4;0,660;0,646;0,630;0,597;0,579;0,556;0,535;0,520;0,496;0,473;2,550;2,482;2,397;2,311;2,230;2,166;2,092;2,002;1,919;1,839;24,81;23,94;24,69;24,56;23,87;24,31;1200;1200;
2026-07-07 16:27:11;1831738;RUNNING;2;4;0,681;0,667;0,650;0,619;0,599;0,578;0,557;0,542;0,517;0,494;2,633;2,564;2,481;2,394;2,315;2,249;2,177;2,083;2,000;1,920;24,81;23,94;24,69;24,62;23,87;24,31;1200;1200;
2026-07-07 16:27:12;1832738;RUNNING;2;4;0,703;0,689;0,673;0,641;0,621;0,600;0,579;0,564;0,539;0,515;2,716;2,646;2,564;2,478;2,395;2,332;2,258;2,165;2,083;2,003;24,81;23,94;24,62;24,56;23,87;24,31;1200;1200;
2026-07-07 16:27:13;1833738;RUNNING;2;4;0,725;0,711;0,695;0,662;0,642;0,621;0,600;0,585;0,561;0,537;2,797;2,732;2,648;2,562;2,479;2,415;2,339;2,249;2,166;2,088;24,81;23,94;24,69;24,62;23,94;24,31;1200;1200;
2026-07-07 16:27:14;1834738;RUNNING;2;4;0,746;0,732;0,716;0,684;0,664;0,642;0,621;0,608;0,583;0,559;2,880;2,814;2,731;2,644;2,560;2,497;2,421;2,329;2,250;2,169;24,81;23,87;24,62;24,62;23,94;24,31;1200;1200;
2026-07-07 16:27:15;1835740;RUNNING;2;4;0,768;0,753;0,738;0,705;0,686;0,664;0,643;0,629;0,604;0,581;2,963;2,897;2,813;2,727;2,646;2,580;2,504;2,412;2,331;2,250;24,81;23,94;24,62;24,62;23,94;24,31;1200;1200;
2026-07-07 16:27:16;1836740;RUNNING;2;4;0,790;0,776;0,760;0,727;0,707;0,685;0,665;0,651;0,626;0,602;3,044;2,981;2,898;2,809;2,727;2,664;2,585;2,495;2,412;2,332;24,81;23,94;24,62;24,62;23,94;24,31;1500;1200;
2026-07-07 16:27:17;1837740;RUNNING;2;4;0,811;0,797;0,783;0,749;0,729;0,707;0,686;0,673;0,648;0,624;3,127;3,064;2,980;2,895;2,811;2,744;2,670;2,578;2,495;2,417;24,81;23,94;24,62;24,62;23,94;24,37;1500;1200;
2026-07-07 16:27:18;1838740;RUNNING;2;4;0,833;0,819;0,805;0,770;0,751;0,728;0,709;0,695;0,670;0,645;3,210;3,148;3,062;2,975;2,896;2,827;2,751;2,662;2,580;2,498;24,81;23,87;24,62;24,62;23,94;24,31;1500;1500;
2026-07-07 16:27:19;1839740;RUNNING;2;4;0,855;0,840;0,826;0,792;0,773;0,750;0,730;0,716;0,691;0,668;3,291;3,230;3,145;3,062;2,977;2,909;2,833;2,745;2,662;2,581;24,81;23,94;24,62;24,62;23,94;24,37;1500;1500;
2026-07-07 16:27:20;1840740;RUNNING;2;4;0,876;0,863;0,848;0,813;0,793;0,772;0,751;0,738;0,713;0,689;3,376;3,314;3,229;3,144;3,061;2,992;2,914;2,826;2,745;2,666;24,81;23,94;24,62;24,62;23,94;24,37;1500;1500;
2026-07-07 16:27:21;1841740;RUNNING;2;4;0,899;0,885;0,870;0,834;0,816;0,792;0,773;0,760;0,735;0,711;3,457;3,399;3,309;3,226;3,144;3,075;2,997;2,909;2,826;2,745;24,81;23,94;24,62;24,62;23,94;24,37;1500;1500;
2026-07-07 16:27:22;1842740;RUNNING;2;4;0,920;0,906;0,893;0,856;0,837;0,814;0,794;0,782;0,756;0,733;3,540;3,481;3,394;3,309;3,226;3,156;3,080;2,991;2,909;2,828;24,81;23,87;24,62;24,62;23,94;24,37;1500;1500;
2026-07-07 16:27:23;1843740;RUNNING;2;4;0,942;0,927;0,914;0,878;0,859;0,836;0,816;0,804;0,778;0,754;3,623;3,565;3,476;3,393;3,307;3,239;3,162;3,074;2,992;2,911;24,81;23,94;24,62;24,62;23,94;24,37;1500;1500;
2026-07-07 16:27:24;1844740;RUNNING;2;4;0,964;0,949;0,936;0,900;0,881;0,858;0,838;0,826;0,799;0,776;3,705;3,648;3,561;3,475;3,391;3,322;3,243;3,157;3,075;2,993;24,81;23,87;24,62;24,69;23,94;24,37;1800;1800;
2026-07-07 16:27:25;1845740;RUNNING;2;4;0,986;0,971;0,958;0,921;0,903;0,879;0,859;0,848;0,821;0,796;3,786;3,732;3,643;3,559;3,472;3,404;3,324;3,238;3,155;3,076;24,81;23,87;24,62;24,69;23,94;24,37;1500;1500;
2026-07-07 16:27:26;1846740;RUNNING;2;4;1,007;0,993;0,979;0,943;0,924;0,901;0,881;0,870;0,843;0,820;3,869;3,814;3,726;3,644;3,558;3,485;3,407;3,320;3,238;3,159;24,75;23,87;24,62;24,62;24,00;24,37;1500;1800;
2026-07-07 16:27:27;1847741;RUNNING;2;4;1,029;1,015;1,002;0,965;0,946;0,922;0,903;0,892;0,864;0,841;3,954;3,897;3,809;3,726;3,641;3,570;3,490;3,405;3,320;3,240;24,81;23,87;24,62;24,69;24,00;24,37;1800;2100;
2026-07-07 16:27:28;1848741;RUNNING;2;4;1,050;1,036;1,023;0,986;0,968;0,944;0,925;0,914;0,886;0,863;4,037;3,983;3,893;3,810;3,723;3,653;3,574;3,486;3,403;3,321;24,75;23,87;24,62;24,69;23,94;24,37;1500;1500;
2026-07-07 16:27:29;1849741;RUNNING;2;4;1,072;1,059;1,045;1,008;0,989;0,966;0,946;0,936;0,909;0,885;4,116;4,065;3,975;3,892;3,806;3,734;3,655;3,571;3,486;3,406;24,75;23,87;24,62;24,69;24,00;24,37;1800;1800;
2026-07-07 16:27:30;1850741;RUNNING;2;4;1,095;1,080;1,068;1,030;1,010;0,987;0,968;0,958;0,930;0,906;4,199;4,148;4,058;3,977;3,889;3,817;3,738;3,652;3,569;3,488;24,75;23,87;24,62;24,69;24,00;24,37;1800;1800;
2026-07-07 16:27:31;1851741;RUNNING;2;4;1,116;1,102;1,090;1,051;1,033;1,009;0,990;0,979;0,952;0,928;4,282;4,232;4,140;4,059;3,973;3,900;3,819;3,735;3,652;3,571;24,75;23,87;24,62;24,69;24,00;24,44;1800;1800;
2026-07-07 16:27:32;1852741;RUNNING;2;4;1,138;1,123;1,112;1,073;1,055;1,031;1,012;1,001;0,973;0,950;4,367;4,314;4,223;4,141;4,054;3,984;3,901;3,817;3,732;3,654;24,75;23,87;24,62;24,69;24,00;24,37;1800;1800;
2026-07-07 16:27:33;1853741;RUNNING;2;4;1,159;1,144;1,133;1,094;1,076;1,052;1,033;1,024;0,995;0,971;4,446;4,398;4,307;4,225;4,138;4,063;3,984;3,902;3,815;3,735;24,75;23,87;24,56;24,69;24,00;24,37;1800;1800;
2026-07-07 16:27:34;1854741;RUNNING;2;4;1,181;1,166;1,156;1,116;1,098;1,074;1,055;1,046;1,017;0,994;4,529;4,479;4,390;4,308;4,221;4,146;4,065;3,983;3,898;3,818;24,75;23,87;24,62;24,75;24,00;24,44;2100;2100;
2026-07-07 16:27:35;1855741;RUNNING;2;4;1,203;1,189;1,178;1,138;1,119;1,096;1,077;1,068;1,039;1,015;4,611;4,561;4,474;4,392;4,305;4,231;4,148;4,066;3,981;3,901;24,75;23,87;24,56;24,75;24,00;24,44;2100;1800;
2026-07-07 16:27:36;1856741;RUNNING;2;4;1,225;1,211;1,200;1,159;1,141;1,117;1,098;1,090;1,061;1,036;4,694;4,643;4,556;4,474;4,386;4,312;4,231;4,148;4,062;3,984;24,75;23,87;24,56;24,75;24,00;24,44;1800;1800;
2026-07-07 16:27:37;1857741;RUNNING;2;4;1,247;1,233;1,221;1,181;1,163;1,139;1,120;1,111;1,082;1,058;4,777;4,730;4,639;4,556;4,470;4,396;4,312;4,231;4,144;4,065;24,75;23,87;24,56;24,75;24,00;24,44;1800;2100;
2026-07-07 16:27:38;1858741;RUNNING;2;4;1,268;1,254;1,244;1,203;1,185;1,160;1,142;1,133;1,105;1,080;4,858;4,811;4,721;4,640;4,551;4,479;4,394;4,312;4,229;4,147;24,75;23,87;24,56;24,75;24,00;24,44;2100;2100;
2026-07-07 16:27:39;1859742;RUNNING;2;4;1,291;1,275;1,266;1,224;1,208;1,182;1,163;1,155;1,125;1,102;4,941;4,894;4,804;4,723;4,636;4,560;4,477;4,395;4,310;4,230;24,75;23,81;24,56;24,75;24,00;24,44;2100;1800;
2026-07-07 16:27:40;1860742;RUNNING;2;4;1,307;1,298;1,288;1,246;1,229;1,204;1,185;1,177;1,148;1,124;5,002;4,978;4,888;4,807;4,720;4,643;4,558;4,478;4,393;4,311;24,69;23,81;24,56;24,75;24,06;24,44;2100;2100;
2026-07-07 16:27:41;1861742;RUNNING;2;4;1,307;1,304;1,310;1,268;1,251;1,226;1,207;1,199;1,170;1,146;5,002;5,002;4,970;4,889;4,801;4,726;4,641;4,560;4,475;4,394;24,69;23,81;24,56;24,81;24,06;24,44;2100;2100;
2026-07-07 16:27:42;1862742;RUNNING;2;4;1,307;1,304;1,319;1,289;1,272;1,248;1,229;1,221;1,191;1,168;5,002;5,002;5,002;4,971;4,885;4,808;4,723;4,643;4,558;4,477;24,69;23,81;24,56;24,81;24,06;24,44;2100;2100;
2026-07-07 16:27:43;1863742;RUNNING;2;4;1,307;1,304;1,319;1,298;1,294;1,269;1,251;1,243;1,213;1,189;5,002;5,002;5,002;5,002;4,966;4,891;4,806;4,724;4,641;4,559;24,69;23,81;24,56;24,81;24,06;24,44;2100;2100;
2026-07-07 16:27:44;1864742;RUNNING;2;4;1,308;1,304;1,319;1,298;1,302;1,291;1,272;1,265;1,235;1,212;5,002;5,000;5,002;5,002;5,000;4,972;4,887;4,807;4,722;4,642;24,69;23,81;24,56;24,81;24,06;24,44;2100;2100;
2026-07-07 16:27:45;1865742;RUNNING;2;4;1,308;1,304;1,319;1,298;1,302;1,299;1,294;1,287;1,257;1,233;5,002;5,002;5,002;5,003;5,000;5,003;4,970;4,889;4,804;4,723;24,69;23,81;24,56;24,81;24,06;24,44;2100;2100;
2026-07-07 16:27:46;1866742;RUNNING;2;4;1,308;1,305;1,319;1,299;1,303;1,299;1,303;1,310;1,279;1,255;5,002;5,004;5,000;5,003;4,999;5,001;5,003;4,972;4,887;4,806;24,69;23,81;24,56;24,81;24,06;24,50;2100;2100;
2026-07-07 16:27:47;1867742;RUNNING;2;4;1,308;1,305;1,319;1,299;1,303;1,299;1,303;1,318;1,300;1,276;5,002;5,000;5,002;5,002;4,999;5,001;5,002;5,002;4,970;4,887;24,69;23,81;24,56;24,87;24,06;24,50;2100;1800;
2026-07-07 16:27:48;1868742;RUNNING;2;4;1,308;1,305;1,319;1,298;1,304;1,299;1,303;1,318;1,309;1,299;5,002;5,000;5,002;5,002;4,999;5,001;5,002;5,001;5,002;4,969;24,69;23,81;24,56;24,87;24,12;24,50;2100;1800;
2026-07-07 16:27:49;1869742;RUNNING;2;4;1,309;1,305;1,320;1,299;1,303;1,299;1,303;1,318;1,309;1,307;5,002;5,000;5,002;5,002;4,999;5,001;5,002;4,999;5,002;5,001;24,69;23,81;24,56;24,87;24,06;24,50;2100;2100;
2026-07-07 16:27:50;1870742;RUNNING;2;4;1,307;1,305;1,320;1,299;1,303;1,299;1,303;1,318;1,310;1,307;5,000;5,000;5,002;5,003;4,999;5,001;5,000;5,001;5,002;5,001;24,69;23,81;24,56;24,87;24,06;24,50;2100;2100;
2026-07-07 16:27:51;1871742;RUNNING;2;4;1,307;1,304;1,319;1,299;1,304;1,300;1,304;1,318;1,310;1,307;4,998;5,002;5,002;5,002;4,999;5,001;5,002;5,001;5,002;5,001;24,62;23,81;24,56;24,94;24,12;24,50;2100;2100;
2026-07-07 16:27:52;1872742;RUNNING;2;4;1,308;1,305;1,319;1,299;1,304;1,300;1,304;1,318;1,310;1,307;4,998;5,000;5,002;5,002;5,000;5,001;5,000;4,999;5,002;5,001;24,69;23,81;24,56;24,94;24,12;24,50;2100;2100;
2026-07-07 16:27:53;1873742;RUNNING;2;4;1,307;1,305;1,319;1,299;1,304;1,300;1,304;1,318;1,310;1,308;5,000;5,002;5,000;5,002;4,999;5,001;5,002;5,001;5,000;4,999;24,62;23,75;24,56;24,94;24,12;24,50;2100;2100;
2026-07-07 16:27:54;1874742;RUNNING;2;4;1,308;1,305;1,320;1,299;1,304;1,300;1,304;1,318;1,310;1,307;4,998;5,000;5,000;5,002;5,000;5,001;5,002;5,001;5,002;5,001;24,62;23,81;24,56;24,94;24,12;24,56;2100;2100;
2026-07-07 16:27:55;1875742;RUNNING;2;4;1,308;1,306;1,320;1,299;1,304;1,300;1,304;1,318;1,310;1,307;4,998;5,000;5,002;5,002;5,000;5,001;5,002;5,001;5,000;5,001;24,62;23,81;24,50;24,94;24,12;24,56;2100;2100;
2026-07-07 16:27:56;1876742;RUNNING;2;4;1,307;1,305;1,320;1,299;1,303;1,300;1,304;1,318;1,310;1,308;4,998;5,000;5,002;5,002;5,000;5,001;5,000;5,001;5,000;4,999;24,62;23,75;24,50;24,94;24,12;24,56;2100;2100;
2026-07-07 16:27:57;1877742;RUNNING;2;4;1,307;1,305;1,320;1,300;1,304;1,300;1,304;1,318;1,310;1,308;4,998;5,000;5,002;5,002;5,000;5,001;5,000;4,999;5,000;5,003;24,62;23,81;24,56;25,00;24,12;24,56;2100;2100;
2026-07-07 16:27:58;1878742;RUNNING;2;4;1,308;1,305;1,321;1,299;1,304;1,300;1,304;1,318;1,310;1,308;4,998;5,000;5,002;5,002;5,000;5,001;5,000;5,001;5,000;5,001;24,62;23,75;24,56;24,94;24,19;24,56;2100;2100;
2026-07-07 16:27:59;1879742;RUNNING;2;4;1,308;1,305;1,319;1,300;1,304;1,300;1,304;1,318;1,310;1,308;4,998;5,000;5,002;5,002;4,999;5,001;5,002;4,999;5,000;5,001;24,62;23,75;24,56;25,00;24,19;24,56;2100;2100;
2026-07-07 16:28:00;1880742;RUNNING;2;4;1,308;1,306;1,319;1,299;1,304;1,300;1,304;1,319;1,310;1,308;4,998;5,002;5,002;5,002;5,000;5,001;5,000;5,001;5,000;5,001;24,62;23,75;24,56;25,00;24,19;24,62;2100;2100;
2026-07-07 16:28:01;1881742;RUNNING;2;4;1,308;1,306;1,320;1,300;1,304;1,301;1,304;1,319;1,310;1,308;4,998;5,000;5,002;5,002;4,999;5,001;5,002;5,001;5,002;5,001;24,62;23,75;24,56;25,00;24,19;24,62;2100;2400;
2026-07-07 16:28:02;1882742;RUNNING;2;4;1,308;1,305;1,321;1,299;1,304;1,300;1,304;1,318;1,311;1,308;5,000;5,000;5,002;5,002;4,999;5,001;5,002;5,001;5,000;5,003;24,62;23,75;24,56;25,00;24,25;24,62;2100;2100;
2026-07-07 16:28:03;1883742;RUNNING;2;4;1,308;1,305;1,319;1,299;1,304;1,300;1,304;1,318;1,310;1,308;5,000;5,000;5,002;5,002;4,999;5,001;5,002;5,001;5,002;5,001;24,62;23,75;24,56;25,00;24,25;24,62;2100;1800;
2026-07-07 16:28:04;1884742;RUNNING;2;4;1,308;1,304;1,320;1,300;1,305;1,301;1,304;1,319;1,310;1,309;5,000;5,000;5,000;5,003;5,000;5,003;5,002;4,999;5,002;5,001;24,62;23,75;24,50;25,06;24,19;24,62;2100;1800;
2026-07-07 16:28:05;1885742;RUNNING;2;4;1,309;1,305;1,320;1,299;1,304;1,300;1,304;1,319;1,310;1,308;4,998;5,000;5,002;5,002;4,999;5,001;5,002;4,999;5,000;5,001;24,62;23,75;24,56;25,06;24,25;24,62;2100;2100;
2026-07-07 16:28:06;1886742;RUNNING;2;4;1,309;1,305;1,321;1,300;1,305;1,301;1,304;1,319;1,311;1,309;5,000;5,000;5,002;5,003;5,000;5,001;5,000;5,001;5,000;5,001;24,62;23,75;24,56;25,06;24,25;24,69;1800;2100;
2026-07-07 16:28:07;1887742;RUNNING;2;4;1,308;1,306;1,320;1,300;1,305;1,300;1,304;1,319;1,310;1,309;4,998;5,000;5,002;5,002;5,000;5,001;5,000;5,001;5,002;4,999;24,62;23,75;24,56;25,06;24,25;24,62;1800;2100;
2026-07-07 16:28:08;1888742;RUNNING;2;4;1,308;1,306;1,321;1,300;1,304;1,300;1,304;1,319;1,310;1,308;4,998;5,000;5,002;5,002;5,000;5,001;5,000;4,999;5,000;5,001;24,56;23,75;24,56;25,06;24,25;24,69;1800;2100;
2026-07-07 16:28:09;1889742;RUNNING;2;4;1,308;1,306;1,320;1,300;1,304;1,301;1,304;1,319;1,311;1,308;5,000;5,000;5,000;5,003;5,000;5,001;5,002;5,001;5,000;5,001;24,56;23,75;24,56;25,06;24,25;24,69;1800;2100;
2026-07-07 16:28:10;1890742;RUNNING;2;4;1,309;1,306;1,320;1,300;1,304;1,301;1,304;1,319;1,310;1,309;4,998;5,000;5,002;5,003;5,000;5,001;5,002;5,001;5,002;5,001;24,62;23,75;24,56;25,06;24,25;24,69;1800;2100;
2026-07-07 16:28:11;1891742;RUNNING;2;4;1,308;1,306;1,320;1,300;1,304;1,301;1,304;1,319;1,311;1,308;4,998;5,000;5,000;5,002;5,000;5,001;5,000;4,999;5,000;5,003;24,62;23,75;24,56;25,06;24,31;24,69;1800;2100;
2026-07-07 16:28:12;1892742;RUNNING;2;4;1,308;1,305;1,321;1,300;1,304;1,301;1,304;1,319;1,311;1,308;4,998;5,000;5,002;5,002;5,000;5,001;5,000;5,001;5,002;5,003;24,56;23,75;24,56;25,06;24,31;24,69;2400;2100;
2026-07-07 16:28:13;1893742;RUNNING;2;4;1,308;1,307;1,320;1,300;1,304;1,301;1,305;1,319;1,310;1,308;5,000;5,000;5,002;5,002;4,999;5,001;5,002;4,999;5,002;5,001;24,56;23,75;24,56;25,12;24,31;24,75;2100;2100;
2026-07-07 16:28:14;1894742;RUNNING;2;4;1,308;1,305;1,320;1,300;1,305;1,301;1,304;1,319;1,311;1,308;5,000;5,000;5,002;5,002;4,999;5,001;5,000;4,999;5,002;5,001;24,56;23,75;24,56;25,12;24,31;24,75;2100;2100;
2026-07-07 16:28:15;1895742;RUNNING;2;4;1,308;1,306;1,321;1,300;1,304;1,301;1,304;1,319;1,310;1,310;4,998;5,000;5,000;5,002;4,999;5,001;5,002;4,999;5,002;5,001;24,56;23,75;24,56;25,12;24,31;24,75;2100;2100;
2026-07-07 16:28:16;1896742;RUNNING;2;4;1,308;1,306;1,321;1,299;1,305;1,301;1,304;1,319;1,311;1,308;4,998;5,000;5,002;5,002;4,999;5,001;5,000;4,997;5,000;5,001;24,62;23,75;24,56;25,12;24,31;24,75;2100;2100;
2026-07-07 16:28:17;1897742;RUNNING;2;4;1,308;1,305;1,320;1,300;1,304;1,301;1,304;1,319;1,310;1,309;4,998;5,000;5,000;5,002;4,999;5,003;5,002;5,001;5,002;5,001;24,56;23,75;24,56;25,12;24,31;24,75;2100;1800;
2026-07-07 16:28:18;1898742;RUNNING;2;4;1,309;1,306;1,321;1,300;1,305;1,301;1,305;1,319;1,310;1,308;4,998;5,000;5,000;5,002;4,999;5,001;5,000;4,999;5,000;5,003;24,56;23,75;24,56;25,12;24,37;24,75;2100;1800;
2026-07-07 16:28:19;1899742;RUNNING;2;4;1,308;1,305;1,320;1,300;1,304;1,301;1,304;1,319;1,310;1,309;4,998;5,000;5,002;5,002;4,999;5,001;5,000;4,999;5,002;5,001;24,56;23,75;24,56;25,19;24,37;24,75;2400;2100;
2026-07-07 16:28:20;1900742;RUNNING;2;4;1,308;1,306;1,320;1,300;1,304;1,301;1,304;1,319;1,311;1,309;5,000;5,000;5,002;5,003;5,000;4,999;5,002;5,001;5,002;5,001;24,56;23,75;24,56;25,19;24,37;24,75;2100;2100;
2026-07-07 16:28:21;1901742;RUNNING;2;4;1,309;1,305;1,321;1,300;1,304;1,301;1,305;1,319;1,311;1,309;4,998;5,000;5,002;5,002;5,000;5,001;5,002;4,999;5,002;5,001;24,56;23,75;24,56;25,19;24,37;24,81;2100;2100;
2026-07-07 16:28:22;1902742;RUNNING;2;4;1,309;1,305;1,321;1,301;1,304;1,301;1,304;1,319;1,311;1,309;4,998;5,000;5,000;5,002;4,999;5,001;5,000;4,999;5,002;5,003;24,56;23,75;24,56;25,19;24,37;24,75;2100;2100;
2026-07-07 16:28:23;1903742;RUNNING;2;4;1,309;1,305;1,321;1,300;1,304;1,301;1,304;1,319;1,311;1,308;4,998;5,000;5,002;5,002;4,999;5,001;5,002;5,001;5,002;5,001;24,56;23,75;24,56;25,19;24,37;24,81;2100;2100;
2026-07-07 16:28:24;1904742;RUNNING;2;4;1,308;1,306;1,321;1,300;1,304;1,301;1,304;1,319;1,310;1,309;4,998;5,000;5,000;5,002;4,999;5,001;5,002;5,001;5,002;5,001;24,56;23,75;24,56;25,19;24,37;24,81;2100;2100;
2026-07-07 16:28:25;1905742;RUNNING;2;4;1,309;1,306;1,321;1,300;1,305;1,301;1,305;1,319;1,311;1,309;4,998;5,000;5,002;5,002;5,000;5,001;5,002;5,001;5,002;5,003;24,56;23,75;24,56;25,19;24,37;24,81;2100;2100;
2026-07-07 16:28:26;1906742;RUNNING;2;4;1,309;1,305;1,321;1,301;1,304;1,301;1,304;1,319;1,311;1,309;4,998;5,000;5,002;5,002;5,000;5,001;5,002;5,001;5,000;5,003;24,56;23,75;24,62;25,19;24,37;24,81;2100;2100;
2026-07-07 16:28:27;1907742;RUNNING;2;4;1,308;1,305;1,320;1,300;1,304;1,301;1,304;1,319;1,311;1,309;4,998;5,000;5,000;5,002;5,000;5,001;5,002;5,001;5,002;5,003;24,56;23,75;24,56;25,25;24,44;24,81;2100;2100;
2026-07-07 16:28:28;1908742;RUNNING;2;4;1,309;1,306;1,321;1,300;1,304;1,301;1,305;1,319;1,311;1,308;4,998;5,000;5,002;5,002;5,000;5,001;5,002;5,001;5,002;5,001;24,56;23,75;24,62;25,25;24,44;24,81;2100;2100;
2026-07-07 16:28:29;1909742;RUNNING;2;4;1,308;1,306;1,321;1,300;1,305;1,301;1,304;1,319;1,311;1,310;5,000;5,000;5,002;5,002;5,000;5,001;5,002;4,999;5,002;5,001;24,56;23,75;24,56;25,25;24,44;24,81;2100;2100;
2026-07-07 16:28:30;1910742;RUNNING;2;4;1,309;1,306;1,320;1,300;1,304;1,301;1,304;1,319;1,311;1,309;4,998;5,000;5,002;5,002;5,000;5,001;5,002;5,001;5,002;5,001;24,56;23,75;24,62;25,25;24,44;24,81;2100;2100;
2026-07-07 16:28:31;1911742;RUNNING;2;4;1,309;1,307;1,321;1,301;1,304;1,301;1,304;1,319;1,311;1,309;5,000;5,000;5,000;5,002;4,999;5,001;5,000;5,001;5,002;5,003;24,56;23,75;24,62;25,25;24,44;24,81;2100;2100;
2026-07-07 16:28:32;1912742;RUNNING;2;4;1,308;1,306;1,321;1,300;1,305;1,301;1,305;1,319;1,311;1,309;5,000;5,000;5,002;5,002;4,999;5,001;5,002;5,001;5,002;5,003;24,56;23,75;24,62;25,25;24,44;24,81;2100;2100;
2026-07-07 16:28:33;1913742;RUNNING;2;4;1,309;1,306;1,321;1,300;1,305;1,301;1,305;1,319;1,311;1,309;4,998;5,000;5,000;5,002;4,999;5,001;5,000;4,999;5,002;5,001;24,56;23,75;24,56;25,25;24,44;24,87;2100;2100;
2026-07-07 16:28:34;1914742;RUNNING;2;4;1,309;1,306;1,320;1,300;1,304;1,301;1,304;1,319;1,311;1,309;4,998;5,000;5,002;5,002;4,999;4,999;5,002;5,001;5,002;5,003;24,56;23,75;24,56;25,25;24,44;24,87;2100;2100;
2026-07-07 16:28:35;1915742;RUNNING;2;4;1,308;1,306;1,321;1,300;1,305;1,301;1,305;1,319;1,311;1,309;4,998;4,998;5,000;5,002;4,999;5,001;5,000;5,001;5,002;5,001;24,56;23,75;24,56;25,25;24,44;24,87;2100;2100;
2026-07-07 16:28:36;1916742;RUNNING;2;4;1,308;1,306;1,321;1,300;1,305;1,301;1,304;1,319;1,311;1,308;4,998;4,998;5,002;5,002;4,999;5,001;5,000;5,001;5,002;5,001;24,56;23,75;24,56;25,25;24,44;24,87;2100;2100;
2026-07-07 16:28:37;1917742;RUNNING;2;4;1,308;1,306;1,321;1,300;1,305;1,301;1,304;1,319;1,310;1,309;4,998;4,998;5,000;5,002;4,999;5,001;5,002;4,999;5,002;5,003;24,56;23,75;24,62;25,25;24,44;24,87;2100;2100;
2026-07-07 16:28:38;1918742;RUNNING;2;4;1,309;1,306;1,320;1,300;1,304;1,301;1,305;1,319;1,311;1,309;4,998;4,998;5,000;5,002;4,999;5,001;5,000;5,001;5,000;5,003;24,56;23,75;24,56;25,25;24,44;24,87;2100;2100;
2026-07-07 16:28:39;1919742;RUNNING;2;4;1,309;1,306;1,321;1,300;1,305;1,301;1,304;1,319;1,311;1,308;4,998;5,000;5,000;5,002;5,000;5,001;5,002;5,001;5,002;5,003;24,56;23,75;24,56;25,25;24,50;24,87;2100;2100;
2026-07-07 16:28:40;1920742;RUNNING;2;4;1,308;1,305;1,321;1,300;1,304;1,301;1,305;1,319;1,311;1,309;4,998;5,000;5,000;5,002;4,999;5,001;5,000;4,999;5,002;5,003;24,56;23,75;24,56;25,31;24,44;24,87;2100;2100;
2026-07-07 16:28:41;1921742;RUNNING;2;4;1,308;1,306;1,320;1,300;1,305;1,301;1,305;1,319;1,312;1,309;4,997;5,000;5,000;5,002;4,999;5,001;5,000;4,999;5,002;5,001;24,50;23,75;24,56;25,25;24,50;24,87;2100;2400;
2026-07-07 16:28:42;1922742;RUNNING;2;4;1,308;1,305;1,321;1,300;1,304;1,301;1,305;1,319;1,311;1,309;4,998;4,998;5,000;5,002;4,999;4,999;5,002;5,001;5,002;5,003;24,50;23,75;24,56;25,31;24,50;24,87;2100;2100;
2026-07-07 16:28:43;1923742;RUNNING;2;4;1,309;1,305;1,319;1,300;1,304;1,301;1,305;1,319;1,311;1,308;4,998;4,998;5,000;5,002;4,999;4,999;5,000;4,999;5,002;5,003;24,50;23,75;24,56;25,31;24,50;24,94;1800;2100;
2026-07-07 16:28:44;1924742;RUNNING;2;4;1,309;1,306;1,320;1,301;1,305;1,301;1,304;1,319;1,311;1,309;4,998;5,000;5,000;5,002;4,999;5,001;5,000;4,999;5,002;5,001;24,56;23,75;24,56;25,25;24,50;24,87;1800;2100;
2026-07-07 16:28:45;1925742;RUNNING;2;4;1,308;1,306;1,321;1,300;1,305;1,301;1,305;1,319;1,311;1,309;4,998;4,998;5,000;5,002;4,999;4,999;5,002;5,001;5,002;5,003;24,56;23,75;24,56;25,31;24,50;24,87;1800;2100;
2026-07-07 16:28:46;1926742;RUNNING;2;4;1,309;1,306;1,321;1,299;1,305;1,301;1,304;1,319;1,311;1,309;4,998;5,000;5,000;5,002;4,999;5,001;5,000;4,999;5,002;5,003;24,50;23,75;24,56;25,31;24,50;24,87;1800;2100;
2026-07-07 16:28:47;1927742;RUNNING;2;4;1,308;1,305;1,321;1,300;1,304;1,301;1,305;1,319;1,312;1,309;4,998;4,998;5,000;5,000;5,000;5,001;5,002;5,001;5,002;5,003;24,56;23,75;24,56;25,31;24,50;24,94;2100;1800;
2026-07-07 16:28:48;1928742;RUNNING;2;4;1,308;1,306;1,321;1,300;1,304;1,301;1,305;1,319;1,311;1,308;4,998;4,998;5,002;5,002;4,999;5,001;5,000;4,997;5,002;5,003;24,50;23,75;24,56;25,31;24,50;24,94;2100;2100;
2026-07-07 16:28:49;1929742;RUNNING;2;4;1,309;1,306;1,321;1,300;1,305;1,301;1,305;1,319;1,311;1,310;4,997;5,000;5,004;5,002;5,000;5,001;5,000;4,999;5,002;5,003;24,50;23,75;24,56;25,31;24,50;24,94;2100;2100;
2026-07-07 16:28:50;1930742;RUNNING;2;4;1,309;1,306;1,321;1,300;1,305;1,301;1,305;1,319;1,311;1,309;5,000;4,998;5,002;5,002;5,002;5,001;5,002;4,999;5,002;5,003;24,56;23,75;24,56;25,31;24,50;24,94;2100;2100;
2026-07-07 16:28:51;1931742;RUNNING;2;4;1,308;1,306;1,320;1,301;1,305;1,301;1,305;1,319;1,311;1,309;5,000;5,000;5,000;5,003;4,999;5,001;5,002;4,999;5,002;5,003;24,50;23,75;24,56;25,31;24,50;24,94;2100;2100;
2026-07-07 16:28:52;1932742;RUNNING;2;4;1,308;1,306;1,320;1,300;1,305;1,301;1,305;1,319;1,311;1,309;4,998;5,000;5,002;5,002;5,000;5,001;5,000;5,001;5,000;5,003;24,50;23,81;24,56;25,31;24,50;24,94;2100;2100;
2026-07-07 16:28:53;1933742;RUNNING;2;4;1,309;1,305;1,321;1,300;1,305;1,301;1,304;1,319;1,311;1,310;5,000;4,998;5,000;5,002;4,999;5,001;5,000;4,999;5,002;5,001;24,50;23,81;24,56;25,31;24,56;24,94;2100;2100;
2026-07-07 16:28:54;1934742;RUNNING;2;4;1,309;1,307;1,321;1,301;1,305;1,301;1,305;1,319;1,311;1,309;4,998;5,000;5,002;5,002;5,000;5,001;5,000;5,001;5,000;5,003;24,50;23,75;24,56;25,31;24,50;24,94;2100;2100;
2026-07-07 16:28:55;1935742;RUNNING;2;4;1,308;1,306;1,321;1,300;1,305;1,301;1,304;1,319;1,311;1,308;4,998;5,000;5,000;5,002;4,999;5,001;5,002;4,999;5,002;5,001;24,50;23,81;24,56;25,31;24,56;24,94;2400;2100;
2026-07-07 16:28:56;1936742;RUNNING;2;4;1,309;1,306;1,319;1,300;1,305;1,301;1,305;1,319;1,311;1,309;4,998;4,998;5,000;5,002;4,999;5,001;5,002;5,001;5,002;5,003;24,50;23,75;24,56;25,31;24,56;24,94;2100;2100;
2026-07-07 16:28:57;1937742;RUNNING;2;4;1,309;1,306;1,321;1,300;1,305;1,301;1,305;1,319;1,311;1,309;4,998;4,998;5,000;5,002;5,000;5,001;5,000;4,999;5,002;5,001;24,50;23,81;24,56;25,31;24,56;24,94;2100;2100;
2026-07-07 16:28:58;1938742;RUNNING;2;4;1,309;1,306;1,320;1,300;1,305;1,301;1,305;1,319;1,311;1,310;4,998;5,000;5,002;5,002;5,000;4,999;5,002;4,999;5,002;5,003;24,50;23,81;24,62;25,37;24,56;25,00;2100;2100;
2026-07-07 16:28:59;1939742;RUNNING;2;4;1,309;1,306;1,321;1,300;1,305;1,301;1,305;1,319;1,311;1,308;4,998;5,000;5,000;5,002;4,999;5,001;5,000;5,001;5,002;5,003;24,50;23,81;24,62;25,37;24,56;24,94;2100;2100;
2026-07-07 16:29:00;1940742;RUNNING;2;4;1,309;1,305;1,322;1,300;1,305;1,301;1,304;1,319;1,311;1,309;4,998;4,998;5,000;5,002;5,002;5,001;5,002;4,999;5,002;5,001;24,50;23,81;24,62;25,37;24,56;25,00;2100;1800;
2026-07-07 16:29:01;1941742;RUNNING;2;4;1,309;1,306;1,321;1,300;1,304;1,301;1,304;1,319;1,311;1,310;4,998;4,998;5,000;5,002;4,999;5,001;5,002;4,999;5,000;5,003;24,50;23,81;24,62;25,37;24,56;25,00;2100;2100;
2026-07-07 16:29:02;1942742;RUNNING;2;4;1,308;1,306;1,320;1,300;1,305;1,301;1,305;1,319;1,311;1,310;4,998;5,000;5,002;5,002;5,002;5,001;5,002;5,001;5,002;5,003;24,50;23,81;24,62;25,37;24,62;25,00;1800;2100;
2026-07-07 16:29:03;1943742;RUNNING;2;4;1,309;1,306;1,321;1,300;1,305;1,301;1,304;1,319;1,312;1,310;4,998;4,998;5,000;5,002;4,999;5,001;5,000;5,001;5,002;5,003;24,50;23,81;24,62;25,37;24,62;25,00;2100;2100;
2026-07-07 16:29:04;1944742;RUNNING;2;4;1,309;1,306;1,320;1,300;1,304;1,301;1,305;1,319;1,311;1,310;5,000;4,998;5,000;5,002;4,999;5,001;5,000;4,999;5,000;5,003;24,50;23,81;24,69;25,37;24,62;25,00;2100;2100;
2026-07-07 16:29:05;1945742;RUNNING;2;4;1,309;1,306;1,321;1,300;1,304;1,301;1,304;1,319;1,311;1,310;4,998;4,998;5,000;5,002;4,999;5,001;5,000;4,999;5,002;5,003;24,50;23,81;24,62;25,44;24,62;25,00;2100;2100;
2026-07-07 16:29:06;1946742;RUNNING;2;4;1,309;1,306;1,321;1,300;1,305;1,301;1,305;1,319;1,311;1,309;4,998;4,998;5,000;5,002;4,999;5,001;5,002;5,001;5,000;5,003;24,50;23,81;24,62;25,44;24,62;25,00;2100;2100;
2026-07-07 16:29:07;1947742;RUNNING;2;4;1,309;1,307;1,321;1,300;1,305;1,301;1,305;1,319;1,311;1,309;4,998;4,998;5,000;5,002;4,999;5,001;5,000;4,999;5,002;5,003;24,50;23,81;24,69;25,44;24,62;25,06;2100;2100;
2026-07-07 16:29:08;1948742;RUNNING;2;4;1,309;1,306;1,321;1,300;1,305;1,301;1,305;1,319;1,311;1,309;4,998;4,998;5,000;5,002;4,999;4,999;5,000;4,999;5,002;5,003;24,50;23,81;24,69;25,44;24,62;25,00;2100;2100;
2026-07-07 16:29:09;1949742;RUNNING;2;4;1,309;1,305;1,320;1,300;1,305;1,301;1,305;1,319;1,311;1,309;4,998;4,998;5,000;5,003;4,999;5,001;5,000;4,999;5,002;5,003;24,56;23,81;24,69;25,44;24,69;25,06;2100;2100;
2026-07-07 16:29:10;1950742;RUNNING;2;4;1,308;1,305;1,321;1,300;1,304;1,301;1,305;1,319;1,311;1,309;4,998;4,998;5,000;5,002;4,999;5,001;5,000;5,001;5,000;5,001;24,50;23,87;24,69;25,44;24,69;25,06;2400;2100;
2026-07-07 16:29:11;1951742;RUNNING;2;4;1,308;1,306;1,320;1,300;1,305;1,301;1,305;1,319;1,311;1,308;4,998;4,998;5,000;5,002;4,999;5,001;5,000;4,999;5,002;5,001;24,56;23,87;24,69;25,44;24,69;25,06;2100;2100;
2026-07-07 16:29:12;1952742;RUNNING;2;4;1,309;1,306;1,321;1,300;1,305;1,301;1,305;1,319;1,312;1,310;4,998;4,998;5,000;5,000;4,999;5,001;5,000;4,999;5,002;5,001;24,50;23,87;24,69;25,44;24,69;25,06;2100;1800;
2026-07-07 16:29:13;1953742;RUNNING;2;4;1,309;1,306;1,321;1,300;1,305;1,301;1,305;1,319;1,312;1,310;4,998;4,998;5,000;5,002;5,000;4,999;5,000;5,001;5,002;5,003;24,56;23,87;24,69;25,44;24,69;25,06;2100;2100;
2026-07-07 16:29:14;1954742;RUNNING;2;4;1,309;1,306;1,321;1,301;1,305;1,301;1,305;1,319;1,312;1,310;4,998;4,998;5,000;5,002;5,000;5,001;5,000;4,999;5,002;5,003;24,50;23,87;24,69;25,44;24,69;25,06;1800;2100;
2026-07-07 16:29:15;1955742;RUNNING;2;4;1,309;1,306;1,320;1,300;1,305;1,301;1,305;1,319;1,311;1,309;4,998;4,998;5,000;5,002;4,999;5,001;5,000;4,999;5,002;5,003;24,50;23,87;24,69;25,44;24,69;25,06;2100;2100;
2026-07-07 16:29:16;1956742;RUNNING;2;4;1,309;1,306;1,321;1,301;1,304;1,301;1,305;1,319;1,311;1,310;4,998;4,998;5,002;5,002;5,000;5,001;5,003;4,999;5,000;5,001;24,50;23,87;24,69;25,50;24,69;25,06;2100;2100;
2026-07-07 16:29:17;1957742;RUNNING;2;4;1,309;1,306;1,321;1,300;1,304;1,301;1,305;1,319;1,311;1,310;4,998;5,000;5,000;5,002;4,999;4,999;5,000;4,999;5,002;5,001;24,50;23,87;24,69;25,50;24,69;25,06;2100;2100;
2026-07-07 16:29:18;1958742;RUNNING;2;4;1,309;1,305;1,321;1,300;1,304;1,301;1,305;1,319;1,311;1,310;4,998;4,998;5,000;5,002;5,000;5,001;5,000;4,999;5,000;5,001;24,50;23,87;24,69;25,50;24,69;25,12;2100;2100;
2026-07-07 16:29:19;1959742;RUNNING;2;4;1,309;1,306;1,321;1,300;1,305;1,301;1,305;1,319;1,311;1,310;4,998;5,000;5,000;5,002;5,000;5,001;5,000;5,001;5,002;5,003;24,56;23,87;24,69;25,50;24,69;25,06;2100;2100;
2026-07-07 16:29:20;1960742;RUNNING;2;4;1,309;1,305;1,321;1,300;1,306;1,301;1,305;1,320;1,311;1,309;4,998;4,998;5,000;5,002;4,997;5,001;5,000;4,999;5,000;5,003;24,50;23,87;24,69;25,50;24,69;25,12;2100;2400;
2026-07-07 16:29:21;1961742;RUNNING;2;4;1,309;1,305;1,321;1,300;1,305;1,301;1,305;1,319;1,311;1,308;4,997;4,998;5,000;5,002;4,999;4,999;5,000;4,999;5,002;5,003;24,56;23,87;24,69;25,50;24,69;25,12;2100;2100;
2026-07-07 16:29:22;1962742;RUNNING;2;4;1,309;1,306;1,321;1,300;1,306;1,301;1,305;1,319;1,311;1,310;4,998;4,997;5,000;5,000;5,000;5,001;5,000;5,001;5,002;5,003;24,50;23,87;24,69;25,50;24,69;25,12;2100;2100;
2026-07-07 16:29:23;1963742;RUNNING;2;4;1,309;1,306;1,321;1,300;1,305;1,302;1,305;1,319;1,311;1,309;4,998;4,998;5,000;5,000;4,999;4,999;5,002;4,999;5,002;5,001;24,56;23,87;24,69;25,50;24,75;25,12;2100;2100;
2026-07-07 16:29:24;1964742;RUNNING;2;4;1,309;1,307;1,320;1,300;1,305;1,301;1,305;1,319;1,311;1,310;5,000;4,998;5,000;5,002;4,999;4,999;5,000;5,001;5,002;5,003;24,56;23,87;24,69;25,50;24,75;25,12;2100;1800;
2026-07-07 16:29:25;1965742;RUNNING;2;4;1,308;1,306;1,321;1,301;1,305;1,301;1,305;1,320;1,311;1,310;4,998;4,998;5,000;5,002;4,999;5,001;5,000;4,999;5,002;5,003;24,56;23,87;24,69;25,56;24,75;25,12;2100;2100;
2026-07-07 16:29:26;1966742;RUNNING;2;4;1,308;1,306;1,321;1,300;1,305;1,301;1,305;1,319;1,312;1,309;4,998;5,000;5,000;5,002;5,000;4,999;5,000;4,999;5,002;5,001;24,56;23,94;24,69;25,50;24,75;25,12;2100;2100;
2026-07-07 16:29:27;1967742;RUNNING;2;4;1,309;1,306;1,322;1,300;1,304;1,301;1,305;1,319;1,311;1,309;4,998;4,998;5,000;5,000;4,999;4,999;5,000;4,999;5,000;5,003;24,56;23,94;24,69;25,56;24,75;25,12;2100;2100;
2026-07-07 16:29:28;1968742;RUNNING;2;4;1,309;1,307;1,321;1,301;1,305;1,301;1,305;1,319;1,311;1,309;5,000;4,998;5,000;5,002;4,999;5,001;5,000;4,999;5,000;5,001;24,56;23,94;24,69;25,56;24,75;25,12;2100;2100;
2026-07-07 16:29:29;1969742;RUNNING;2;4;1,308;1,306;1,321;1,300;1,305;1,301;1,305;1,319;1,311;1,310;4,998;4,998;5,002;5,002;4,999;4,999;5,002;4,999;5,002;5,001;24,56;23,94;24,69;25,56;24,75;25,19;1800;2100;
2026-07-07 16:29:30;1970742;RUNNING;2;4;1,308;1,306;1,320;1,300;1,305;1,301;1,305;1,319;1,311;1,310;4,998;4,998;5,000;5,002;4,997;4,999;4,998;4,999;5,002;5,003;24,56;23,94;24,75;25,56;24,81;25,12;1800;2100;
2026-07-07 16:29:31;1971742;RUNNING;2;4;1,309;1,306;1,321;1,301;1,304;1,301;1,305;1,319;1,312;1,308;4,998;4,998;5,000;5,002;5,000;5,001;5,000;4,999;5,002;5,003;24,56;23,94;24,75;25,56;24,81;25,19;2100;2100;
2026-07-07 16:29:32;1972742;RUNNING;2;4;1,309;1,307;1,321;1,301;1,305;1,301;1,305;1,320;1,311;1,309;4,998;4,998;5,000;5,002;4,999;5,001;5,000;4,999;5,000;5,001;24,56;23,94;24,75;25,56;24,81;25,19;2100;2100;
2026-07-07 16:29:33;1973742;RUNNING;2;4;1,309;1,306;1,321;1,300;1,305;1,301;1,305;1,319;1,311;1,309;4,998;4,998;5,000;5,002;4,999;4,999;5,002;4,999;5,000;5,003;24,56;23,94;24,75;25,56;24,81;25,19;2100;2100;
2026-07-07 16:29:34;1974742;RUNNING;2;4;1,309;1,306;1,320;1,300;1,304;1,301;1,305;1,319;1,312;1,310;4,998;4,998;5,002;5,000;4,999;5,001;5,002;5,001;5,002;5,003;24,56;23,94;24,75;25,56;24,81;25,19;2100;1800;
2026-07-07 16:29:35;1975742;RUNNING;2;4;1,309;1,306;1,321;1,301;1,304;1,301;1,305;1,319;1,311;1,309;4,998;4,998;5,000;5,000;4,999;5,001;5,000;4,999;5,000;5,003;24,56;23,94;24,75;25,56;24,81;25,19;2100;2100;
2026-07-07 16:29:36;1976742;RUNNING;2;4;1,309;1,307;1,321;1,301;1,305;1,301;1,305;1,319;1,311;1,310;4,998;4,998;5,000;5,002;4,999;5,001;5,000;4,999;5,002;5,001;24,56;23,94;24,75;25,62;24,81;25,19;2100;2100;
2026-07-07 16:29:37;1977742;RUNNING;2;4;1,309;1,306;1,320;1,300;1,305;1,301;1,305;1,319;1,311;1,309;4,998;4,998;5,002;5,002;4,999;4,999;5,000;4,999;5,002;5,001;24,56;23,94;24,75;25,62;24,81;25,19;2100;2100;
2026-07-07 16:29:38;1978742;RUNNING;2;4;1,309;1,305;1,322;1,300;1,305;1,301;1,304;1,320;1,311;1,309;4,998;4,998;5,000;5,002;4,999;4,999;5,002;4,999;5,000;5,003;24,56;23,94;24,75;25,56;24,81;25,19;2100;2100;
2026-07-07 16:29:39;1979742;RUNNING;2;4;1,309;1,305;1,322;1,301;1,305;1,301;1,305;1,319;1,311;1,309;4,998;4,998;5,000;5,002;4,999;4,999;5,000;4,999;5,000;5,003;24,56;23,94;24,75;25,56;24,81;25,19;2100;2100;
2026-07-07 16:29:40;1980742;RUNNING;2;4;1,309;1,307;1,321;1,300;1,305;1,301;1,305;1,319;1,311;1,308;4,998;4,998;5,000;5,002;4,999;5,001;5,000;4,999;5,002;5,001;24,56;23,94;24,75;25,56;24,81;25,19;2100;2100;
2026-07-07 16:29:41;1981742;RUNNING;2;4;1,309;1,307;1,322;1,301;1,305;1,301;1,304;1,319;1,311;1,309;4,998;4,998;5,000;5,000;4,999;5,001;5,000;4,999;5,002;5,003;24,56;23,94;24,75;25,56;24,81;25,25;2100;2100;
2026-07-07 16:29:42;1982742;RUNNING;2;4;1,309;1,306;1,321;1,300;1,305;1,301;1,305;1,319;1,311;1,309;4,998;4,998;5,000;5,002;4,999;5,001;5,002;4,999;5,002;5,003;24,56;23,94;24,75;25,62;24,81;25,25;2100;2100;
2026-07-07 16:29:43;1983742;RUNNING;2;4;1,309;1,306;1,321;1,300;1,305;1,301;1,305;1,319;1,312;1,310;4,998;4,998;5,000;5,002;4,999;4,999;5,000;4,999;5,002;5,003;24,56;23,94;24,75;25,62;24,81;25,25;2100;2100;
2026-07-07 16:29:44;1984742;RUNNING;2;4;1,309;1,306;1,322;1,301;1,305;1,301;1,304;1,319;1,311;1,310;4,998;4,998;5,000;5,002;4,999;5,001;5,000;4,999;5,002;5,003;24,56;23,94;24,75;25,56;24,81;25,25;1800;1800;
2026-07-07 16:29:45;1985742;RUNNING;2;4;1,309;1,306;1,321;1,301;1,305;1,301;1,305;1,319;1,312;1,310;4,998;4,998;5,000;5,002;4,999;5,001;5,002;4,999;5,002;5,003;24,56;23,94;24,75;25,62;24,81;25,25;2100;2100;
2026-07-07 16:29:46;1986742;RUNNING;2;4;1,309;1,306;1,321;1,300;1,304;1,301;1,305;1,319;1,311;1,309;4,998;4,998;5,000;5,002;5,000;5,001;5,000;4,999;5,002;5,003;24,56;23,94;24,75;25,62;24,81;25,19;2100;2100;
2026-07-07 16:29:47;1987742;RUNNING;2;4;1,309;1,306;1,319;1,300;1,305;1,301;1,305;1,319;1,312;1,310;4,998;4,998;5,000;5,002;5,000;5,001;5,000;4,999;5,002;5,001;24,56;23,94;24,75;25,56;24,81;25,25;2100;2100;
2026-07-07 16:29:48;1988742;RUNNING;2;4;1,309;1,306;1,321;1,301;1,305;1,301;1,305;1,320;1,311;1,310;4,998;4,998;5,000;5,002;4,999;5,001;5,003;5,001;5,002;5,003;24,56;23,94;24,75;25,62;24,81;25,25;2100;2100;
2026-07-07 16:29:49;1989742;RUNNING;2;4;1,309;1,305;1,321;1,300;1,305;1,301;1,305;1,319;1,311;1,309;4,998;4,998;5,000;5,002;5,000;5,001;5,000;4,999;5,002;5,003;24,56;23,94;24,75;25,62;24,81;25,25;2100;2100;
2026-07-07 16:29:50;1990742;RUNNING;2;4;1,309;1,306;1,321;1,300;1,306;1,301;1,306;1,319;1,311;1,309;4,998;4,998;5,000;5,002;4,999;4,999;5,002;4,999;5,002;5,003;24,56;23,94;24,75;25,62;24,81;25,25;2100;2100;
2026-07-07 16:29:51;1991742;RUNNING;2;4;1,309;1,306;1,321;1,301;1,305;1,301;1,305;1,320;1,311;1,310;4,998;4,998;4,999;5,002;4,999;5,001;5,002;4,999;5,002;5,003;24,56;23,94;24,75;25,62;24,81;25,25;2100;2100;
2026-07-07 16:29:52;1992742;RUNNING;2;4;1,309;1,307;1,321;1,300;1,305;1,301;1,305;1,319;1,311;1,310;5,000;4,998;4,999;5,000;4,999;5,001;5,000;4,999;5,002;5,003;24,56;23,94;24,75;25,62;24,81;25,25;2100;2100;
2026-07-07 16:29:53;1993742;RUNNING;2;4;1,309;1,306;1,321;1,300;1,305;1,301;1,305;1,319;1,311;1,309;4,998;4,998;5,000;5,002;4,999;5,001;5,000;4,999;5,002;5,003;24,56;23,94;24,75;25,62;24,81;25,25;2100;2100;
2026-07-07 16:29:54;1994742;RUNNING;2;4;1,309;1,307;1,321;1,300;1,305;1,301;1,305;1,319;1,311;1,310;4,998;4,998;5,000;5,000;4,999;5,001;5,000;4,999;5,002;5,003;24,56;23,94;24,75;25,62;24,81;25,25;2100;1800;
2026-07-07 16:29:55;1995742;RUNNING;2;4;1,309;1,305;1,321;1,300;1,305;1,301;1,306;1,320;1,312;1,310;4,998;4,998;5,000;5,000;4,999;4,999;5,000;4,999;5,002;5,003;24,56;23,94;24,75;25,62;24,81;25,25;2100;2100;
2026-07-07 16:29:56;1996742;RUNNING;2;4;1,309;1,307;1,321;1,301;1,305;1,301;1,305;1,320;1,312;1,309;4,998;4,998;5,000;5,003;4,999;5,001;5,000;5,001;5,002;5,003;24,56;23,94;24,75;25,62;24,81;25,25;2100;2100;
2026-07-07 16:29:57;1997742;RUNNING;2;4;1,309;1,306;1,321;1,301;1,305;1,301;1,305;1,319;1,311;1,309;4,998;4,998;5,000;5,000;5,000;5,001;5,000;4,999;5,002;5,003;24,56;23,94;24,75;25,62;24,81;25,25;2100;2100;
2026-07-07 16:29:58;1998742;RUNNING;2;4;1,309;1,307;1,321;1,301;1,305;1,301;1,304;1,319;1,312;1,310;4,998;4,998;5,000;5,002;4,999;5,001;5,000;5,001;5,002;5,003;24,56;23,94;24,75;25,62;24,81;25,25;2100;2100;
2026-07-07 16:29:59;1999742;RUNNING;2;4;1,309;1,305;1,321;1,301;1,305;1,301;1,305;1,320;1,311;1,310;4,998;4,997;4,999;5,002;4,999;4,999;5,000;4,999;5,002;5,003;24,56;23,94;24,75;25,62;24,81;25,25;1800;2100;
2026-07-07 16:30:00;2000742;RUNNING;2;4;1,309;1,307;1,321;1,300;1,305;1,301;1,306;1,319;1,311;1,309;4,998;4,998;5,002;5,002;4,999;5,001;5,000;4,999;5,002;5,003;24,56;23,94;24,75;25,62;24,81;25,25;2100;2400;
2026-07-07 16:30:01;2001742;RUNNING;2;4;1,309;1,306;1,321;1,300;1,304;1,301;1,305;1,319;1,311;1,310;4,998;4,998;5,000;5,002;4,999;5,001;5,000;5,001;5,002;5,003;24,56;23,94;24,75;25,62;24,81;25,25;2100;2100;
2026-07-07 16:30:02;2002742;RUNNING;2;4;1,309;1,306;1,321;1,301;1,304;1,301;1,305;1,319;1,311;1,309;4,998;4,998;5,000;5,002;4,999;4,999;5,000;4,999;5,000;5,001;24,56;23,94;24,75;25,62;24,81;25,25;2100;2100;
2026-07-07 16:30:03;2003742;RUNNING;2;4;1,309;1,307;1,321;1,301;1,304;1,301;1,305;1,320;1,311;1,311;4,998;4,998;5,000;5,000;4,999;5,001;5,000;4,999;5,002;5,003;24,56;23,94;24,75;25,62;24,81;25,25;2100;1800;
2026-07-07 16:30:04;2004742;RUNNING;2;4;1,310;1,307;1,322;1,301;1,304;1,301;1,304;1,320;1,312;1,309;4,998;4,998;4,999;5,002;5,000;5,001;5,000;4,999;5,002;5,003;24,56;23,94;24,75;25,62;24,81;25,25;2100;2100;
2026-07-07 16:30:05;2005743;RUNNING;2;4;1,309;1,307;1,321;1,301;1,305;1,301;1,306;1,319;1,312;1,310;5,000;4,998;5,000;5,002;4,999;5,001;5,000;4,999;5,002;5,004;24,56;23,94;24,75;25,62;24,81;25,25;2100;2100;
2026-07-07 16:30:06;2006842;RUNNING;2;4;1,309;1,306;1,321;1,301;1,305;1,301;1,305;1,319;1,311;1,308;4,998;4,998;5,000;5,002;4,999;5,001;5,000;4,999;5,002;4,999;24,56;23,94;24,75;25,62;24,81;25,25;2100;2100;
2026-07-07 16:30:07;2007842;RUNNING;2;4;1,310;1,306;1,322;1,301;1,305;1,301;1,306;1,319;1,311;1,310;4,998;4,998;5,002;5,000;5,000;4,999;5,000;5,001;5,002;4,999;24,56;23,94;24,75;25,62;24,81;25,25;2100;2100;
2026-07-07 16:30:08;2008842;RUNNING;2;4;1,309;1,306;1,321;1,301;1,305;1,301;1,306;1,320;1,312;1,309;4,998;4,998;5,000;5,002;5,000;5,001;5,002;4,999;5,002;5,001;24,62;23,94;24,75;25,62;24,81;25,25;2100;2100;
2026-07-07 16:30:09;2009842;RUNNING;2;4;1,309;1,306;1,322;1,301;1,305;1,301;1,305;1,319;1,312;1,309;4,998;4,998;5,000;5,002;4,999;5,001;5,000;5,001;5,002;5,001;24,56;23,94;24,75;25,62;24,81;25,25;2100;2100;
2026-07-07 16:30:10;2010842;RUNNING;2;4;1,309;1,306;1,320;1,300;1,305;1,301;1,305;1,319;1,312;1,309;4,998;4,998;5,000;5,002;4,999;4,999;5,000;5,001;5,002;5,001;24,56;23,94;24,75;25,62;24,81;25,25;2100;2100;
2026-07-07 16:30:11;2011842;RUNNING;2;4;1,309;1,307;1,321;1,300;1,305;1,301;1,305;1,319;1,312;1,308;4,998;4,998;5,000;5,002;4,999;4,999;5,000;4,999;5,002;5,001;24,56;23,94;24,75;25,62;24,81;25,25;2100;2100;
2026-07-07 16:30:12;2012842;RUNNING;2;4;1,309;1,306;1,321;1,300;1,305;1,301;1,305;1,320;1,312;1,308;4,998;4,998;5,000;5,002;5,000;5,001;5,000;4,999;5,002;5,001;24,62;23,94;24,75;25,62;24,81;25,25;1800;2400;
2026-07-07 16:30:13;2013842;RUNNING;2;4;1,309;1,307;1,321;1,300;1,305;1,301;1,305;1,320;1,311;1,310;4,998;4,998;5,000;5,002;5,000;4,999;5,000;5,001;5,002;5,001;24,56;23,94;24,75;25,62;24,81;25,25;2100;2100;
2026-07-07 16:30:14;2014842;RUNNING;2;4;1,309;1,306;1,322;1,300;1,305;1,301;1,305;1,320;1,312;1,309;4,998;4,997;5,000;5,000;4,999;5,001;5,000;4,999;5,002;4,999;24,56;23,94;24,75;25,62;24,81;25,25;2100;2100;
2026-07-07 16:30:15;2015842;RUNNING;2;4;1,309;1,306;1,322;1,301;1,305;1,301;1,305;1,319;1,312;1,309;4,998;4,998;5,000;5,002;4,999;4,999;5,002;4,999;5,002;5,001;24,56;23,94;24,75;25,62;24,81;25,25;2100;2100;
2026-07-07 16:30:16;2016842;RUNNING;2;4;1,309;1,306;1,322;1,301;1,305;1,301;1,305;1,320;1,312;1,309;4,998;4,998;5,000;5,002;5,000;5,001;5,002;4,999;5,002;5,001;24,56;23,94;24,75;25,62;24,81;25,25;2100;2100;
2026-07-07 16:30:17;2017842;RUNNING;2;4;1,309;1,307;1,321;1,301;1,305;1,301;1,305;1,320;1,312;1,310;4,998;4,998;5,000;5,003;4,999;5,001;5,000;5,001;5,002;5,001;24,56;23,94;24,75;25,62;24,81;25,25;2100;2100;
2026-07-07 16:30:18;2018842;RUNNING;2;4;1,309;1,306;1,321;1,301;1,306;1,301;1,306;1,320;1,312;1,309;4,998;5,000;5,000;5,002;5,000;4,999;5,002;5,001;5,000;5,001;24,56;23,94;24,75;25,62;24,81;25,25;2100;2100;
2026-07-07 16:30:19;2019842;RUNNING;2;4;1,309;1,306;1,322;1,301;1,305;1,301;1,305;1,320;1,311;1,310;4,998;4,998;5,000;5,000;5,000;5,001;5,000;5,001;5,002;4,999;24,62;23,94;24,75;25,62;24,81;25,31;2100;2100;
2026-07-07 16:30:20;2020842;RUNNING;2;4;1,309;1,307;1,321;1,301;1,306;1,301;1,305;1,320;1,311;1,310;4,998;4,998;5,000;5,002;5,000;5,001;5,000;4,999;5,002;5,001;24,62;23,94;24,75;25,62;24,81;25,25;2100;2100;
2026-07-07 16:30:21;2021842;RUNNING;2;4;1,309;1,306;1,322;1,301;1,305;1,301;1,305;1,319;1,311;1,309;4,998;4,998;5,000;5,002;5,000;4,999;5,000;4,999;5,000;5,001;24,56;23,94;24,75;25,62;24,81;25,25;2100;2100;
2026-07-07 16:30:22;2022842;RUNNING;2;4;1,309;1,306;1,322;1,301;1,306;1,301;1,304;1,320;1,311;1,308;4,998;4,997;5,000;5,002;4,999;5,001;5,002;4,999;5,002;4,999;24,56;23,94;24,75;25,62;24,81;25,25;2100;1800;
2026-07-07 16:30:23;2023842;RUNNING;2;4;1,309;1,306;1,322;1,300;1,305;1,301;1,306;1,320;1,312;1,307;4,998;4,998;5,000;5,002;4,999;5,001;5,000;5,001;5,002;5,001;24,56;23,94;24,75;25,62;24,87;25,25;1800;2100;
2026-07-07 16:30:24;2024842;RUNNING;2;4;1,309;1,306;1,322;1,301;1,305;1,301;1,305;1,320;1,312;1,308;4,998;4,998;5,002;5,002;4,999;5,001;5,000;4,999;5,000;4,999;24,56;23,94;24,75;25,62;24,87;25,25;2100;2100;
2026-07-07 16:30:25;2025842;RUNNING;2;4;1,309;1,305;1,321;1,300;1,305;1,301;1,305;1,319;1,312;1,309;4,998;4,998;5,000;5,002;5,000;5,001;5,000;4,999;5,000;5,001;24,62;23,94;24,75;25,62;24,87;25,25;2100;2100;
2026-07-07 16:30:26;2026842;RUNNING;2;4;1,309;1,306;1,322;1,301;1,305;1,301;1,305;1,320;1,312;1,310;4,998;4,998;5,000;5,000;4,999;4,999;5,000;4,999;5,002;5,001;24,62;23,94;24,81;25,69;24,87;25,31;2100;2100;
2026-07-07 16:30:27;2027842;RUNNING;2;4;1,309;1,306;1,321;1,300;1,305;1,301;1,305;1,319;1,312;1,309;4,998;4,998;5,000;5,002;4,999;5,001;5,000;5,001;5,002;4,999;24,56;23,94;24,81;25,69;24,87;25,25;2100;2100;
2026-07-07 16:30:28;2028842;RUNNING;2;4;1,309;1,307;1,321;1,301;1,305;1,301;1,306;1,320;1,312;1,308;4,998;5,000;5,000;5,002;4,999;5,001;5,000;5,001;5,000;4,999;24,56;23,94;24,75;25,69;24,87;25,31;2100;2100;
2026-07-07 16:30:29;2029842;RUNNING;2;4;1,309;1,307;1,321;1,300;1,305;1,301;1,305;1,320;1,311;1,309;4,998;4,998;5,000;5,000;4,999;5,001;5,000;5,001;5,000;4,999;24,56;23,94;24,81;25,69;24,87;25,31;2100;2100;
2026-07-07 16:30:30;2030842;RUNNING;2;4;1,309;1,305;1,322;1,301;1,305;1,301;1,305;1,319;1,312;1,310;4,997;4,998;5,000;5,002;4,999;5,001;5,002;4,999;5,002;4,999;24,56;23,94;24,75;25,69;24,87;25,31;2100;2100;
2026-07-07 16:30:31;2031842;RUNNING;2;4;1,309;1,307;1,321;1,301;1,305;1,301;1,305;1,320;1,312;1,310;4,998;4,998;5,000;5,002;4,999;5,001;5,000;4,999;5,002;5,001;24,56;23,94;24,81;25,69;24,87;25,31;2100;2100;
2026-07-07 16:30:32;2032842;RUNNING;2;4;1,309;1,306;1,321;1,300;1,305;1,301;1,305;1,320;1,312;1,310;4,998;4,998;4,999;5,002;4,999;5,001;5,000;4,999;5,002;5,001;24,56;23,94;24,81;25,69;24,87;25,31;2100;2100;
2026-07-07 16:30:33;2033842;RUNNING;2;4;1,309;1,306;1,321;1,301;1,305;1,301;1,305;1,320;1,311;1,309;4,998;4,998;5,000;5,002;5,000;4,999;5,000;4,999;5,002;5,001;24,62;23,94;24,81;25,69;24,87;25,25;2100;2100;
2026-07-07 16:30:34;2034842;RUNNING;2;4;1,309;1,307;1,321;1,301;1,305;1,301;1,306;1,319;1,312;1,310;4,998;4,998;5,002;5,002;4,999;5,001;5,000;4,999;5,002;5,001;24,56;23,94;24,81;25,69;24,87;25,31;2100;2100;
2026-07-07 16:30:35;2035842;RUNNING;2;4;1,309;1,307;1,321;1,301;1,305;1,302;1,305;1,320;1,312;1,310;4,998;4,998;5,000;5,000;5,000;5,001;5,000;4,999;5,002;5,001;24,56;23,94;24,75;25,69;24,87;25,31;2100;2100;
2026-07-07 16:30:36;2036842;RUNNING;2;4;1,309;1,307;1,322;1,301;1,305;1,301;1,305;1,320;1,311;1,309;4,998;4,998;5,000;5,000;4,999;4,999;4,998;4,999;5,002;4,999;24,56;23,94;24,75;25,69;24,87;25,31;2100;2100;
2026-07-07 16:30:37;2037842;RUNNING;2;4;1,309;1,307;1,321;1,301;1,305;1,302;1,305;1,319;1,312;1,309;4,998;4,998;5,002;5,002;4,999;5,001;5,000;4,999;5,002;5,001;24,62;23,94;24,75;25,69;24,87;25,31;2100;2100;
2026-07-07 16:30:38;2038842;RUNNING;2;4;1,309;1,307;1,321;1,301;1,305;1,301;1,305;1,319;1,312;1,309;4,998;4,998;5,000;5,002;5,000;5,001;5,000;4,999;5,002;5,001;24,56;23,94;24,75;25,69;24,87;25,25;2100;2100;
2026-07-07 16:30:39;2039842;RUNNING;2;4;1,309;1,307;1,321;1,300;1,305;1,301;1,305;1,319;1,311;1,310;4,998;4,998;5,000;5,002;4,999;5,001;5,002;5,001;5,002;5,001;24,56;23,94;24,75;25,69;24,87;25,25;2100;2100;
2026-07-07 16:30:40;2040842;RUNNING;2;4;1,309;1,307;1,321;1,301;1,305;1,301;1,305;1,320;1,312;1,309;4,998;4,998;5,000;4,998;5,000;5,001;4,998;4,999;5,002;5,001;24,56;23,94;24,81;25,75;24,87;25,31;2100;2100;
2026-07-07 16:30:41;2041842;RUNNING;2;4;1,309;1,307;1,321;1,300;1,306;1,301;1,306;1,319;1,312;1,308;4,998;4,998;5,000;5,002;4,999;5,001;5,000;4,999;5,002;4,999;24,56;23,94;24,81;25,69;24,87;25,31;2100;2400;
2026-07-07 16:30:42;2042842;RUNNING;2;4;1,309;1,306;1,321;1,301;1,305;1,301;1,306;1,320;1,312;1,309;4,998;4,998;5,000;5,002;4,999;5,001;5,003;4,999;5,002;5,001;24,56;23,94;24,81;25,69;24,87;25,31;2100;2100;
2026-07-07 16:30:43;2043842;RUNNING;2;4;1,310;1,306;1,321;1,301;1,305;1,302;1,305;1,319;1,312;1,309;4,998;4,998;5,000;5,002;5,000;4,999;5,000;4,999;5,002;5,001;24,56;23,94;24,81;25,69;24,87;25,31;2100;2100;
2026-07-07 16:30:44;2044842;RUNNING;2;4;1,310;1,307;1,319;1,301;1,306;1,301;1,305;1,319;1,311;1,310;4,998;5,000;5,000;5,002;4,999;5,001;5,000;4,999;5,002;4,999;24,56;23,94;24,81;25,69;24,87;25,31;2100;2100;
2026-07-07 16:30:45;2045842;RUNNING;2;4;1,309;1,307;1,321;1,301;1,305;1,302;1,306;1,319;1,311;1,310;4,998;5,000;5,000;5,002;4,999;5,001;5,002;4,999;5,002;5,001;24,56;23,94;24,75;25,69;24,87;25,31;2100;1800;
2026-07-07 16:30:46;2046842;RUNNING;2;4;1,309;1,307;1,321;1,300;1,306;1,301;1,305;1,319;1,312;1,309;4,998;5,000;5,000;5,000;4,999;4,999;5,002;4,999;5,000;5,001;24,56;23,94;24,81;25,69;24,87;25,31;1800;2100;
2026-07-07 16:30:47;2047842;RUNNING;2;4;1,309;1,307;1,321;1,300;1,305;1,302;1,306;1,319;1,311;1,309;4,998;5,000;5,000;5,002;4,999;5,001;5,000;4,999;5,002;5,001;24,62;23,94;24,81;25,69;24,87;25,31;2100;2100;
2026-07-07 16:30:48;2048842;RUNNING;2;4;1,309;1,307;1,321;1,301;1,305;1,301;1,306;1,320;1,312;1,308;4,998;5,000;5,000;5,002;4,999;5,001;5,000;4,999;5,002;5,001;24,56;23,94;24,75;25,69;24,81;25,31;2100;2100;
2026-07-07 16:30:49;2049842;RUNNING;2;4;1,309;1,307;1,322;1,301;1,306;1,301;1,305;1,320;1,312;1,308;4,998;5,000;5,000;5,002;4,999;5,001;4,998;4,999;5,000;5,001;24,56;23,94;24,81;25,69;24,87;25,31;2400;2100;
2026-07-07 16:30:50;2050842;RUNNING;2;4;1,309;1,306;1,321;1,300;1,305;1,301;1,305;1,319;1,312;1,310;5,000;5,002;4,999;5,002;4,999;5,001;5,000;4,999;5,002;4,999;24,56;23,94;24,81;25,75;24,87;25,31;2100;2100;
2026-07-07 16:30:51;2051842;RUNNING;2;4;1,309;1,307;1,321;1,300;1,305;1,301;1,305;1,319;1,312;1,310;4,997;5,000;5,000;5,002;4,999;4,999;5,002;4,999;5,002;5,001;24,62;23,94;24,81;25,75;24,87;25,31;2100;2100;
2026-07-07 16:30:52;2052842;RUNNING;2;4;1,309;1,307;1,321;1,301;1,306;1,301;1,305;1,319;1,312;1,308;4,998;5,000;5,000;5,002;4,999;5,001;5,000;4,999;5,000;4,999;24,56;24,00;24,81;25,75;24,87;25,31;2100;2100;
2026-07-07 16:30:53;2053842;RUNNING;2;4;1,309;1,307;1,321;1,301;1,305;1,302;1,305;1,320;1,312;1,310;4,998;5,002;5,000;5,000;4,999;5,001;5,000;5,001;5,002;5,001;24,56;23,94;24,81;25,75;24,87;25,31;2100;1800;
2026-07-07 16:30:54;2054842;RUNNING;2;4;1,310;1,307;1,322;1,301;1,305;1,301;1,306;1,320;1,311;1,308;4,998;5,002;5,000;5,002;4,999;5,001;5,002;5,001;5,002;4,997;24,56;23,94;24,81;25,75;24,87;25,31;2100;2100;
2026-07-07 16:30:55;2055842;RUNNING;2;4;1,309;1,307;1,319;1,300;1,305;1,301;1,305;1,320;1,312;1,310;4,998;5,000;5,002;5,002;5,000;5,001;5,000;4,999;5,002;4,999;24,62;23,94;24,81;25,75;24,87;25,31;1800;2100;
2026-07-07 16:30:56;2056842;RUNNING;2;4;1,309;1,307;1,321;1,301;1,306;1,301;1,305;1,320;1,312;1,310;4,998;5,000;5,000;5,002;5,000;5,001;5,000;5,001;5,000;5,001;24,62;24,00;24,81;25,75;24,87;25,31;2100;2100;
2026-07-07 16:30:57;2057842;RUNNING;2;4;1,309;1,307;1,322;1,301;1,305;1,301;1,305;1,320;1,312;1,309;4,998;5,000;5,000;5,002;4,999;5,001;5,000;4,999;5,002;4,999;24,62;24,00;24,81;25,75;24,94;25,31;2100;2100;
2026-07-07 16:30:58;2058842;RUNNING;2;4;1,309;1,306;1,321;1,300;1,305;1,301;1,305;1,320;1,312;1,309;4,998;5,000;5,000;5,002;4,999;4,999;5,000;4,999;5,002;4,999;24,62;24,00;24,81;25,75;24,87;25,31;2100;2400;
2026-07-07 16:30:59;2059842;RUNNING;2;4;1,309;1,307;1,322;1,301;1,305;1,301;1,305;1,320;1,311;1,309;4,998;5,000;5,002;5,002;4,999;4,999;5,000;4,999;5,000;4,999;24,62;24,00;24,81;25,75;24,94;25,31;2100;2100;
2026-07-07 16:31:00;2060842;RUNNING;2;4;1,309;1,306;1,321;1,300;1,305;1,301;1,306;1,319;1,312;1,310;4,998;5,000;5,000;5,002;4,999;4,999;5,000;4,999;5,002;5,001;24,62;24,00;24,81;25,75;24,87;25,31;2100;2100;
2026-07-07 16:31:01;2061842;RUNNING;2;4;1,309;1,307;1,322;1,301;1,305;1,301;1,306;1,320;1,312;1,310;4,998;5,002;5,000;5,003;5,000;5,001;5,000;5,001;5,002;5,001;24,62;24,00;24,81;25,75;24,87;25,31;2100;2100;
2026-07-07 16:31:02;2062842;RUNNING;2;4;1,309;1,307;1,320;1,300;1,305;1,301;1,305;1,320;1,312;1,309;4,998;4,998;5,000;5,002;4,999;5,001;5,002;4,999;5,002;4,999;24,62;24,00;24,81;25,75;24,94;25,31;2100;2100;
2026-07-07 16:31:03;2063842;RUNNING;2;4;1,310;1,307;1,321;1,301;1,305;1,301;1,306;1,320;1,312;1,310;4,997;5,002;5,000;5,002;5,000;5,001;5,000;4,999;5,002;4,999;24,62;24,00;24,81;25,75;24,94;25,31;2100;2100;
2026-07-07 16:31:04;2064842;RUNNING;2;4;1,309;1,307;1,321;1,301;1,305;1,302;1,306;1,320;1,312;1,309;4,998;5,000;5,000;5,002;4,999;5,001;5,000;4,999;5,000;5,001;24,62;24,00;24,81;25,75;24,87;25,31;2100;2100;
2026-07-07 16:31:05;2065842;RUNNING;2;4;1,309;1,307;1,321;1,301;1,305;1,301;1,306;1,320;1,312;1,309;4,998;5,000;5,000;5,002;4,999;5,001;5,000;4,999;5,002;4,999;24,62;24,00;24,81;25,75;24,94;25,37;1800;2100;
2026-07-07 16:31:06;2066842;RUNNING;2;4;1,309;1,307;1,321;1,300;1,305;1,301;1,305;1,320;1,312;1,310;4,998;5,000;4,999;5,000;4,999;5,001;5,002;4,999;5,002;4,999;24,62;24,00;24,81;25,75;24,94;25,31;2100;2100;
2026-07-07 16:31:07;2067842;RUNNING;2;4;1,310;1,307;1,322;1,300;1,306;1,302;1,305;1,319;1,312;1,309;4,998;5,000;5,002;5,002;4,999;4,999;5,000;4,999;5,000;4,999;24,62;24,00;24,87;25,75;24,94;25,31;2100;2100;
2026-07-07 16:31:08;2068842;RUNNING;2;4;1,309;1,307;1,322;1,301;1,305;1,301;1,305;1,319;1,312;1,310;4,998;5,000;5,000;4,998;4,999;5,001;5,000;4,999;5,002;5,001;24,62;24,00;24,81;25,75;24,94;25,31;2100;1800;
2026-07-07 16:31:09;2069842;RUNNING;2;4;1,310;1,307;1,321;1,301;1,305;1,301;1,306;1,319;1,312;1,310;4,998;5,000;5,000;5,002;4,999;5,001;5,000;4,999;5,002;4,999;24,62;24,00;24,81;25,75;24,87;25,37;2100;2100;
2026-07-07 16:31:10;2070842;RUNNING;2;4;1,310;1,307;1,322;1,300;1,305;1,301;1,306;1,319;1,312;1,310;4,998;5,002;5,000;5,002;4,999;5,001;5,000;4,999;5,002;5,001;24,62;24,00;24,81;25,75;24,94;25,37;2100;2100;
2026-07-07 16:31:11;2071842;RUNNING;2;4;1,309;1,307;1,322;1,301;1,305;1,301;1,305;1,319;1,312;1,309;4,998;5,000;5,000;5,002;5,000;4,999;5,000;4,999;5,002;5,001;24,62;24,00;24,81;25,75;24,87;25,37;2100;2100;
2026-07-07 16:31:12;2072842;RUNNING;2;4;1,309;1,307;1,321;1,301;1,306;1,301;1,306;1,319;1,312;1,309;4,998;5,002;5,000;5,002;4,999;5,001;5,000;4,999;5,002;5,001;24,62;24,00;24,81;25,75;24,94;25,31;2100;2400;
2026-07-07 16:31:13;2073842;RUNNING;2;4;1,310;1,307;1,322;1,301;1,305;1,301;1,306;1,320;1,312;1,309;4,998;5,000;5,000;5,000;5,000;5,001;5,002;4,999;5,002;5,001;24,62;24,00;24,87;25,75;24,87;25,31;2100;2100;
2026-07-07 16:31:14;2074842;RUNNING;2;4;1,309;1,307;1,322;1,301;1,305;1,301;1,306;1,319;1,312;1,309;4,998;5,002;5,000;5,002;4,999;5,001;5,000;4,999;5,000;5,001;24,62;24,00;24,81;25,75;24,94;25,37;2100;2100;
2026-07-07 16:31:15;2075842;RUNNING;2;4;1,309;1,307;1,321;1,300;1,306;1,301;1,306;1,320;1,312;1,310;4,998;5,000;5,000;5,002;5,000;5,001;5,000;5,001;5,002;5,001;24,62;24,00;24,81;25,75;24,87;25,31;2100;1800;
2026-07-07 16:31:16;2076842;RUNNING;2;4;1,310;1,307;1,321;1,301;1,305;1,301;1,306;1,320;1,312;1,310;4,998;5,000;4,999;5,002;4,999;5,001;5,002;4,999;5,002;5,001;24,62;24,00;24,81;25,75;24,87;25,37;1800;2100;
2026-07-07 16:31:17;2077842;RUNNING;2;4;1,310;1,307;1,321;1,301;1,305;1,301;1,306;1,320;1,312;1,309;4,998;5,002;5,000;5,002;4,999;5,001;5,000;4,999;5,002;5,001;24,62;24,00;24,81;25,75;24,87;25,31;2100;2100;
2026-07-07 16:31:18;2078842;RUNNING;2;4;1,309;1,307;1,321;1,301;1,306;1,302;1,306;1,320;1,312;1,309;4,998;5,000;5,000;5,000;4,999;5,001;5,000;4,999;5,002;5,001;24,62;23,94;24,87;25,75;24,87;25,31;2100;2100;
2026-07-07 16:31:19;2079842;RUNNING;2;4;1,309;1,307;1,321;1,301;1,305;1,301;1,305;1,319;1,312;1,309;4,998;5,000;5,000;5,000;4,999;4,999;5,000;4,999;5,000;5,001;24,62;23,94;24,81;25,75;24,87;25,37;2100;2100;
2026-07-07 16:31:20;2080842;RUNNING;2;4;1,309;1,307;1,321;1,301;1,306;1,301;1,306;1,320;1,312;1,309;4,998;5,000;5,000;5,002;4,999;5,001;5,000;4,999;5,002;4,999;24,62;23,94;24,81;25,75;24,94;25,37;2100;2100;
2026-07-07 16:31:21;2081842;RUNNING;2;4;1,310;1,307;1,321;1,301;1,305;1,301;1,305;1,320;1,312;1,310;4,998;5,002;5,000;5,000;4,999;5,001;5,000;4,999;5,002;5,001;24,62;23,94;24,81;25,75;24,87;25,31;2100;2100;
2026-07-07 16:31:22;2082842;RUNNING;2;4;1,310;1,307;1,322;1,301;1,305;1,301;1,305;1,319;1,312;1,308;4,997;5,002;5,000;5,000;4,999;5,001;5,000;4,999;5,002;5,001;24,62;23,94;24,81;25,75;24,87;25,31;2100;1800;
2026-07-07 16:31:23;2083842;RUNNING;2;4;1,310;1,307;1,321;1,300;1,306;1,301;1,306;1,320;1,312;1,308;5,000;5,002;5,000;5,000;4,999;4,999;5,000;4,999;5,002;5,001;24,62;23,94;24,81;25,81;24,87;25,31;2100;2100;
2026-07-07 16:31:24;2084842;RUNNING;2;4;1,309;1,307;1,321;1,300;1,305;1,302;1,306;1,320;1,312;1,309;4,998;5,000;5,000;5,002;5,000;5,001;5,000;4,999;5,000;5,001;24,62;23,94;24,81;25,75;24,87;25,31;2100;2100;
2026-07-07 16:31:25;2085842;RUNNING;2;4;1,310;1,307;1,321;1,301;1,305;1,301;1,305;1,320;1,312;1,310;4,998;5,000;5,000;5,000;4,999;4,999;5,002;4,999;5,002;5,001;24,62;24,00;24,81;25,75;24,87;25,31;2100;2100;
2026-07-07 16:31:26;2086842;RUNNING;2;4;1,309;1,307;1,321;1,301;1,305;1,301;1,306;1,319;1,312;1,310;4,998;5,000;5,000;5,000;4,999;5,001;5,000;4,999;5,004;5,001;24,62;23,94;24,81;25,75;24,87;25,31;2100;2100;
2026-07-07 16:31:27;2087842;RUNNING;2;4;1,309;1,307;1,322;1,301;1,305;1,302;1,305;1,320;1,312;1,309;4,998;5,002;5,000;5,002;4,999;5,001;5,000;5,001;5,002;5,001;24,62;24,00;24,81;25,75;24,87;25,31;1800;2100;
2026-07-07 16:31:28;2088842;RUNNING;2;4;1,309;1,307;1,321;1,301;1,305;1,302;1,306;1,319;1,312;1,309;4,998;5,000;4,999;5,002;4,999;5,001;5,000;4,999;5,002;5,001;24,62;23,94;24,81;25,75;24,87;25,31;2100;2100;
2026-07-07 16:31:29;2089842;RUNNING;2;4;1,309;1,307;1,322;1,300;1,305;1,301;1,305;1,320;1,312;1,309;4,998;5,000;5,000;5,002;5,000;5,001;5,000;5,001;5,002;5,001;24,62;23,94;24,81;25,75;24,87;25,31;2100;2100;
2026-07-07 16:31:30;2090842;RUNNING;2;4;1,309;1,307;1,321;1,301;1,305;1,301;1,305;1,319;1,312;1,310;4,998;5,000;5,002;5,002;4,999;5,001;5,002;4,999;5,002;5,001;24,62;23,94;24,87;25,75;24,87;25,37;2100;1800;
2026-07-07 16:31:31;2091842;RUNNING;2;4;1,309;1,307;1,322;1,301;1,306;1,301;1,306;1,320;1,311;1,310;4,997;5,000;5,000;5,002;4,999;5,001;5,002;4,999;5,002;5,001;24,62;23,94;24,87;25,75;24,87;25,31;2100;2100;
2026-07-07 16:31:32;2092842;RUNNING;2;4;1,310;1,307;1,322;1,300;1,305;1,301;1,306;1,320;1,312;1,311;5,000;5,002;5,000;5,002;5,000;5,001;5,002;4,999;5,002;5,001;24,62;23,94;24,87;25,81;24,87;25,31;2100;2100;
2026-07-07 16:31:33;2093842;RUNNING;2;4;1,309;1,307;1,321;1,300;1,306;1,302;1,306;1,320;1,312;1,309;4,997;5,000;5,000;5,000;4,999;5,001;5,000;4,999;5,002;5,001;24,62;24,00;24,87;25,81;24,87;25,31;2100;2100;
2026-07-07 16:31:34;2094842;RUNNING;2;4;1,309;1,307;1,322;1,301;1,305;1,301;1,305;1,320;1,312;1,309;4,997;5,000;5,000;5,000;5,000;5,001;5,000;4,999;5,002;5,001;24,62;24,00;24,87;25,81;24,87;25,31;2100;2100;
2026-07-07 16:31:35;2095842;RUNNING;2;4;1,309;1,307;1,321;1,301;1,305;1,301;1,305;1,320;1,312;1,310;4,998;5,000;4,999;5,002;5,000;5,001;5,000;5,001;5,002;5,001;24,62;23,94;24,87;25,75;24,87;25,31;2100;2100;
2026-07-07 16:31:36;2096842;RUNNING;2;4;1,309;1,307;1,321;1,300;1,306;1,301;1,305;1,320;1,312;1,310;4,998;5,000;5,000;5,002;5,000;5,001;5,000;5,001;5,002;5,001;24,62;23,94;24,87;25,81;24,87;25,37;2100;2400;
2026-07-07 16:31:37;2097842;RUNNING;2;4;1,309;1,308;1,322;1,301;1,305;1,301;1,305;1,320;1,311;1,310;4,998;5,002;5,002;5,002;5,000;5,001;5,000;4,999;5,002;5,001;24,62;24,00;24,87;25,81;24,94;25,37;2100;2100;
2026-07-07 16:31:38;2098842;RUNNING;2;4;1,309;1,307;1,321;1,301;1,305;1,301;1,306;1,319;1,312;1,309;4,998;5,000;4,999;5,002;4,999;4,999;5,000;4,999;5,002;5,001;24,62;23,94;24,87;25,81;24,94;25,37;1800;2100;
2026-07-07 16:31:39;2099842;RUNNING;2;4;1,309;1,307;1,322;1,301;1,305;1,301;1,306;1,320;1,312;1,310;4,998;5,000;5,000;5,002;4,999;5,001;5,000;5,001;5,002;5,001;24,62;24,00;24,87;25,81;24,94;25,37;2100;2100;
2026-07-07 16:31:40;2100842;RUNNING;2;4;1,309;1,307;1,321;1,301;1,305;1,301;1,305;1,320;1,312;1,310;4,998;5,000;5,000;5,002;4,999;4,999;5,000;4,999;5,002;4,999;24,62;24,00;24,87;25,81;24,94;25,37;2100;2100;
2026-07-07 16:31:41;2101842;RUNNING;2;4;1,309;1,307;1,322;1,301;1,305;1,302;1,305;1,320;1,312;1,308;4,998;5,002;4,999;5,002;4,999;5,001;5,000;4,999;5,002;4,999;24,62;24,00;24,87;25,81;24,94;25,37;2100;2100;
2026-07-07 16:31:42;2102842;RUNNING;2;4;1,310;1,307;1,321;1,301;1,305;1,301;1,305;1,320;1,312;1,311;4,998;5,000;5,000;5,002;5,000;5,001;5,002;4,999;5,002;5,001;24,62;24,00;24,87;25,81;24,94;25,37;2100;2100;
2026-07-07 16:31:43;2103842;RUNNING;2;4;1,309;1,307;1,322;1,301;1,305;1,301;1,306;1,320;1,312;1,308;4,998;5,000;5,000;5,002;4,999;4,999;5,002;4,999;5,002;4,999;24,62;24,00;24,87;25,81;24,94;25,37;2100;2100;
2026-07-07 16:31:44;2104842;RUNNING;2;4;1,309;1,307;1,321;1,301;1,306;1,301;1,305;1,320;1,312;1,310;4,998;5,000;5,000;5,002;4,999;5,001;5,000;4,999;5,002;5,001;24,62;24,00;24,87;25,81;24,94;25,37;2100;1800;
2026-07-07 16:31:45;2105842;RUNNING;2;4;1,309;1,307;1,321;1,301;1,305;1,301;1,305;1,319;1,312;1,309;4,998;5,000;5,000;5,000;4,999;5,001;5,000;5,001;5,002;5,001;24,62;24,00;24,87;25,81;24,94;25,37;2100;2100;
2026-07-07 16:31:46;2106842;RUNNING;2;4;1,309;1,307;1,322;1,301;1,306;1,302;1,305;1,320;1,312;1,310;4,998;5,000;4,999;5,002;5,000;4,999;5,000;4,999;5,002;5,001;24,62;24,00;24,87;25,81;24,94;25,37;2100;2100;
2026-07-07 16:31:47;2107842;RUNNING;2;4;1,309;1,307;1,321;1,301;1,305;1,301;1,305;1,320;1,312;1,310;4,998;5,000;4,999;5,000;5,000;4,999;5,000;4,999;5,000;5,001;24,62;24,00;24,87;25,81;24,94;25,37;2100;2100;
2026-07-07 16:31:48;2108842;RUNNING;2;4;1,309;1,307;1,321;1,301;1,305;1,301;1,305;1,320;1,312;1,308;5,000;5,000;5,000;5,002;4,999;5,001;5,002;4,999;5,002;5,001;24,62;24,00;24,87;25,81;24,94;25,37;2100;2100;
2026-07-07 16:31:49;2109842;RUNNING;2;4;1,309;1,307;1,322;1,301;1,305;1,301;1,306;1,320;1,312;1,309;5,000;5,000;5,000;5,000;4,999;5,001;5,002;4,999;5,002;5,001;24,62;24,00;24,87;25,81;24,94;25,37;2100;2100;
2026-07-07 16:31:50;2110842;RUNNING;2;4;1,310;1,307;1,322;1,301;1,305;1,302;1,305;1,320;1,312;1,310;4,998;5,000;5,000;5,002;4,999;4,999;5,000;4,999;5,002;5,001;24,62;24,00;24,87;25,81;24,94;25,37;2100;2100;
2026-07-07 16:31:51;2111842;RUNNING;2;4;1,310;1,307;1,322;1,301;1,305;1,301;1,306;1,320;1,312;1,309;4,998;5,000;5,000;5,000;4,999;5,001;5,000;5,001;5,002;4,999;24,62;24,00;24,87;25,81;24,94;25,37;2100;2100;
2026-07-07 16:31:52;2112842;RUNNING;2;4;1,310;1,307;1,322;1,301;1,305;1,301;1,306;1,320;1,312;1,310;5,000;5,000;4,999;5,000;5,000;5,001;5,000;4,999;5,002;4,999;24,62;24,00;24,87;25,81;24,94;25,37;2100;2100;
2026-07-07 16:31:53;2113842;RUNNING;2;4;1,310;1,308;1,321;1,301;1,305;1,301;1,306;1,319;1,311;1,310;4,998;5,002;5,000;5,002;4,999;4,999;5,002;4,999;5,002;5,001;24,62;24,00;24,87;25,81;24,94;25,37;2100;2100;
2026-07-07 16:31:54;2114842;RUNNING;2;4;1,310;1,307;1,322;1,301;1,305;1,302;1,305;1,320;1,312;1,310;4,998;5,002;5,000;5,002;4,999;5,001;5,000;5,001;5,002;4,999;24,62;24,00;24,87;25,81;25,00;25,44;2100;2100;
2026-07-07 16:31:55;2115842;RUNNING;2;4;1,309;1,307;1,321;1,301;1,306;1,302;1,306;1,320;1,312;1,309;4,998;5,002;5,000;5,000;4,999;5,001;5,000;4,999;5,002;4,999;24,62;24,00;24,87;25,81;25,00;25,44;2100;2100;
2026-07-07 16:31:56;2116842;RUNNING;2;4;1,309;1,307;1,322;1,301;1,306;1,302;1,305;1,320;1,312;1,310;4,998;5,000;5,000;5,000;4,999;5,001;5,000;4,999;5,002;5,001;24,62;24,00;24,87;25,81;25,00;25,37;2100;2100;
2026-07-07 16:31:57;2117842;RUNNING;2;4;1,310;1,307;1,321;1,301;1,306;1,301;1,305;1,320;1,312;1,310;4,998;5,000;5,000;5,002;4,999;4,999;5,000;4,999;5,000;5,001;24,62;24,06;24,87;25,81;25,00;25,44;2100;2100;
2026-07-07 16:31:58;2118842;RUNNING;2;4;1,309;1,307;1,322;1,301;1,306;1,302;1,306;1,320;1,312;1,309;4,998;5,000;5,000;5,002;4,999;5,001;5,002;4,999;5,002;5,001;24,62;24,06;24,87;25,81;25,00;25,44;2100;2100;
2026-07-07 16:31:59;2119842;RUNNING;2;4;1,310;1,307;1,321;1,301;1,305;1,302;1,305;1,319;1,312;1,309;4,998;5,000;5,000;5,002;5,000;4,999;5,000;4,999;5,002;5,001;24,62;24,06;24,87;25,81;25,00;25,44;2100;2100;
2026-07-07 16:32:00;2120842;RUNNING;2;4;1,309;1,307;1,322;1,301;1,305;1,301;1,306;1,320;1,312;1,310;4,998;5,000;5,000;5,000;5,000;5,001;5,000;4,999;5,002;5,001;24,69;24,06;24,87;25,81;25,00;25,44;2100;2100;
2026-07-07 16:32:01;2121842;RUNNING;2;4;1,310;1,307;1,321;1,301;1,305;1,301;1,306;1,320;1,312;1,310;4,998;5,000;5,000;5,000;5,000;5,001;5,000;4,999;5,002;4,999;24,62;24,06;24,87;25,81;25,00;25,44;1800;2100;
2026-07-07 16:32:02;2122842;RUNNING;2;4;1,309;1,307;1,322;1,301;1,306;1,302;1,305;1,320;1,312;1,308;4,998;5,000;5,000;5,002;5,000;5,001;5,000;4,999;5,000;5,001;24,62;24,06;24,87;25,81;25,00;25,44;2100;2100;
2026-07-07 16:32:03;2123842;RUNNING;2;4;1,310;1,307;1,322;1,301;1,305;1,301;1,305;1,320;1,312;1,310;4,998;5,000;5,000;5,000;4,999;5,001;5,000;4,999;5,002;5,001;24,69;24,06;24,87;25,81;25,00;25,44;2100;2100;
2026-07-07 16:32:04;2124842;RUNNING;2;4;1,310;1,307;1,322;1,301;1,305;1,302;1,306;1,320;1,312;1,310;4,998;5,002;5,000;5,002;4,999;5,001;5,000;4,999;5,002;5,001;24,69;24,06;24,94;25,81;25,00;25,44;2100;2100;
2026-07-07 16:32:05;2125842;RUNNING;2;4;1,309;1,308;1,321;1,301;1,305;1,301;1,305;1,320;1,312;1,310;4,998;5,000;5,000;5,002;4,999;5,001;5,000;4,999;5,002;5,001;24,69;24,06;24,87;25,81;25,00;25,44;2100;2100;
2026-07-07 16:32:06;2126842;RUNNING;2;4;1,309;1,307;1,322;1,301;1,305;1,301;1,305;1,320;1,312;1,310;4,998;5,002;5,000;5,002;4,999;5,001;5,000;4,999;5,002;4,999;24,69;24,06;24,87;25,81;25,00;25,44;2100;2100;
2026-07-07 16:32:07;2127842;RUNNING;2;4;1,310;1,307;1,321;1,301;1,306;1,301;1,305;1,320;1,312;1,310;4,998;5,000;5,000;5,002;4,999;5,001;5,002;5,001;5,002;5,001;24,69;24,06;24,87;25,87;25,06;25,44;2100;2100;
2026-07-07 16:32:08;2128842;RUNNING;2;4;1,309;1,308;1,321;1,301;1,306;1,301;1,306;1,319;1,312;1,310;4,998;5,002;5,000;5,000;5,000;5,001;5,000;4,999;5,002;5,001;24,69;24,06;24,87;25,81;25,00;25,44;2100;2100;
2026-07-07 16:32:09;2129842;RUNNING;2;4;1,310;1,307;1,322;1,301;1,306;1,302;1,305;1,320;1,312;1,310;4,998;5,000;5,000;5,000;4,999;5,001;5,000;4,999;5,002;5,001;24,69;24,06;24,87;25,87;25,00;25,44;2100;2400;
2026-07-07 16:32:10;2130842;RUNNING;2;4;1,309;1,307;1,322;1,301;1,306;1,301;1,306;1,320;1,312;1,310;4,997;5,000;5,000;5,002;4,999;5,001;5,000;5,001;5,002;5,001;24,69;24,06;24,87;25,87;25,00;25,50;2100;2100;
2026-07-07 16:32:11;2131842;RUNNING;2;4;1,309;1,307;1,322;1,301;1,306;1,301;1,306;1,320;1,312;1,310;4,998;5,000;5,000;5,002;5,000;5,001;5,000;4,999;5,000;5,001;24,62;24,06;24,87;25,87;25,00;25,44;2100;2100;
2026-07-07 16:32:12;2132842;RUNNING;2;4;1,310;1,307;1,321;1,301;1,306;1,301;1,306;1,320;1,312;1,309;5,000;5,002;5,000;5,000;4,999;5,001;5,002;4,999;5,002;5,003;24,69;24,06;24,87;25,87;25,06;25,44;2100;2400;
2026-07-07 16:32:13;2133842;RUNNING;2;4;1,309;1,307;1,322;1,301;1,305;1,302;1,306;1,320;1,312;1,310;4,998;5,002;5,000;5,002;5,000;4,999;5,000;4,999;5,002;5,001;24,69;24,06;24,87;25,87;25,06;25,44;2100;2100;
2026-07-07 16:32:14;2134842;RUNNING;2;4;1,310;1,307;1,321;1,301;1,305;1,302;1,306;1,320;1,312;1,309;4,998;5,002;5,000;5,002;5,000;5,001;5,000;4,999;5,000;5,001;24,69;24,06;24,87;25,87;25,00;25,44;2100;2100;
2026-07-07 16:32:15;2135842;RUNNING;2;4;1,310;1,307;1,321;1,301;1,305;1,302;1,306;1,320;1,312;1,310;4,998;5,002;5,000;5,002;4,999;5,001;5,002;4,999;5,002;5,001;24,69;24,06;24,87;25,81;25,06;25,50;2400;2100;
2026-07-07 16:32:16;2136842;RUNNING;2;4;1,309;1,307;1,321;1,301;1,306;1,302;1,305;1,319;1,312;1,308;4,998;5,002;5,000;5,000;4,999;5,001;5,000;5,001;5,002;5,001;24,69;24,06;24,94;25,81;25,06;25,44;2100;2100;
2026-07-07 16:32:17;2137842;RUNNING;2;4;1,310;1,307;1,321;1,301;1,306;1,301;1,306;1,320;1,312;1,310;5,000;5,000;5,000;5,000;5,000;5,001;5,002;4,999;5,002;5,001;24,69;24,06;24,87;25,87;25,00;25,50;2100;2100;
2026-07-07 16:32:18;2138842;RUNNING;2;4;1,310;1,307;1,321;1,301;1,306;1,302;1,305;1,320;1,312;1,310;4,998;5,000;5,000;5,000;4,999;5,001;5,000;4,999;5,002;5,001;24,69;24,06;24,87;25,81;25,06;25,50;2100;2100;
2026-07-07 16:32:19;2139842;RUNNING;2;4;1,309;1,308;1,322;1,301;1,306;1,302;1,305;1,320;1,312;1,310;4,998;5,000;5,000;5,002;5,000;5,001;5,000;4,999;5,002;5,001;24,69;24,06;24,94;25,87;25,06;25,44;2100;2100;
2026-07-07 16:32:20;2140842;RUNNING;2;4;1,309;1,307;1,321;1,301;1,306;1,301;1,305;1,320;1,312;1,308;4,998;5,000;5,000;5,000;4,999;5,001;5,002;4,999;5,002;5,001;24,69;24,06;24,87;25,87;25,06;25,44;2100;2100;
2026-07-07 16:32:21;2141842;RUNNING;2;4;1,310;1,307;1,321;1,301;1,306;1,301;1,305;1,320;1,312;1,310;4,998;5,002;5,000;5,002;4,999;5,001;4,998;4,999;5,000;4,999;24,69;24,06;24,87;25,87;25,06;25,50;2100;2100;
2026-07-07 16:32:22;2142842;RUNNING;2;4;1,310;1,307;1,322;1,301;1,306;1,301;1,305;1,320;1,312;1,309;4,998;5,000;5,000;5,002;4,999;5,001;5,000;4,999;5,002;4,999;24,69;24,06;24,94;25,87;25,06;25,50;2100;2100;
2026-07-07 16:32:23;2143842;RUNNING;2;4;1,310;1,307;1,321;1,301;1,305;1,302;1,305;1,319;1,312;1,310;4,998;5,000;5,000;5,000;4,999;5,001;5,000;4,999;5,002;5,001;24,69;24,06;24,87;25,87;25,06;25,44;2100;2100;
2026-07-07 16:32:24;2144842;RUNNING;2;4;1,310;1,307;1,322;1,301;1,306;1,302;1,306;1,320;1,312;1,309;4,998;5,000;5,000;5,002;5,000;4,999;5,000;4,999;5,002;5,001;24,69;24,06;24,87;25,87;25,00;25,50;2100;2100;
2026-07-07 16:32:25;2145842;RUNNING;2;4;1,310;1,307;1,322;1,301;1,305;1,302;1,305;1,319;1,312;1,310;4,998;5,000;5,000;5,002;4,999;5,001;5,000;5,001;5,002;5,001;24,69;24,06;24,87;25,81;25,06;25,50;2100;2100;
2026-07-07 16:32:26;2146842;RUNNING;2;4;1,309;1,307;1,322;1,301;1,306;1,301;1,306;1,320;1,312;1,310;4,998;5,000;5,000;5,002;4,999;5,001;5,000;4,999;5,000;5,001;24,69;24,06;24,87;25,87;25,00;25,50;2400;2100;
2026-07-07 16:32:27;2147842;RUNNING;2;4;1,310;1,307;1,321;1,301;1,306;1,301;1,306;1,320;1,312;1,309;4,998;5,000;5,000;5,003;4,999;5,001;5,000;5,001;5,002;5,001;24,69;24,06;24,94;25,87;25,06;25,44;2100;2100;
2026-07-07 16:32:28;2148842;RUNNING;2;4;1,310;1,307;1,322;1,301;1,306;1,302;1,306;1,319;1,312;1,310;4,998;5,000;5,000;5,002;4,999;5,001;5,000;4,999;5,002;5,001;24,69;24,06;24,87;25,87;25,06;25,50;2100;2100;
2026-07-07 16:32:29;2149842;RUNNING;2;4;1,309;1,307;1,321;1,301;1,306;1,301;1,306;1,319;1,312;1,309;4,998;5,000;5,000;5,002;5,000;5,001;5,000;5,001;5,002;5,001;24,69;24,06;24,87;25,87;25,00;25,50;2100;2100;
2026-07-07 16:32:30;2150842;RUNNING;2;4;1,309;1,307;1,321;1,301;1,306;1,301;1,305;1,320;1,312;1,309;4,998;5,000;5,000;5,000;4,999;4,999;5,000;4,999;5,002;5,001;24,69;24,06;24,87;25,81;25,06;25,50;2100;2100;
2026-07-07 16:32:31;2151842;RUNNING;2;4;1,310;1,307;1,321;1,301;1,306;1,302;1,306;1,320;1,312;1,309;4,998;5,000;5,000;5,002;4,999;4,999;5,000;4,999;5,000;5,001;24,69;24,06;24,87;25,87;25,00;25,44;2100;2100;
2026-07-07 16:32:32;2152842;RUNNING;2;4;1,310;1,307;1,322;1,301;1,305;1,301;1,305;1,320;1,312;1,309;4,998;5,000;5,000;5,002;4,999;5,001;5,000;4,999;5,002;5,001;24,69;24,06;24,87;25,81;25,00;25,44;2100;2100;
2026-07-07 16:32:33;2153842;RUNNING;2;4;1,310;1,307;1,321;1,301;1,306;1,301;1,306;1,320;1,312;1,311;4,998;5,000;5,000;5,000;4,999;5,001;5,000;5,001;5,002;5,001;24,69;24,06;24,87;25,87;25,00;25,50;1800;2100;
2026-07-07 16:32:34;2154842;RUNNING;2;4;1,310;1,308;1,321;1,301;1,305;1,302;1,306;1,320;1,312;1,310;4,998;5,000;5,000;5,002;4,999;5,001;5,000;4,999;5,002;5,003;24,69;24,06;24,87;25,81;25,00;25,44;2100;2100;
2026-07-07 16:32:35;2155842;RUNNING;2;4;1,310;1,307;1,321;1,301;1,305;1,302;1,305;1,320;1,312;1,310;5,000;5,000;5,000;5,002;5,000;5,001;5,000;4,999;5,002;5,001;24,69;24,06;24,87;25,81;25,00;25,50;2100;2100;
2026-07-07 16:32:36;2156842;RUNNING;2;4;1,310;1,307;1,322;1,301;1,305;1,301;1,306;1,320;1,312;1,309;4,998;5,000;5,000;5,000;4,999;5,001;5,000;4,999;5,002;5,001;24,69;24,06;24,87;25,81;25,00;25,44;2100;2100;
2026-07-07 16:32:37;2157842;RUNNING;2;4;1,310;1,307;1,321;1,301;1,305;1,302;1,306;1,320;1,312;1,309;4,998;5,002;5,000;5,000;4,999;5,001;5,000;4,999;5,002;5,001;24,69;24,06;24,87;25,81;25,00;25,50;2100;2100;
2026-07-07 16:32:38;2158842;RUNNING;2;4;1,309;1,307;1,321;1,301;1,305;1,302;1,306;1,320;1,312;1,309;4,998;5,002;5,000;5,002;5,000;5,001;5,002;4,999;5,002;5,001;24,69;24,06;24,87;25,81;25,00;25,50;2100;2100;
2026-07-07 16:32:39;2159842;RUNNING;2;4;1,309;1,307;1,322;1,301;1,306;1,302;1,306;1,320;1,312;1,308;4,998;5,000;5,000;5,002;4,999;4,999;5,000;4,999;5,002;5,001;24,69;24,06;24,87;25,81;25,00;25,50;2100;2100;
2026-07-07 16:32:40;2160842;RUNNING;2;4;1,310;1,307;1,321;1,301;1,305;1,302;1,306;1,320;1,312;1,309;4,998;5,000;5,000;5,002;5,000;4,999;5,000;4,999;5,002;5,001;24,69;24,06;24,87;25,81;25,00;25,50;2100;2100;
2026-07-07 16:32:41;2161842;RUNNING;2;4;1,309;1,307;1,322;1,301;1,305;1,302;1,306;1,320;1,312;1,310;4,998;5,000;5,000;5,002;4,999;5,001;5,002;4,999;5,002;5,003;24,69;24,06;24,87;25,81;25,00;25,50;2100;2100;
2026-07-07 16:32:42;2162842;RUNNING;2;4;1,309;1,307;1,321;1,301;1,306;1,302;1,305;1,320;1,312;1,310;4,998;5,000;5,000;5,002;5,000;5,001;5,000;4,999;5,002;5,001;24,69;24,06;24,87;25,81;25,00;25,50;2100;2100;
2026-07-07 16:32:43;2163842;RUNNING;2;4;1,310;1,307;1,320;1,301;1,306;1,302;1,306;1,320;1,312;1,309;4,998;5,000;5,000;5,002;4,999;5,001;5,002;4,999;5,002;5,001;24,69;24,06;24,87;25,87;25,00;25,50;2100;2100;
2026-07-07 16:32:44;2164842;RUNNING;2;4;1,310;1,308;1,321;1,300;1,305;1,302;1,306;1,320;1,312;1,311;4,998;5,000;5,000;5,000;4,997;5,001;5,000;4,999;5,002;5,001;24,69;24,06;24,94;25,87;25,00;25,50;2100;2100;
2026-07-07 16:32:45;2165842;RUNNING;2;4;1,310;1,307;1,321;1,301;1,306;1,301;1,305;1,320;1,312;1,310;4,998;5,000;5,000;5,002;5,000;5,001;5,000;5,001;5,002;5,001;24,69;24,06;24,94;25,87;25,00;25,50;2400;2100;
2026-07-07 16:32:46;2166842;RUNNING;2;4;1,309;1,307;1,321;1,301;1,306;1,302;1,305;1,320;1,312;1,308;4,998;5,002;5,000;5,000;5,000;5,001;5,000;4,999;5,002;5,001;24,69;24,06;24,94;25,87;25,00;25,44;2100;2100;
2026-07-07 16:32:47;2167842;RUNNING;2;4;1,309;1,307;1,322;1,300;1,305;1,301;1,305;1,320;1,313;1,309;4,998;5,000;4,999;5,002;4,999;5,001;5,000;4,999;5,002;5,001;24,69;24,06;24,94;25,87;25,00;25,50;2100;2100;
2026-07-07 16:32:48;2168842;RUNNING;2;4;1,310;1,307;1,322;1,301;1,306;1,301;1,306;1,320;1,312;1,310;4,998;5,000;5,000;5,000;5,000;4,999;4,998;4,999;5,002;5,001;24,69;24,06;24,94;25,87;25,00;25,50;2100;2100;
2026-07-07 16:32:49;2169842;RUNNING;2;4;1,309;1,307;1,322;1,301;1,306;1,301;1,306;1,320;1,312;1,310;4,998;5,000;5,000;5,003;4,999;5,001;5,000;4,999;5,002;5,001;24,69;24,06;24,94;25,87;25,00;25,44;2100;2100;
2026-07-07 16:32:50;2170842;RUNNING;2;4;1,310;1,307;1,322;1,301;1,306;1,302;1,306;1,320;1,312;1,310;4,998;5,002;5,000;5,002;4,999;5,001;5,000;4,999;5,002;5,001;24,69;24,06;24,94;25,87;25,00;25,50;1800;1800;
2026-07-07 16:32:51;2171842;RUNNING;2;4;1,310;1,307;1,321;1,301;1,305;1,302;1,306;1,320;1,312;1,310;4,998;5,002;5,000;5,002;4,999;5,001;5,000;5,001;5,002;5,001;24,69;24,12;24,94;25,87;25,06;25,50;2100;2100;
2026-07-07 16:32:52;2172842;RUNNING;2;4;1,310;1,307;1,321;1,301;1,306;1,302;1,305;1,320;1,312;1,309;4,998;5,000;5,000;5,002;4,999;5,001;5,000;4,999;5,002;4,999;24,69;24,06;24,94;25,87;25,06;25,50;2100;2100;
2026-07-07 16:32:53;2173842;RUNNING;2;4;1,310;1,307;1,321;1,301;1,305;1,302;1,305;1,320;1,312;1,310;4,997;5,002;5,000;5,002;4,999;5,001;5,000;5,001;5,002;5,001;24,69;24,06;24,94;25,87;25,06;25,50;2100;2100;
2026-07-07 16:32:54;2174842;RUNNING;2;4;1,310;1,307;1,321;1,301;1,306;1,302;1,305;1,320;1,312;1,309;4,998;5,000;5,000;5,002;4,999;5,001;5,000;4,999;5,002;5,001;24,69;24,12;24,94;25,87;25,06;25,50;2100;2100;
2026-07-07 16:32:55;2175842;RUNNING;2;4;1,310;1,307;1,321;1,301;1,306;1,302;1,306;1,320;1,312;1,310;4,998;5,002;5,000;5,002;5,000;5,001;5,002;5,001;5,002;5,001;24,69;24,06;24,94;25,87;25,06;25,50;2100;2100;
2026-07-07 16:32:56;2176842;RUNNING;2;4;1,309;1,307;1,321;1,301;1,306;1,301;1,306;1,320;1,312;1,310;4,998;5,000;5,000;5,002;5,000;4,999;5,000;4,999;5,002;5,001;24,69;24,06;24,94;25,94;25,06;25,50;2100;2100;
2026-07-07 16:32:57;2177842;RUNNING;2;4;1,310;1,307;1,322;1,300;1,306;1,302;1,305;1,320;1,312;1,309;4,998;5,000;5,000;5,002;4,999;5,001;5,000;4,999;5,002;5,001;24,69;24,06;24,94;25,94;25,06;25,50;2100;2100;
2026-07-07 16:32:58;2178842;RUNNING;2;4;1,310;1,307;1,322;1,301;1,306;1,302;1,306;1,320;1,312;1,311;4,998;5,000;5,000;5,002;5,000;5,001;5,000;4,999;5,002;5,001;24,69;24,12;24,94;25,94;25,06;25,50;1800;2100;
2026-07-07 16:32:59;2179842;RUNNING;2;4;1,309;1,307;1,322;1,301;1,305;1,301;1,306;1,320;1,312;1,310;4,998;5,000;5,000;5,000;5,000;5,001;5,000;4,999;5,002;5,001;24,69;24,06;24,94;25,94;25,06;25,50;2100;2100;
2026-07-07 16:33:00;2180842;RUNNING;2;4;1,310;1,307;1,322;1,301;1,306;1,302;1,305;1,320;1,312;1,309;4,998;5,000;5,002;5,002;4,999;5,001;5,000;4,999;5,002;5,001;24,69;24,06;24,94;25,87;25,06;25,50;2100;2100;
2026-07-07 16:33:01;2181842;RUNNING;2;4;1,309;1,307;1,321;1,301;1,305;1,301;1,306;1,320;1,312;1,310;4,998;5,000;5,000;5,002;4,999;5,001;5,000;4,999;5,002;5,001;24,69;24,06;24,94;25,94;25,06;25,50;2100;1800;
2026-07-07 16:33:02;2182842;RUNNING;2;4;1,310;1,307;1,322;1,301;1,305;1,301;1,306;1,320;1,312;1,310;4,998;5,000;5,000;5,002;4,999;5,001;5,000;5,001;5,002;5,001;24,69;24,06;24,94;25,94;25,06;25,50;2100;2100;
2026-07-07 16:33:03;2183842;RUNNING;2;4;1,309;1,307;1,322;1,301;1,305;1,301;1,305;1,319;1,312;1,310;4,998;5,000;5,000;5,002;4,999;4,999;5,000;4,999;5,002;5,001;24,69;24,12;24,94;25,94;25,06;25,50;2100;2100;
2026-07-07 16:33:04;2184842;RUNNING;2;4;1,310;1,307;1,322;1,301;1,306;1,302;1,305;1,320;1,312;1,310;4,998;5,000;4,999;5,002;5,000;5,001;5,000;4,999;5,002;5,001;24,69;24,12;24,94;25,94;25,06;25,50;2100;2100;
2026-07-07 16:33:05;2185842;RUNNING;2;4;1,310;1,307;1,321;1,301;1,306;1,302;1,305;1,320;1,312;1,309;4,998;5,000;5,000;5,000;4,999;4,999;5,000;4,999;5,002;5,001;24,75;24,12;24,94;25,94;25,06;25,50;2100;2100;
2026-07-07 16:33:06;2186842;RUNNING;2;4;1,310;1,307;1,321;1,301;1,306;1,302;1,305;1,320;1,312;1,310;4,998;5,000;5,000;5,002;4,999;5,001;5,002;4,999;5,002;5,001;24,69;24,12;24,94;25,94;25,06;25,50;1800;2100;
2026-07-07 16:33:07;2187842;RUNNING;2;4;1,310;1,307;1,321;1,301;1,306;1,301;1,306;1,320;1,313;1,310;4,998;5,000;5,000;5,002;4,999;5,001;5,000;4,999;5,002;4,999;24,69;24,06;25,00;25,94;25,06;25,50;2100;2100;
2026-07-07 16:33:08;2188842;RUNNING;2;4;1,309;1,307;1,322;1,301;1,306;1,302;1,306;1,320;1,312;1,310;4,998;5,000;5,000;5,002;5,000;5,001;5,000;4,999;5,002;4,999;24,69;24,12;24,94;25,94;25,06;25,50;2100;2100;
2026-07-07 16:33:09;2189842;RUNNING;2;4;1,309;1,307;1,322;1,301;1,306;1,302;1,305;1,320;1,312;1,310;4,998;5,002;5,000;5,002;5,000;4,999;5,000;4,999;5,002;5,001;24,75;24,12;24,94;25,94;25,06;25,50;2100;2100;
2026-07-07 16:33:10;2190842;RUNNING;2;4;1,309;1,307;1,322;1,301;1,305;1,301;1,306;1,320;1,312;1,310;4,998;5,002;5,000;5,002;4,999;5,001;5,000;4,999;5,002;5,003;24,69;24,12;24,94;25,94;25,06;25,50;2100;2100;
2026-07-07 16:33:11;2191842;RUNNING;2;4;1,310;1,307;1,321;1,301;1,305;1,302;1,306;1,320;1,312;1,309;4,998;5,002;5,000;5,002;4,999;5,001;5,000;4,999;5,002;5,001;24,69;24,12;24,94;25,94;25,06;25,50;2100;2100;
2026-07-07 16:33:12;2192842;RUNNING;2;4;1,310;1,307;1,321;1,301;1,306;1,301;1,306;1,320;1,312;1,308;4,998;5,000;5,000;5,002;4,999;5,001;5,000;4,999;5,002;5,001;24,75;24,12;24,94;25,94;25,06;25,50;2100;1800;
2026-07-07 16:33:13;2193842;RUNNING;2;4;1,310;1,307;1,321;1,301;1,306;1,301;1,305;1,320;1,312;1,310;4,998;5,000;5,000;5,000;4,999;5,001;5,002;4,999;5,002;5,001;24,69;24,12;24,94;25,94;25,06;25,50;2100;2100;
2026-07-07 16:33:14;2194842;RUNNING;2;4;1,310;1,307;1,322;1,301;1,305;1,301;1,306;1,320;1,312;1,309;4,998;5,000;5,000;5,002;4,999;4,999;5,000;5,001;5,002;5,001;24,75;24,06;24,94;25,94;25,00;25,50;2100;2100;
2026-07-07 16:33:15;2195842;RUNNING;2;4;1,310;1,307;1,321;1,301;1,305;1,302;1,306;1,320;1,312;1,309;4,998;5,000;5,000;5,002;4,999;5,001;5,000;5,001;5,002;5,001;24,69;24,12;24,94;25,94;25,06;25,50;2100;2100;
2026-07-07 16:33:16;2196842;RUNNING;2;4;1,309;1,307;1,322;1,301;1,306;1,301;1,306;1,321;1,312;1,310;4,998;5,002;5,000;5,000;5,000;5,001;5,002;5,001;5,002;5,003;24,69;24,12;24,94;25,94;25,06;25,50;2100;2100;
2026-07-07 16:33:17;2197842;RUNNING;2;4;1,309;1,307;1,321;1,301;1,305;1,301;1,306;1,320;1,312;1,310;4,998;5,002;5,000;5,002;5,000;4,999;5,002;4,999;5,002;5,001;24,69;24,12;24,94;25,94;25,06;25,50;2100;1800;
2026-07-07 16:33:18;2198842;RUNNING;2;4;1,310;1,307;1,321;1,301;1,306;1,302;1,306;1,320;1,312;1,308;4,998;5,000;5,000;5,002;4,999;5,001;5,000;4,999;5,002;5,001;24,75;24,12;24,94;25,94;25,06;25,50;2100;2100;
2026-07-07 16:33:19;2199842;RUNNING;2;4;1,310;1,307;1,322;1,301;1,306;1,301;1,306;1,320;1,313;1,309;4,998;5,002;5,000;5,000;4,999;5,003;5,000;4,997;5,002;5,001;24,69;24,06;24,94;25,94;25,06;25,50;2100;2100;
2026-07-07 16:33:20;2200842;RUNNING;2;4;1,309;1,307;1,321;1,301;1,306;1,302;1,305;1,320;1,312;1,310;4,998;5,002;5,000;5,000;4,999;5,001;5,000;5,001;5,002;4,999;24,69;24,12;24,94;25,94;25,06;25,50;2100;2100;
2026-07-07 16:33:21;2201842;RUNNING;2;4;1,310;1,307;1,322;1,301;1,306;1,301;1,306;1,320;1,312;1,310;4,998;5,000;5,000;5,000;5,000;5,001;5,000;4,999;5,002;5,001;24,69;24,12;24,94;25,94;25,06;25,50;2100;2100;
2026-07-07 16:33:22;2202842;RUNNING;2;4;1,310;1,307;1,322;1,301;1,305;1,302;1,306;1,320;1,312;1,310;4,998;5,000;5,000;5,000;5,000;5,001;5,000;4,999;5,002;5,003;24,69;24,12;24,94;25,94;25,06;25,50;2100;2100;
2026-07-07 16:33:23;2203842;RUNNING;2;4;1,309;1,307;1,321;1,301;1,305;1,302;1,306;1,320;1,312;1,309;4,998;5,000;5,000;5,002;4,999;5,001;5,000;4,999;5,002;5,001;24,75;24,06;24,94;25,94;25,06;25,50;2100;2100;
2026-07-07 16:33:24;2204842;RUNNING;2;4;1,309;1,307;1,321;1,301;1,306;1,302;1,306;1,320;1,312;1,308;4,998;5,000;5,000;5,002;4,999;5,001;5,000;4,999;5,002;5,001;24,69;24,12;25,00;25,94;25,06;25,50;1800;2100;
2026-07-07 16:33:25;2205842;RUNNING;2;4;1,309;1,307;1,322;1,301;1,306;1,302;1,306;1,320;1,312;1,309;4,998;5,000;5,000;5,000;4,999;5,001;5,000;4,999;5,002;5,001;24,69;24,06;24,94;25,94;25,06;25,50;2100;2100;
2026-07-07 16:33:26;2206842;RUNNING;2;4;1,310;1,307;1,322;1,301;1,305;1,302;1,305;1,320;1,312;1,310;4,998;5,000;5,000;5,000;4,999;5,001;5,000;5,001;5,002;5,001;24,69;24,06;24,94;25,94;25,06;25,50;2100;2100;
2026-07-07 16:33:27;2207842;RUNNING;2;4;1,309;1,307;1,322;1,301;1,306;1,302;1,306;1,320;1,312;1,309;4,998;5,002;5,000;5,000;4,999;5,001;5,002;5,001;5,002;5,001;24,75;24,06;25,00;25,94;25,06;25,50;2100;2100;
2026-07-07 16:33:28;2208842;RUNNING;2;4;1,310;1,307;1,321;1,300;1,306;1,302;1,306;1,320;1,312;1,309;4,998;5,000;5,000;5,000;4,999;5,001;5,000;5,001;5,002;5,001;24,69;24,06;24,94;25,94;25,06;25,50;2100;2100;
2026-07-07 16:33:29;2209842;RUNNING;2;4;1,310;1,308;1,322;1,301;1,305;1,302;1,306;1,320;1,312;1,310;5,000;5,000;5,000;5,002;4,999;5,001;5,000;5,001;5,002;5,001;24,69;24,06;24,94;25,94;25,06;25,50;2100;2100;
2026-07-07 16:33:30;2210842;RUNNING;2;4;1,310;1,307;1,322;1,301;1,306;1,302;1,305;1,320;1,312;1,310;4,998;5,000;5,000;5,002;4,999;5,001;5,000;4,999;5,002;5,001;24,69;24,06;24,94;25,94;25,06;25,50;2100;2100;
2026-07-07 16:33:31;2211842;RUNNING;2;4;1,310;1,307;1,322;1,301;1,306;1,301;1,305;1,320;1,312;1,310;4,998;5,000;5,002;5,002;4,999;5,003;5,000;5,001;5,002;5,003;24,69;24,06;24,94;25,94;25,06;25,50;2100;2100;
2026-07-07 16:33:32;2212842;RUNNING;2;4;1,309;1,307;1,321;1,301;1,305;1,302;1,306;1,320;1,312;1,308;4,998;5,000;5,000;5,002;4,999;5,001;5,000;4,999;5,002;5,001;24,75;24,06;24,94;25,94;25,06;25,50;2100;2100;
2026-07-07 16:33:33;2213842;RUNNING;2;4;1,310;1,307;1,322;1,301;1,305;1,302;1,306;1,320;1,313;1,310;4,997;5,000;5,000;5,002;5,000;5,001;5,000;4,999;5,002;5,001;24,69;24,06;24,94;25,94;25,00;25,50;2100;2100;
2026-07-07 16:33:34;2214842;RUNNING;2;4;1,310;1,307;1,321;1,301;1,305;1,302;1,306;1,320;1,312;1,310;4,998;5,000;5,000;5,002;4,999;5,001;5,002;5,001;5,002;5,001;24,75;24,06;24,94;25,94;25,00;25,50;2100;2100;
2026-07-07 16:33:35;2215842;RUNNING;2;4;1,310;1,307;1,321;1,301;1,305;1,302;1,306;1,320;1,312;1,310;4,998;5,000;5,000;5,002;4,999;5,003;5,002;5,001;5,002;5,001;24,75;24,06;24,94;25,94;25,00;25,50;2100;2100;
2026-07-07 16:33:36;2216842;RUNNING;2;4;1,309;1,307;1,322;1,301;1,305;1,302;1,306;1,320;1,312;1,310;4,998;5,000;5,000;5,000;4,999;4,999;5,000;4,999;5,002;5,001;24,69;24,06;24,94;25,94;25,00;25,50;2100;2100;
2026-07-07 16:33:37;2217842;RUNNING;2;4;1,310;1,307;1,321;1,301;1,305;1,302;1,305;1,321;1,312;1,310;4,998;5,000;5,000;5,000;4,999;5,001;5,000;4,999;5,002;5,001;24,69;24,06;24,94;25,94;25,00;25,50;2100;1800;
2026-07-07 16:33:38;2218842;RUNNING;2;4;1,310;1,307;1,322;1,301;1,305;1,302;1,306;1,320;1,312;1,310;4,998;5,000;5,000;5,002;4,999;5,001;5,002;4,999;5,002;5,001;24,69;24,06;24,94;25,94;25,00;25,50;2100;2100;
2026-07-07 16:33:39;2219842;RUNNING;2;4;1,310;1,307;1,321;1,301;1,305;1,301;1,305;1,320;1,312;1,310;4,998;5,000;5,000;5,002;5,000;5,001;5,000;5,001;5,002;5,001;24,69;24,06;24,94;25,94;25,00;25,50;2100;2100;
2026-07-07 16:33:40;2220842;RUNNING;2;4;1,310;1,307;1,322;1,301;1,306;1,301;1,306;1,320;1,312;1,310;4,998;5,000;5,000;5,002;5,000;5,001;5,000;5,001;5,002;5,001;24,75;24,06;24,94;25,94;25,00;25,50;2100;2100;
2026-07-07 16:33:41;2221842;RUNNING;2;4;1,310;1,307;1,321;1,301;1,306;1,302;1,306;1,320;1,313;1,310;5,000;5,002;5,000;5,002;4,999;5,001;5,000;4,999;5,002;5,001;24,75;24,06;24,94;25,94;25,00;25,50;2100;2100;
2026-07-07 16:33:42;2222842;RUNNING;2;4;1,310;1,308;1,322;1,301;1,305;1,302;1,305;1,320;1,313;1,310;4,998;5,000;4,999;5,002;4,999;5,001;5,000;4,999;5,002;5,001;24,75;24,06;24,94;25,94;25,00;25,50;1800;2100;
2026-07-07 16:33:43;2223842;RUNNING;2;4;1,310;1,307;1,321;1,301;1,305;1,302;1,306;1,320;1,312;1,309;4,998;5,002;5,000;5,002;5,000;5,001;5,000;4,999;5,002;5,001;24,75;24,06;24,94;25,94;25,00;25,50;2100;2100;
2026-07-07 16:33:44;2224842;RUNNING;2;4;1,310;1,307;1,321;1,301;1,305;1,301;1,306;1,320;1,313;1,310;4,998;5,000;5,000;5,002;5,000;4,999;5,000;4,999;5,002;5,001;24,75;24,06;24,94;25,87;25,00;25,50;2100;2100;
2026-07-07 16:33:45;2225842;RUNNING;2;4;1,310;1,307;1,321;1,301;1,306;1,302;1,305;1,320;1,312;1,310;4,998;5,000;5,000;5,002;4,999;5,001;5,000;4,999;5,002;5,001;24,75;24,06;24,94;25,94;25,00;25,50;2100;2100;
2026-07-07 16:33:46;2226842;RUNNING;2;4;1,310;1,307;1,321;1,301;1,307;1,302;1,305;1,320;1,313;1,310;4,998;5,002;5,000;5,002;4,999;5,001;5,002;5,001;5,002;5,001;24,69;24,06;24,94;25,94;25,00;25,50;2100;2100;
2026-07-07 16:33:47;2227842;RUNNING;2;4;1,310;1,308;1,321;1,301;1,305;1,302;1,306;1,320;1,313;1,309;5,000;5,000;5,000;5,000;5,000;5,001;5,002;4,999;5,004;5,001;24,69;24,06;24,94;25,94;25,00;25,50;2100;2100;
2026-07-07 16:33:48;2228842;RUNNING;2;4;1,310;1,308;1,321;1,301;1,306;1,302;1,305;1,320;1,312;1,310;5,000;5,000;5,000;5,002;5,000;5,001;5,000;5,001;5,002;5,001;24,75;24,06;24,94;25,94;25,00;25,50;2100;2100;
2026-07-07 16:33:49;2229842;RUNNING;2;4;1,309;1,307;1,321;1,301;1,306;1,301;1,305;1,320;1,312;1,311;4,998;5,002;5,000;5,000;5,000;5,001;5,000;4,999;5,002;5,003;24,75;24,06;24,94;25,94;25,00;25,50;2100;2100;
2026-07-07 16:33:50;2230842;RUNNING;2;4;1,310;1,307;1,322;1,301;1,305;1,302;1,306;1,320;1,312;1,310;4,998;5,002;5,000;5,002;5,000;5,001;5,000;5,001;5,002;5,001;24,75;24,06;24,94;25,94;25,00;25,50;2100;2100;
2026-07-07 16:33:51;2231842;RUNNING;2;4;1,310;1,307;1,322;1,301;1,306;1,302;1,306;1,320;1,313;1,308;4,998;5,002;5,000;5,002;5,000;5,001;5,000;4,999;5,002;5,001;24,75;24,06;24,94;25,94;25,00;25,50;2100;2100;
2026-07-07 16:33:52;2232842;RUNNING;2;4;1,309;1,307;1,322;1,301;1,306;1,302;1,305;1,320;1,312;1,309;4,998;5,000;5,000;5,000;4,999;5,001;5,000;4,999;5,002;5,001;24,75;24,06;24,94;25,94;25,00;25,50;2100;2100;
2026-07-07 16:33:53;2233842;RUNNING;2;4;1,310;1,307;1,322;1,301;1,306;1,302;1,306;1,320;1,312;1,310;4,998;5,000;5,000;5,000;4,999;5,001;5,000;4,999;5,002;5,001;24,69;24,06;24,94;25,94;25,00;25,50;2100;2100;
2026-07-07 16:33:54;2234842;RUNNING;2;4;1,310;1,307;1,322;1,301;1,306;1,301;1,305;1,320;1,312;1,310;5,000;5,000;5,000;5,002;4,999;5,001;5,000;5,001;5,002;5,001;24,69;24,06;24,94;25,94;25,00;25,50;2100;2100;
2026-07-07 16:33:55;2235842;RUNNING;2;4;1,310;1,308;1,321;1,301;1,306;1,302;1,306;1,320;1,312;1,310;4,998;5,002;5,002;5,002;4,999;5,001;5,000;4,999;5,002;5,001;24,69;24,06;24,94;25,94;25,00;25,50;2100;2100;
2026-07-07 16:33:56;2236842;RUNNING;2;4;1,310;1,307;1,322;1,301;1,305;1,301;1,306;1,320;1,312;1,309;5,002;5,000;4,999;5,000;5,000;5,003;5,002;5,001;5,004;5,001;24,69;24,06;24,94;25,87;25,00;25,50;2100;2100;
2026-07-07 16:33:57;2237842;RUNNING;2;4;1,310;1,307;1,321;1,301;1,305;1,302;1,305;1,320;1,313;1,309;5,000;5,000;5,000;5,002;4,999;5,001;5,000;4,999;5,004;5,001;24,69;24,06;24,94;25,87;25,00;25,50;2100;1800;
2026-07-07 16:33:58;2238842;RUNNING;2;4;1,310;1,307;1,321;1,300;1,305;1,302;1,306;1,320;1,313;1,311;5,002;5,000;5,000;5,002;4,999;4,999;5,000;4,999;5,002;5,001;24,75;24,06;24,94;25,94;25,00;25,50;1800;2100;
2026-07-07 16:33:59;2239842;RUNNING;2;4;1,310;1,307;1,321;1,301;1,306;1,302;1,306;1,320;1,312;1,310;5,002;5,002;5,000;5,000;5,000;5,001;5,000;4,999;5,002;5,001;24,75;24,06;24,94;25,87;25,00;25,50;2100;2100;
2026-07-07 16:34:00;2240842;RUNNING;2;4;1,310;1,307;1,322;1,301;1,306;1,302;1,306;1,320;1,312;1,310;5,002;5,000;4,999;5,000;5,000;4,999;5,000;4,999;5,002;5,001;24,75;24,06;24,94;25,94;25,06;25,50;2100;2100;
2026-07-07 16:34:01;2241842;RUNNING;2;4;1,310;1,307;1,320;1,301;1,306;1,302;1,306;1,320;1,313;1,310;5,000;5,000;5,000;5,002;5,000;4,999;4,998;4,999;5,002;5,001;24,75;24,06;24,94;25,94;25,00;25,50;2100;2100;
2026-07-07 16:34:02;2242842;RUNNING;2;4;1,310;1,307;1,321;1,301;1,306;1,302;1,306;1,320;1,312;1,310;5,002;5,000;5,000;5,002;4,999;5,001;5,000;4,999;5,002;5,001;24,75;24,06;24,94;25,94;25,06;25,50;2100;2100;
2026-07-07 16:34:03;2243842;RUNNING;2;4;1,310;1,307;1,322;1,301;1,305;1,302;1,305;1,320;1,312;1,310;5,002;5,002;5,000;5,002;5,000;5,001;5,000;4,999;5,002;5,001;24,75;24,06;24,94;25,94;25,00;25,50;2100;2100;
2026-07-07 16:34:04;2244842;RUNNING;2;4;1,310;1,307;1,322;1,301;1,305;1,302;1,306;1,320;1,312;1,309;5,002;5,000;5,000;5,000;4,999;5,001;5,000;4,999;5,002;5,001;24,75;24,12;24,94;25,87;25,06;25,50;2400;2100;
2026-07-07 16:34:05;2245842;RUNNING;2;4;1,310;1,308;1,322;1,301;1,306;1,302;1,305;1,320;1,313;1,309;5,002;5,002;5,000;5,002;5,000;5,001;5,000;4,999;5,002;5,001;24,69;24,06;24,94;25,94;25,00;25,50;2100;2100;
2026-07-07 16:34:06;2246842;RUNNING;2;4;1,310;1,308;1,322;1,301;1,306;1,302;1,306;1,320;1,313;1,310;5,002;5,002;5,000;5,000;4,999;4,999;5,000;5,001;5,002;5,001;24,75;24,06;24,94;25,87;25,06;25,50;2100;2100;
2026-07-07 16:34:07;2247842;RUNNING;2;4;1,310;1,308;1,321;1,301;1,305;1,302;1,305;1,320;1,312;1,310;5,002;5,002;5,000;5,000;4,999;5,001;5,002;5,001;5,002;5,001;24,69;24,06;24,94;25,94;25,06;25,50;2400;2100;
2026-07-07 16:34:08;2248842;RUNNING;2;4;1,310;1,307;1,322;1,301;1,306;1,301;1,305;1,320;1,312;1,310;5,000;5,000;5,000;5,000;4,999;5,001;5,000;5,001;5,002;5,001;24,69;24,06;24,94;25,94;25,06;25,50;2100;2100;
2026-07-07 16:34:09;2249842;RUNNING;2;4;1,310;1,307;1,322;1,301;1,306;1,302;1,306;1,320;1,313;1,310;5,002;5,000;5,000;5,002;4,997;5,001;5,000;4,999;5,002;5,003;24,69;24,12;24,94;25,94;25,06;25,50;2100;2100;
2026-07-07 16:34:10;2250842;RUNNING;2;4;1,310;1,307;1,320;1,301;1,306;1,302;1,306;1,320;1,312;1,310;5,002;5,000;5,000;5,002;4,999;5,001;5,000;4,999;5,002;5,001;24,69;24,06;24,94;25,87;25,06;25,50;2100;2100;
2026-07-07 16:34:11;2251842;RUNNING;2;4;1,310;1,308;1,321;1,301;1,305;1,302;1,306;1,320;1,312;1,309;5,000;5,002;5,000;5,002;4,999;4,999;5,000;4,999;5,002;5,001;24,75;24,12;24,94;25,94;25,06;25,50;1800;2100;
2026-07-07 16:34:12;2252842;RUNNING;2;4;1,310;1,308;1,322;1,301;1,305;1,302;1,306;1,321;1,313;1,309;5,002;5,002;5,000;5,002;4,999;5,001;5,000;4,999;5,002;5,001;24,75;24,06;24,94;25,94;25,06;25,50;2400;2100;
2026-07-07 16:34:13;2253842;RUNNING;2;4;1,310;1,307;1,322;1,301;1,305;1,302;1,306;1,320;1,312;1,310;5,002;5,002;5,000;5,002;4,999;5,001;5,002;4,999;5,002;5,001;24,75;24,12;24,94;25,94;25,06;25,50;2100;2100;
2026-07-07 16:34:14;2254842;RUNNING;2;4;1,310;1,307;1,321;1,301;1,306;1,301;1,306;1,320;1,312;1,310;5,002;5,002;5,000;5,002;4,999;4,999;5,000;4,999;5,002;5,001;24,75;24,12;24,94;25,94;25,06;25,50;2100;2100;
2026-07-07 16:34:15;2255842;RUNNING;2;4;1,310;1,307;1,321;1,301;1,305;1,302;1,306;1,320;1,312;1,310;5,000;5,000;5,000;5,003;4,999;5,001;5,000;4,999;5,002;5,003;24,75;24,06;24,94;25,94;25,06;25,50;2100;2100;
2026-07-07 16:34:16;2256842;RUNNING;2;4;1,310;1,307;1,321;1,301;1,306;1,302;1,306;1,320;1,312;1,310;5,002;5,002;5,000;5,002;4,999;5,001;5,000;5,001;5,002;5,001;24,75;24,06;25,00;25,94;25,06;25,50;2100;2100;
2026-07-07 16:34:17;2257842;RUNNING;2;4;1,310;1,307;1,322;1,301;1,306;1,302;1,306;1,320;1,312;1,310;5,002;5,000;4,999;5,002;4,999;5,001;5,000;4,999;5,002;5,001;24,75;24,12;24,94;25,94;25,06;25,50;2100;2100;
2026-07-07 16:34:18;2258843;RUNNING;2;4;1,310;1,307;1,320;1,301;1,306;1,302;1,306;1,320;1,313;1,310;5,002;5,000;5,000;5,002;4,999;5,001;5,000;5,001;5,005;5,003;24,75;24,12;24,94;25,94;25,06;25,50;2100;2100;
2026-07-07 16:34:19;2259942;RUNNING;2;4;1,310;1,308;1,321;1,301;1,306;1,302;1,305;1,319;1,311;1,310;5,002;5,000;5,000;5,002;5,000;5,001;5,000;4,999;5,000;5,001;24,75;24,12;25,00;25,94;25,06;25,50;2100;2100;
2026-07-07 16:34:20;2260942;RUNNING;2;4;1,310;1,307;1,322;1,301;1,305;1,302;1,306;1,320;1,311;1,309;5,002;5,000;5,000;5,002;4,999;5,001;5,000;4,999;5,000;5,001;24,75;24,12;25,00;25,94;25,06;25,50;2100;2100;
2026-07-07 16:34:21;2261942;RUNNING;2;4;1,310;1,307;1,320;1,301;1,305;1,301;1,305;1,320;1,311;1,309;5,002;5,000;5,000;5,002;5,000;5,001;5,002;5,001;4,999;5,001;24,75;24,12;25,00;25,94;25,06;25,50;2100;2100;
2026-07-07 16:34:22;2262942;RUNNING;2;4;1,310;1,307;1,322;1,301;1,305;1,301;1,305;1,320;1,311;1,310;5,002;5,000;5,000;5,002;4,999;4,999;5,000;4,999;4,999;5,001;24,75;24,12;25,00;25,94;25,06;25,50;2100;2100;
2026-07-07 16:34:23;2263942;RUNNING;2;4;1,311;1,308;1,322;1,301;1,305;1,302;1,305;1,320;1,311;1,310;5,002;5,000;5,000;5,000;4,999;5,001;5,000;4,999;5,000;5,001;24,75;24,12;25,00;25,94;25,06;25,50;2100;2100;
2026-07-07 16:34:24;2264942;RUNNING;2;4;1,310;1,307;1,322;1,301;1,306;1,302;1,306;1,320;1,311;1,309;5,002;5,000;5,002;5,000;4,999;5,001;4,998;5,001;4,999;5,001;24,75;24,12;25,00;25,94;25,12;25,50;2100;2100;
2026-07-07 16:34:25;2265942;RUNNING;2;4;1,310;1,307;1,322;1,301;1,305;1,302;1,306;1,320;1,312;1,310;5,002;5,000;5,000;5,002;4,999;5,001;5,002;5,001;4,999;5,001;24,75;24,12;24,94;25,94;25,06;25,50;1800;2100;
2026-07-07 16:34:26;2266942;RUNNING;2;4;1,310;1,307;1,321;1,301;1,306;1,302;1,305;1,320;1,311;1,311;5,002;5,000;5,000;5,002;5,000;5,003;5,000;4,999;4,999;5,001;24,75;24,12;25,00;25,94;25,06;25,50;2100;2100;
2026-07-07 16:34:27;2267942;RUNNING;2;4;1,310;1,307;1,322;1,301;1,305;1,301;1,305;1,320;1,312;1,309;5,002;5,000;4,999;5,002;4,999;5,001;5,002;4,999;4,999;5,001;24,75;24,12;25,00;25,94;25,12;25,50;2100;2100;
2026-07-07 16:34:28;2268942;RUNNING;2;4;1,310;1,307;1,322;1,301;1,305;1,302;1,306;1,320;1,312;1,310;5,002;5,000;5,000;5,000;5,000;5,001;5,000;4,999;5,000;5,001;24,75;24,12;25,00;25,94;25,12;25,56;2100;2100;
2026-07-07 16:34:29;2269942;RUNNING;2;4;1,310;1,308;1,321;1,301;1,306;1,302;1,306;1,320;1,312;1,309;5,002;5,002;5,000;5,002;4,999;5,001;5,000;4,999;5,000;5,001;24,75;24,12;25,00;25,94;25,12;25,56;2400;2100;
2026-07-07 16:34:30;2270942;RUNNING;2;4;1,310;1,307;1,322;1,301;1,306;1,302;1,305;1,320;1,311;1,310;5,002;5,000;5,000;5,002;4,999;5,001;5,000;5,001;4,999;5,001;24,75;24,12;25,00;25,94;25,12;25,56;2100;2100;
2026-07-07 16:34:31;2271942;RUNNING;2;4;1,310;1,307;1,322;1,301;1,305;1,302;1,306;1,320;1,311;1,310;5,000;5,000;5,000;5,002;5,000;5,001;5,002;4,999;5,000;5,001;24,75;24,12;25,00;25,94;25,12;25,56;2100;2100;
2026-07-07 16:34:32;2272942;RUNNING;2;4;1,310;1,307;1,321;1,301;1,305;1,302;1,305;1,320;1,312;1,310;5,000;5,000;5,000;5,002;4,999;5,001;5,000;4,999;5,000;5,001;24,75;24,12;25,00;26,00;25,12;25,56;1800;2100;
2026-07-07 16:34:33;2273942;RUNNING;2;4;1,311;1,307;1,322;1,301;1,305;1,302;1,306;1,320;1,312;1,310;5,002;5,002;5,000;5,002;5,000;4,999;5,002;5,001;4,999;5,003;24,75;24,12;25,00;25,94;25,12;25,56;2100;2100;
2026-07-07 16:34:34;2274942;RUNNING;2;4;1,310;1,307;1,321;1,301;1,306;1,302;1,306;1,320;1,311;1,309;5,002;5,000;5,000;5,002;4,999;5,001;5,000;4,999;4,999;5,001;24,75;24,12;25,00;25,94;25,12;25,56;2100;2100;
2026-07-07 16:34:35;2275942;RUNNING;2;4;1,310;1,307;1,322;1,301;1,306;1,302;1,306;1,320;1,311;1,309;5,002;5,002;5,000;5,002;4,999;5,001;5,002;5,001;4,999;4,999;24,75;24,12;25,00;26,00;25,12;25,56;2100;2400;
2026-07-07 16:34:36;2276942;RUNNING;2;4;1,310;1,307;1,321;1,301;1,305;1,302;1,306;1,320;1,311;1,308;5,002;5,000;5,000;5,002;4,999;4,999;5,000;5,001;5,000;4,999;24,75;24,19;25,00;26,00;25,12;25,56;2400;2100;
2026-07-07 16:34:37;2277942;RUNNING;2;4;1,310;1,307;1,322;1,301;1,306;1,301;1,306;1,320;1,312;1,309;5,002;5,002;4,999;5,000;4,999;5,001;5,000;4,999;5,000;4,999;24,75;24,12;25,00;26,00;25,12;25,56;2100;2100;
2026-07-07 16:34:38;2278942;RUNNING;2;4;1,310;1,307;1,322;1,301;1,306;1,302;1,306;1,320;1,311;1,309;5,002;5,000;5,000;5,002;4,999;5,001;5,002;5,001;4,999;4,999;24,75;24,12;25,00;26,00;25,12;25,56;2100;2100;
2026-07-07 16:34:39;2279942;RUNNING;2;4;1,310;1,307;1,322;1,301;1,305;1,302;1,306;1,320;1,311;1,310;5,002;5,002;5,000;5,002;4,999;5,001;5,000;4,999;4,999;4,999;24,75;24,12;25,00;26,00;25,12;25,56;2100;2100;
2026-07-07 16:34:40;2280942;RUNNING;2;4;1,310;1,307;1,321;1,301;1,306;1,302;1,306;1,320;1,311;1,310;5,000;5,000;5,000;5,002;5,000;5,001;5,000;5,001;4,999;4,999;24,75;24,12;25,00;26,00;25,12;25,56;1800;2100;
2026-07-07 16:34:41;2281942;RUNNING;2;4;1,310;1,307;1,322;1,301;1,306;1,302;1,306;1,320;1,311;1,309;5,000;5,000;5,000;5,000;4,999;5,001;5,000;4,999;4,999;4,999;24,75;24,19;25,00;26,00;25,12;25,56;2100;2100;
2026-07-07 16:34:42;2282942;RUNNING;2;4;1,310;1,307;1,322;1,301;1,307;1,302;1,306;1,320;1,311;1,310;5,002;5,000;5,000;5,002;5,000;5,001;5,000;4,999;5,000;4,999;24,75;24,12;25,00;26,00;25,12;25,56;2100;2100;
2026-07-07 16:34:43;2283942;RUNNING;2;4;1,310;1,307;1,321;1,301;1,306;1,302;1,306;1,320;1,311;1,308;5,002;5,002;5,000;5,002;5,000;5,001;5,002;4,999;4,999;4,999;24,75;24,12;25,00;26,00;25,12;25,56;2100;2100;
2026-07-07 16:34:44;2284942;RUNNING;2;4;1,310;1,308;1,321;1,301;1,306;1,302;1,306;1,320;1,312;1,310;5,000;5,000;5,000;5,000;4,999;5,003;5,000;5,001;4,999;4,999;24,75;24,12;25,00;26,00;25,12;25,56;2100;2100;
2026-07-07 16:34:45;2285942;RUNNING;2;4;1,310;1,307;1,322;1,301;1,306;1,302;1,306;1,320;1,311;1,310;5,000;5,002;5,000;5,002;5,000;5,001;5,000;4,999;4,999;4,999;24,75;24,12;25,00;26,00;25,12;25,56;2100;2100;
2026-07-07 16:34:46;2286942;RUNNING;2;4;1,310;1,307;1,322;1,301;1,306;1,302;1,306;1,320;1,312;1,310;5,002;5,000;5,000;5,002;4,999;5,001;5,000;4,999;5,000;4,999;24,75;24,12;25,00;26,00;25,12;25,56;2100;2100;
2026-07-07 16:34:47;2287942;RUNNING;2;4;1,310;1,307;1,321;1,301;1,306;1,302;1,306;1,320;1,311;1,310;5,002;5,000;5,000;5,002;4,999;5,001;5,000;4,999;4,999;4,999;24,75;24,12;25,00;25,94;25,12;25,56;2100;2100;
2026-07-07 16:34:48;2288942;RUNNING;2;4;1,310;1,307;1,322;1,301;1,305;1,302;1,306;1,320;1,311;1,308;5,002;5,000;5,000;5,002;5,000;5,001;5,000;4,999;5,000;5,001;24,75;24,19;25,00;26,00;25,12;25,56;2100;2400;
2026-07-07 16:34:49;2289942;RUNNING;2;4;1,310;1,307;1,322;1,301;1,306;1,302;1,306;1,320;1,312;1,309;5,002;5,002;5,000;5,002;4,999;5,001;5,000;5,001;5,000;4,999;24,75;24,19;25,00;26,00;25,12;25,56;2100;2100;
2026-07-07 16:34:50;2290942;RUNNING;2;4;1,310;1,307;1,321;1,301;1,306;1,302;1,306;1,320;1,312;1,310;5,002;5,000;5,000;5,000;5,000;5,001;5,000;4,999;5,000;4,999;24,75;24,12;25,00;25,94;25,12;25,56;2100;2100;
2026-07-07 16:34:51;2291942;RUNNING;2;4;1,310;1,308;1,322;1,301;1,306;1,302;1,306;1,320;1,311;1,310;5,002;5,002;5,000;5,002;5,000;5,001;5,002;5,001;5,000;4,999;24,75;24,19;25,00;26,00;25,12;25,56;2100;2100;
2026-07-07 16:34:52;2292942;RUNNING;2;4;1,310;1,307;1,322;1,301;1,305;1,301;1,306;1,319;1,311;1,310;5,000;5,002;5,000;5,002;5,000;5,001;5,000;4,999;4,999;4,999;24,75;24,19;25,00;25,94;25,12;25,56;2100;2100;
2026-07-07 16:34:53;2293942;RUNNING;2;4;1,310;1,308;1,322;1,301;1,306;1,301;1,306;1,320;1,311;1,310;5,002;5,002;5,002;5,003;5,000;4,999;5,000;4,999;5,000;4,999;24,75;24,19;25,00;26,00;25,12;25,56;2100;2100;
2026-07-07 16:34:54;2294942;RUNNING;2;4;1,310;1,308;1,321;1,301;1,306;1,302;1,306;1,320;1,311;1,310;5,002;5,000;4,999;5,002;4,999;5,001;5,000;4,999;4,999;4,999;24,75;24,12;25,00;25,94;25,12;25,56;2100;2100;
2026-07-07 16:34:55;2295942;RUNNING;2;4;1,310;1,307;1,322;1,301;1,305;1,302;1,306;1,320;1,312;1,309;5,000;5,000;5,000;5,002;5,000;5,001;5,000;4,999;5,000;4,999;24,75;24,19;25,00;25,94;25,12;25,56;2100;2100;
2026-07-07 16:34:56;2296942;RUNNING;2;4;1,310;1,307;1,321;1,301;1,305;1,302;1,306;1,320;1,311;1,310;5,002;5,002;5,000;5,002;5,000;5,001;5,000;4,999;4,999;4,999;24,81;24,12;25,00;25,94;25,12;25,56;2100;2100;
2026-07-07 16:34:57;2297942;RUNNING;2;4;1,310;1,308;1,322;1,301;1,305;1,302;1,305;1,320;1,311;1,309;5,002;5,002;5,000;5,002;4,999;5,001;5,002;5,001;5,000;4,999;24,75;24,19;25,00;25,94;25,12;25,56;2100;2100;
2026-07-07 16:34:58;2298942;RUNNING;2;4;1,310;1,308;1,322;1,301;1,306;1,302;1,306;1,320;1,311;1,308;5,000;5,002;5,000;5,002;4,999;5,001;5,000;5,001;4,997;4,999;24,75;24,19;25,00;26,00;25,12;25,56;2100;2100;
2026-07-07 16:34:59;2299942;RUNNING;2;4;1,310;1,308;1,321;1,301;1,306;1,302;1,306;1,320;1,312;1,310;5,002;5,002;5,000;5,002;4,999;5,001;5,002;4,999;5,000;4,999;24,81;24,19;25,00;25,94;25,12;25,56;2100;2100;
2026-07-07 16:35:00;2300942;RUNNING;2;4;1,310;1,308;1,320;1,301;1,306;1,302;1,306;1,320;1,311;1,308;5,002;5,002;5,000;5,000;5,000;5,001;5,000;4,999;4,999;4,999;24,81;24,19;25,00;26,00;25,12;25,56;2100;2100;
2026-07-07 16:35:01;2301942;RUNNING;2;4;1,310;1,307;1,322;1,301;1,306;1,302;1,306;1,320;1,311;1,309;5,002;5,002;5,000;5,002;4,999;5,001;5,000;5,001;5,000;4,999;24,81;24,19;25,00;25,94;25,12;25,56;1800;2100;
2026-07-07 16:35:02;2302942;RUNNING;2;4;1,310;1,307;1,322;1,301;1,306;1,302;1,306;1,320;1,311;1,309;5,002;5,002;5,000;5,002;4,999;5,001;5,002;5,001;5,000;4,999;24,75;24,19;25,00;26,00;25,12;25,56;2100;2100;
2026-07-07 16:35:03;2303942;RUNNING;2;4;1,310;1,307;1,321;1,301;1,305;1,302;1,306;1,320;1,311;1,310;5,002;5,002;5,000;5,000;5,000;5,001;5,000;5,001;5,000;4,999;24,75;24,19;25,00;26,00;25,12;25,56;2100;2100;
2026-07-07 16:35:04;2304942;RUNNING;2;4;1,310;1,307;1,322;1,301;1,306;1,302;1,306;1,321;1,312;1,310;5,002;5,000;5,000;5,002;5,000;5,001;5,000;5,001;5,000;4,999;24,81;24,19;25,00;26,00;25,12;25,56;2100;2100;
2026-07-07 16:35:05;2305942;RUNNING;2;4;1,310;1,308;1,322;1,301;1,306;1,302;1,306;1,320;1,312;1,310;5,002;5,000;5,000;5,002;4,999;5,001;5,002;4,999;4,999;4,999;24,81;24,19;25,00;25,94;25,12;25,56;2100;2100;
2026-07-07 16:35:06;2306942;RUNNING;2;4;1,310;1,308;1,321;1,301;1,306;1,302;1,306;1,320;1,311;1,310;5,002;5,000;5,000;5,002;5,000;5,001;5,000;5,001;4,999;4,999;24,81;24,19;25,00;26,00;25,19;25,62;2100;2100;
2026-07-07 16:35:07;2307942;RUNNING;2;4;1,310;1,307;1,322;1,301;1,306;1,302;1,306;1,319;1,311;1,309;5,002;5,002;5,000;5,002;4,999;5,001;5,002;4,999;5,000;4,999;24,81;24,19;25,00;26,00;25,19;25,56;1800;2100;
2026-07-07 16:35:08;2308942;RUNNING;2;4;1,310;1,307;1,322;1,301;1,306;1,302;1,306;1,320;1,312;1,308;5,002;5,002;5,000;5,002;5,000;5,001;5,000;4,999;5,000;4,999;24,75;24,19;25,00;26,00;25,19;25,62;2100;2100;
2026-07-07 16:35:09;2309942;RUNNING;2;4;1,311;1,307;1,322;1,301;1,307;1,302;1,306;1,320;1,311;1,309;5,002;5,002;5,000;5,002;4,999;5,001;5,002;4,999;4,999;4,999;24,81;24,19;25,00;26,00;25,19;25,62;2100;2100;
2026-07-07 16:35:10;2310942;RUNNING;2;4;1,311;1,307;1,321;1,301;1,305;1,301;1,306;1,320;1,311;1,309;5,002;5,000;5,000;5,000;5,000;5,001;5,000;4,999;4,999;4,999;24,81;24,19;25,00;26,00;25,19;25,62;2100;2100;
2026-07-07 16:35:11;2311942;RUNNING;2;4;1,310;1,307;1,321;1,301;1,306;1,302;1,306;1,320;1,312;1,310;5,002;5,000;5,000;5,002;4,999;5,001;5,000;4,999;4,999;4,997;24,75;24,19;25,00;26,00;25,19;25,62;2100;2100;
2026-07-07 16:35:12;2312942;RUNNING;2;4;1,310;1,307;1,322;1,301;1,305;1,302;1,306;1,320;1,311;1,309;5,002;5,000;5,000;5,002;5,000;5,001;5,000;4,999;5,000;4,999;24,81;24,19;25,00;26,00;25,19;25,62;2100;2100;
2026-07-07 16:35:13;2313942;RUNNING;2;4;1,310;1,308;1,322;1,301;1,306;1,302;1,306;1,320;1,311;1,310;5,002;5,002;5,000;5,002;5,000;5,001;5,000;5,001;4,999;4,999;24,81;24,19;25,00;26,00;25,19;25,62;1800;2100;
2026-07-07 16:35:14;2314942;RUNNING;2;4;1,310;1,308;1,322;1,301;1,305;1,302;1,306;1,320;1,311;1,310;5,002;5,002;5,000;5,002;5,000;5,001;5,002;4,999;5,000;4,999;24,81;24,19;25,00;26,00;25,19;25,62;2100;2100;
2026-07-07 16:35:15;2315942;RUNNING;2;4;1,310;1,307;1,322;1,301;1,306;1,302;1,306;1,320;1,311;1,310;5,002;5,000;5,000;5,002;4,999;5,001;5,000;4,999;4,999;4,999;24,81;24,19;25,00;26,00;25,19;25,62;2100;2100;
2026-07-07 16:35:16;2316942;RUNNING;2;4;1,310;1,308;1,322;1,301;1,306;1,302;1,306;1,320;1,311;1,310;5,002;5,000;5,000;5,000;5,000;5,001;5,000;5,001;5,000;4,999;24,81;24,19;25,00;26,00;25,19;25,62;2100;2100;
2026-07-07 16:35:17;2317942;RUNNING;2;4;1,310;1,307;1,322;1,301;1,306;1,302;1,306;1,320;1,312;1,310;5,002;5,000;5,000;5,002;5,000;5,001;5,000;4,999;4,999;4,999;24,81;24,19;25,06;26,00;25,19;25,62;2100;2400;
2026-07-07 16:35:18;2318942;RUNNING;2;4;1,310;1,308;1,321;1,301;1,305;1,302;1,305;1,320;1,312;1,309;5,002;5,000;5,000;5,002;5,000;5,001;5,000;5,001;5,000;4,999;24,81;24,19;25,06;26,00;25,19;25,62;2400;2100;
2026-07-07 16:35:19;2319942;RUNNING;2;4;1,310;1,308;1,322;1,301;1,306;1,302;1,306;1,320;1,311;1,309;5,000;5,002;5,000;5,002;4,999;5,001;5,000;4,999;4,999;4,999;24,81;24,19;25,06;26,00;25,19;25,62;2100;2100;
2026-07-07 16:35:20;2320942;RUNNING;2;4;1,310;1,307;1,322;1,301;1,306;1,302;1,306;1,320;1,311;1,309;5,000;5,002;5,000;5,002;4,999;5,001;5,000;4,999;4,999;4,999;24,81;24,19;25,06;26,00;25,19;25,62;2100;2100;
2026-07-07 16:35:21;2321942;RUNNING;2;4;1,310;1,307;1,322;1,301;1,305;1,302;1,306;1,320;1,311;1,309;5,000;5,000;5,000;5,002;4,999;5,001;5,002;5,001;4,999;4,999;24,81;24,25;25,06;26,00;25,19;25,62;2100;2100;
2026-07-07 16:35:22;2322942;RUNNING;2;4;1,310;1,307;1,321;1,301;1,306;1,302;1,305;1,320;1,311;1,308;5,000;5,002;5,000;5,002;4,999;5,001;4,998;5,001;5,000;4,999;24,81;24,19;25,06;26,00;25,19;25,62;2100;2100;
2026-07-07 16:35:23;2323942;RUNNING;2;4;1,310;1,307;1,322;1,301;1,306;1,301;1,306;1,320;1,311;1,309;5,002;5,002;5,000;5,002;5,000;5,001;5,000;4,999;4,999;4,999;24,81;24,19;25,06;26,00;25,19;25,62;2100;2100;
2026-07-07 16:35:24;2324942;RUNNING;2;4;1,310;1,307;1,320;1,301;1,306;1,302;1,306;1,320;1,311;1,308;5,000;5,002;5,000;5,002;4,999;5,001;5,002;4,999;4,999;4,999;24,81;24,19;25,06;26,00;25,19;25,62;2100;2100;
2026-07-07 16:35:25;2325942;RUNNING;2;4;1,310;1,307;1,322;1,301;1,305;1,302;1,306;1,320;1,312;1,310;5,002;5,000;5,000;5,002;4,999;5,001;5,000;4,999;4,999;4,999;24,81;24,19;25,00;26,00;25,19;25,62;2100;2100;
2026-07-07 16:35:26;2326942;RUNNING;2;4;1,310;1,308;1,321;1,301;1,306;1,302;1,305;1,320;1,312;1,309;5,002;5,000;5,000;5,002;4,999;5,001;5,000;4,999;4,999;4,999;24,81;24,19;25,06;26,00;25,19;25,62;2100;2100;
2026-07-07 16:35:27;2327942;RUNNING;2;4;1,309;1,308;1,321;1,301;1,306;1,302;1,306;1,320;1,311;1,309;4,997;5,002;5,000;5,002;4,999;5,001;5,000;4,999;5,000;4,999;24,81;24,19;25,06;26,00;25,19;25,62;1800;1800;
2026-07-07 16:35:28;2328942;RUNNING;2;4;1,309;1,307;1,322;1,301;1,306;1,302;1,306;1,320;1,312;1,308;4,998;5,002;5,000;5,002;4,999;5,001;4,998;4,999;5,000;4,999;24,81;24,19;25,06;26,00;25,19;25,62;2100;2100;
2026-07-07 16:35:29;2329942;RUNNING;2;4;1,310;1,307;1,322;1,301;1,305;1,302;1,306;1,320;1,312;1,310;4,998;5,002;5,000;5,002;4,999;5,001;5,002;5,001;5,000;4,999;24,81;24,19;25,06;26,00;25,19;25,62;2100;2100;
2026-07-07 16:35:30;2330942;RUNNING;2;4;1,310;1,307;1,322;1,301;1,306;1,302;1,306;1,321;1,311;1,310;4,998;5,002;4,999;5,002;5,000;5,001;5,002;4,999;4,999;4,999;24,81;24,19;25,06;26,06;25,19;25,62;2100;2100;
2026-07-07 16:35:31;2331942;RUNNING;2;4;1,309;1,307;1,322;1,301;1,306;1,301;1,306;1,320;1,311;1,310;4,998;5,002;5,000;5,002;5,000;5,001;5,002;4,999;5,000;4,999;24,81;24,19;25,06;26,06;25,19;25,62;2100;2100;
2026-07-07 16:35:32;2332942;RUNNING;2;4;1,310;1,308;1,322;1,301;1,306;1,302;1,306;1,320;1,311;1,310;4,998;5,000;5,000;5,002;4,999;5,001;5,002;5,001;5,000;4,999;24,81;24,19;25,06;26,00;25,19;25,62;2100;2100;
2026-07-07 16:35:33;2333942;RUNNING;2;4;1,309;1,307;1,321;1,301;1,305;1,302;1,306;1,320;1,312;1,310;4,997;5,002;5,000;5,002;5,000;5,001;5,000;5,001;4,999;4,999;24,81;24,19;25,06;26,00;25,19;25,62;2100;2100;
2026-07-07 16:35:34;2334942;RUNNING;2;4;1,310;1,307;1,322;1,301;1,306;1,302;1,306;1,320;1,312;1,310;4,997;5,002;5,000;5,002;5,000;5,001;5,002;4,999;4,999;5,001;24,81;24,19;25,06;26,00;25,12;25,62;1800;2100;
2026-07-07 16:35:35;2335942;RUNNING;2;4;1,309;1,308;1,322;1,301;1,305;1,302;1,305;1,320;1,312;1,309;4,998;5,002;5,000;5,002;4,999;5,003;5,000;5,001;5,000;4,999;24,81;24,19;25,06;26,00;25,12;25,62;2100;2100;
2026-07-07 16:35:36;2336942;RUNNING;2;4;1,309;1,308;1,322;1,301;1,306;1,301;1,306;1,320;1,311;1,309;4,998;5,002;5,000;5,002;5,000;5,001;5,002;4,999;5,000;5,001;24,81;24,19;25,06;26,00;25,12;25,62;2100;2100;
2026-07-07 16:35:37;2337942;RUNNING;2;4;1,309;1,307;1,322;1,301;1,305;1,302;1,305;1,320;1,312;1,309;4,998;5,002;5,002;5,002;4,999;5,001;5,002;4,999;5,000;4,999;24,81;24,19;25,06;26,06;25,12;25,62;2100;2100;
2026-07-07 16:35:38;2338942;RUNNING;2;4;1,309;1,307;1,321;1,301;1,306;1,302;1,306;1,320;1,312;1,308;4,998;5,002;5,000;5,002;5,000;5,001;5,000;5,001;4,999;4,999;24,81;24,19;25,06;26,06;25,19;25,62;2100;2100;
2026-07-07 16:35:39;2339942;RUNNING;2;4;1,310;1,307;1,321;1,301;1,304;1,302;1,305;1,320;1,312;1,309;4,997;5,000;5,000;5,002;4,999;5,001;5,000;5,001;5,000;4,999;24,81;24,19;25,06;26,06;25,12;25,62;2100;2100;
2026-07-07 16:35:40;2340942;RUNNING;2;4;1,300;1,308;1,321;1,301;1,306;1,302;1,306;1,320;1,311;1,308;4,961;5,002;5,000;5,002;4,999;5,001;5,000;5,001;4,999;4,999;24,81;24,19;25,06;26,06;25,12;25,62;2100;2100;
2026-07-07 16:35:41;2341942;RUNNING;2;4;1,278;1,290;1,321;1,301;1,306;1,301;1,306;1,320;1,312;1,310;4,880;4,935;5,000;5,002;4,999;5,001;5,000;4,999;5,000;4,999;24,81;24,19;25,06;26,06;25,19;25,62;2100;1800;
2026-07-07 16:35:42;2342942;RUNNING;2;4;1,256;1,268;1,304;1,301;1,306;1,302;1,306;1,320;1,312;1,310;4,797;4,852;4,934;5,002;4,999;5,001;5,000;5,001;5,002;4,999;24,81;24,19;25,06;26,06;25,12;25,62;1800;2100;
2026-07-07 16:35:43;2343942;RUNNING;2;4;1,234;1,247;1,282;1,284;1,306;1,302;1,306;1,320;1,312;1,308;4,716;4,771;4,852;4,935;5,000;5,001;5,002;5,001;5,000;5,001;24,81;24,19;25,06;26,06;25,12;25,62;2100;2100;
2026-07-07 16:35:44;2344942;RUNNING;2;4;1,212;1,224;1,259;1,262;1,289;1,302;1,306;1,321;1,312;1,310;4,631;4,686;4,770;4,853;4,934;5,001;5,002;4,999;5,000;4,999;24,81;24,19;25,06;26,06;25,12;25,56;2100;2100;
2026-07-07 16:35:45;2345942;RUNNING;2;4;1,191;1,203;1,238;1,240;1,267;1,284;1,306;1,320;1,312;1,309;4,548;4,602;4,687;4,769;4,849;4,935;5,002;5,001;5,000;4,999;24,81;24,19;25,06;26,06;25,12;25,56;2100;2100;
2026-07-07 16:35:46;2346943;RUNNING;2;4;1,169;1,182;1,215;1,219;1,245;1,263;1,289;1,320;1,312;1,310;4,467;4,520;4,603;4,687;4,767;4,853;4,934;4,999;5,000;4,999;24,81;24,19;25,06;26,06;25,12;25,62;2100;2100;
2026-07-07 16:35:47;2347943;RUNNING;2;4;1,148;1,160;1,195;1,197;1,223;1,242;1,267;1,303;1,312;1,309;4,385;4,439;4,520;4,604;4,684;4,770;4,853;4,933;5,000;5,001;24,81;24,12;25,06;26,00;25,12;25,62;2100;2100;
2026-07-07 16:35:48;2348944;RUNNING;2;4;1,126;1,138;1,173;1,175;1,201;1,219;1,245;1,281;1,295;1,309;4,302;4,357;4,438;4,522;4,601;4,687;4,771;4,852;4,934;4,999;24,81;24,19;25,06;26,06;25,12;25,56;2100;2100;
2026-07-07 16:35:49;2349944;RUNNING;2;4;1,104;1,116;1,150;1,154;1,179;1,199;1,224;1,259;1,273;1,293;4,221;4,273;4,355;4,440;4,517;4,604;4,690;4,770;4,851;4,933;24,81;24,19;25,06;26,00;25,12;25,56;2100;2100;
2026-07-07 16:35:50;2350944;RUNNING;2;4;1,082;1,095;1,128;1,132;1,158;1,177;1,202;1,237;1,251;1,270;4,138;4,189;4,271;4,356;4,436;4,523;4,605;4,687;4,770;4,852;24,81;24,19;25,06;26,00;25,12;25,62;2100;2100;
2026-07-07 16:35:51;2351944;RUNNING;2;4;1,061;1,073;1,106;1,111;1,136;1,154;1,180;1,214;1,229;1,249;4,057;4,106;4,189;4,272;4,354;4,441;4,524;4,606;4,685;4,770;24,81;24,19;25,06;26,00;25,12;25,62;2100;2100;
2026-07-07 16:35:52;2352944;RUNNING;2;4;1,038;1,051;1,084;1,089;1,114;1,133;1,158;1,193;1,207;1,227;3,976;4,024;4,108;4,191;4,270;4,358;4,443;4,524;4,603;4,689;24,81;24,19;25,06;26,00;25,12;25,62;2100;2100;
2026-07-07 16:35:53;2353944;RUNNING;2;4;1,016;1,029;1,062;1,067;1,092;1,111;1,136;1,171;1,185;1,205;3,893;3,942;4,024;4,109;4,187;4,275;4,361;4,441;4,522;4,604;24,81;24,19;25,06;26,00;25,12;25,56;1800;1800;
2026-07-07 16:35:54;2354944;RUNNING;2;4;0,995;1,007;1,040;1,045;1,070;1,090;1,114;1,149;1,163;1,183;3,810;3,858;3,942;4,025;4,104;4,194;4,278;4,360;4,441;4,523;24,81;24,19;25,06;26,00;25,12;25,56;1800;2100;
2026-07-07 16:35:55;2355944;RUNNING;2;4;0,973;0,986;1,018;1,024;1,049;1,068;1,093;1,127;1,142;1,161;3,727;3,775;3,859;3,943;4,022;4,111;4,197;4,276;4,358;4,442;24,81;24,12;25,06;26,00;25,12;25,56;2100;1800;
2026-07-07 16:35:56;2356944;RUNNING;2;4;0,951;0,964;0,995;1,002;1,027;1,046;1,071;1,105;1,120;1,139;3,645;3,691;3,775;3,859;3,939;4,028;4,114;4,195;4,274;4,360;24,81;24,12;25,06;26,00;25,12;25,56;2100;1800;
2026-07-07 16:35:57;2357944;RUNNING;2;4;0,929;0,942;0,973;0,980;1,005;1,025;1,049;1,083;1,098;1,117;3,562;3,609;3,692;3,776;3,855;3,948;4,033;4,112;4,193;4,277;24,81;24,19;25,00;26,00;25,12;25,56;1800;1800;
2026-07-07 16:35:58;2358944;RUNNING;2;4;0,907;0,920;0,951;0,958;0,983;1,003;1,027;1,062;1,077;1,096;3,478;3,527;3,608;3,692;3,774;3,865;3,950;4,030;4,112;4,194;24,81;24,19;25,06;26,00;25,12;25,56;1800;1800;
2026-07-07 16:35:59;2359944;RUNNING;2;4;0,885;0,899;0,929;0,937;0,962;0,981;1,006;1,039;1,055;1,074;3,396;3,442;3,527;3,608;3,690;3,780;3,868;3,947;4,029;4,113;24,81;24,12;25,06;26,00;25,12;25,56;1800;1800;
2026-07-07 16:36:00;2360944;RUNNING;2;4;0,863;0,876;0,908;0,915;0,940;0,960;0,984;1,017;1,033;1,053;3,313;3,358;3,442;3,526;3,607;3,699;3,785;3,864;3,947;4,032;24,81;24,12;25,06;26,00;25,06;25,56;2100;1500;
2026-07-07 16:36:01;2361944;RUNNING;2;4;0,842;0,855;0,887;0,894;0,918;0,938;0,962;0,995;1,011;1,030;3,230;3,276;3,360;3,443;3,525;3,617;3,702;3,783;3,864;3,948;24,81;24,19;25,06;26,00;25,12;25,56;1800;1800;
2026-07-07 16:36:02;2362944;RUNNING;2;4;0,820;0,833;0,863;0,872;0,896;0,916;0,940;0,973;0,990;1,009;3,149;3,192;3,278;3,359;3,440;3,534;3,621;3,700;3,781;3,865;24,81;24,12;25,06;25,94;25,06;25,56;1800;1800;
2026-07-07 16:36:03;2363944;RUNNING;2;4;0,798;0,811;0,841;0,850;0,874;0,894;0,918;0,951;0,967;0,987;3,068;3,111;3,194;3,275;3,358;3,451;3,540;3,618;3,700;3,784;24,81;24,12;25,06;26,00;25,06;25,56;1500;1800;
2026-07-07 16:36:04;2364944;RUNNING;2;4;0,777;0,790;0,819;0,829;0,852;0,873;0,897;0,929;0,946;0,964;2,985;3,027;3,111;3,193;3,277;3,368;3,456;3,535;3,618;3,701;24,81;24,12;25,06;26,00;25,06;25,56;1800;1500;
2026-07-07 16:36:05;2365944;RUNNING;2;4;0,755;0,768;0,797;0,807;0,831;0,851;0,875;0,907;0,924;0,943;2,902;2,943;3,028;3,110;3,193;3,287;3,375;3,452;3,535;3,618;24,81;24,12;25,06;25,94;25,06;25,56;1500;1500;
2026-07-07 16:36:06;2366944;RUNNING;2;4;0,733;0,745;0,776;0,786;0,809;0,829;0,853;0,885;0,903;0,922;2,819;2,860;2,946;3,026;3,110;3,204;3,292;3,367;3,450;3,537;24,81;24,12;25,06;25,94;25,06;25,56;1800;1800;
2026-07-07 16:36:07;2367944;RUNNING;2;4;0,711;0,724;0,753;0,763;0,788;0,808;0,831;0,863;0,880;0,900;2,738;2,776;2,861;2,944;3,025;3,120;3,210;3,286;3,369;3,454;24,81;24,12;25,06;25,94;25,06;25,56;1500;1800;
2026-07-07 16:36:08;2368944;RUNNING;2;4;0,690;0,703;0,731;0,741;0,765;0,787;0,809;0,841;0,858;0,877;2,655;2,694;2,779;2,859;2,943;3,039;3,127;3,203;3,286;3,371;24,81;24,12;25,06;25,94;25,06;25,56;1500;1500;
2026-07-07 16:36:09;2369944;RUNNING;2;4;0,668;0,681;0,710;0,721;0,744;0,765;0,788;0,819;0,836;0,856;2,570;2,609;2,695;2,777;2,860;2,956;3,046;3,121;3,204;3,288;24,81;24,12;25,00;25,94;25,06;25,56;1500;1500;
2026-07-07 16:36:10;2370944;RUNNING;2;4;0,646;0,658;0,688;0,698;0,722;0,742;0,766;0,797;0,814;0,834;2,489;2,527;2,612;2,693;2,777;2,873;2,963;3,038;3,123;3,206;24,81;24,12;25,00;25,94;25,06;25,50;1500;1500;
2026-07-07 16:36:11;2371944;RUNNING;2;4;0,624;0,637;0,667;0,677;0,701;0,721;0,744;0,775;0,793;0,812;2,406;2,440;2,528;2,608;2,693;2,790;2,881;2,955;3,038;3,125;24,81;24,12;25,06;25,94;25,06;25,50;1500;1500;
2026-07-07 16:36:12;2372944;RUNNING;2;4;0,602;0,616;0,644;0,655;0,679;0,700;0,722;0,753;0,771;0,791;2,324;2,359;2,447;2,527;2,612;2,708;2,800;2,874;2,957;3,040;24,81;24,12;25,06;25,94;25,06;25,50;1500;1500;
2026-07-07 16:36:13;2373944;RUNNING;2;4;0,581;0,594;0,621;0,634;0,657;0,678;0,701;0,732;0,749;0,769;2,245;2,276;2,365;2,444;2,530;2,625;2,717;2,790;2,875;2,959;24,81;24,12;25,06;25,87;25,06;25,50;1500;1500;
2026-07-07 16:36:14;2374944;RUNNING;2;4;0,559;0,572;0,600;0,612;0,636;0,656;0,680;0,710;0,727;0,747;2,160;2,194;2,283;2,362;2,446;2,542;2,634;2,707;2,792;2,874;24,81;24,12;25,06;25,94;25,06;25,50;1500;1200;
2026-07-07 16:36:15;2375944;RUNNING;2;4;0,537;0,551;0,579;0,590;0,613;0,634;0,658;0,687;0,705;0,725;2,079;2,110;2,200;2,278;2,363;2,461;2,553;2,624;2,709;2,793;24,81;24,12;25,06;25,87;25,06;25,50;1500;1500;
2026-07-07 16:36:16;2376944;RUNNING;2;4;0,516;0,529;0,556;0,569;0,591;0,613;0,636;0,665;0,684;0,704;1,994;2,028;2,116;2,195;2,281;2,380;2,470;2,543;2,626;2,710;24,81;24,19;25,06;25,87;25,06;25,50;1200;1500;
2026-07-07 16:36:17;2377944;RUNNING;2;4;0,494;0,506;0,535;0,548;0,571;0,591;0,615;0,643;0,662;0,682;1,913;1,943;2,034;2,113;2,198;2,295;2,388;2,460;2,543;2,627;24,81;24,19;25,06;25,87;25,06;25,50;1200;1200;
2026-07-07 16:36:18;2378944;RUNNING;2;4;0,472;0,485;0,513;0,526;0,549;0,570;0,593;0,622;0,640;0,660;1,832;1,861;1,949;2,029;2,115;2,213;2,307;2,377;2,462;2,545;24,81;24,19;25,06;25,87;25,06;25,50;1200;1200;
2026-07-07 16:36:19;2379944;RUNNING;2;4;0,450;0,463;0,490;0,504;0,527;0,548;0,571;0,599;0,618;0,638;1,749;1,779;1,867;1,947;2,033;2,130;2,226;2,295;2,378;2,462;24,81;24,12;25,06;25,87;25,06;25,50;1200;1200;
2026-07-07 16:36:20;2380944;RUNNING;2;4;0,429;0,442;0,469;0,483;0,505;0,527;0,549;0,578;0,597;0,616;1,667;1,695;1,786;1,863;1,950;2,049;2,143;2,212;2,297;2,379;24,81;24,19;25,06;25,87;25,06;25,50;900;1200;
2026-07-07 16:36:21;2381944;RUNNING;2;4;0,408;0,420;0,447;0,462;0,484;0,505;0,528;0,556;0,575;0,595;1,586;1,612;1,704;1,781;1,866;1,966;2,060;2,131;2,216;2,298;24,81;24,12;25,06;25,87;25,06;25,50;900;900;
2026-07-07 16:36:22;2382944;RUNNING;2;4;0,386;0,399;0,425;0,440;0,463;0,484;0,506;0,534;0,553;0,573;1,503;1,530;1,620;1,698;1,785;1,884;1,979;2,047;2,133;2,217;24,87;24,12;25,06;25,81;25,06;25,50;900;1200;
2026-07-07 16:36:23;2383944;RUNNING;2;4;0,364;0,377;0,403;0,418;0,441;0,462;0,485;0,512;0,532;0,551;1,422;1,446;1,537;1,614;1,703;1,801;1,898;1,964;2,049;2,134;24,87;24,19;25,06;25,81;25,00;25,50;900;1200;
2026-07-07 16:36:24;2384944;RUNNING;2;4;0,343;0,355;0,381;0,397;0,419;0,441;0,463;0,490;0,510;0,530;1,339;1,363;1,455;1,532;1,620;1,720;1,814;1,883;1,966;2,050;24,87;24,12;25,06;25,81;25,06;25,50;1200;900;
2026-07-07 16:36:25;2385944;RUNNING;2;4;0,321;0,334;0,360;0,376;0,398;0,419;0,441;0,468;0,488;0,508;1,256;1,279;1,373;1,448;1,538;1,639;1,735;1,801;1,885;1,967;24,87;24,19;25,06;25,81;25,00;25,50;900;1200;
2026-07-07 16:36:26;2386944;RUNNING;2;4;0,300;0,312;0,339;0,354;0,376;0,398;0,420;0,447;0,466;0,486;1,175;1,197;1,288;1,366;1,455;1,554;1,652;1,718;1,802;1,886;24,87;24,19;25,06;25,81;25,00;25,44;900;900;
2026-07-07 16:36:27;2387944;RUNNING;2;4;0,278;0,291;0,316;0,333;0,355;0,376;0,399;0,425;0,444;0,465;1,092;1,112;1,206;1,283;1,373;1,472;1,569;1,637;1,720;1,803;24,87;24,19;25,06;25,81;25,00;25,50;900;900;
2026-07-07 16:36:28;2388944;RUNNING;2;4;0,257;0,269;0,294;0,311;0,333;0,355;0,377;0,403;0,423;0,443;1,010;1,030;1,125;1,201;1,289;1,391;1,488;1,554;1,637;1,722;24,87;24,19;25,06;25,81;25,00;25,44;900;600;
2026-07-07 16:36:29;2389944;RUNNING;2;4;0,235;0,247;0,272;0,290;0,312;0,334;0,355;0,381;0,401;0,422;0,927;0,946;1,041;1,117;1,208;1,308;1,407;1,471;1,556;1,639;24,87;24,19;25,06;25,81;25,00;25,50;900;600;
2026-07-07 16:36:30;2390944;RUNNING;2;4;0,214;0,226;0,251;0,268;0,291;0,312;0,334;0,359;0,380;0,400;0,846;0,862;0,959;1,035;1,124;1,227;1,325;1,389;1,473;1,556;24,87;24,19;25,06;25,81;25,00;25,44;600;900;
2026-07-07 16:36:31;2391944;RUNNING;2;4;0,192;0,204;0,230;0,247;0,269;0,290;0,312;0,338;0,358;0,378;0,763;0,779;0,878;0,952;1,043;1,143;1,242;1,306;1,391;1,474;24,87;24,19;25,06;25,75;25,00;25,50;600;600;
2026-07-07 16:36:32;2392944;RUNNING;2;4;0,170;0,183;0,208;0,225;0,247;0,269;0,291;0,316;0,336;0,356;0,682;0,697;0,794;0,870;0,959;1,060;1,161;1,225;1,308;1,391;24,87;24,19;25,06;25,81;25,00;25,50;900;600;
2026-07-07 16:36:33;2393944;RUNNING;2;4;0,149;0,161;0,186;0,204;0,226;0,248;0,269;0,294;0,314;0,335;0,599;0,613;0,711;0,788;0,876;0,979;1,078;1,142;1,227;1,310;24,94;24,19;25,06;25,75;25,00;25,44;600;900;
2026-07-07 16:36:34;2394944;RUNNING;2;4;0,128;0,140;0,164;0,183;0,204;0,227;0,248;0,272;0,293;0,313;0,518;0,531;0,627;0,704;0,793;0,896;0,996;1,060;1,144;1,229;24,87;24,19;25,06;25,75;25,00;25,44;600;600;
2026-07-07 16:36:35;2395944;RUNNING;2;4;0,106;0,118;0,142;0,161;0,182;0,205;0,227;0,251;0,271;0,291;0,436;0,448;0,545;0,619;0,711;0,815;0,915;0,977;1,061;1,146;24,87;24,19;25,06;25,75;25,00;25,44;600;600;
2026-07-07 16:36:36;2396944;RUNNING;2;4;0,084;0,096;0,120;0,140;0,162;0,183;0,205;0,229;0,250;0,270;0,353;0,366;0,464;0,537;0,629;0,733;0,834;0,894;0,978;1,063;24,94;24,19;25,06;25,75;25,00;25,44;600;900;
2026-07-07 16:36:37;2397944;RUNNING;2;4;0,063;0,075;0,099;0,119;0,140;0,162;0,184;0,207;0,228;0,248;0,269;0,282;0,380;0,455;0,548;0,650;0,751;0,813;0,898;0,981;24,94;24,19;25,06;25,75;25,00;25,44;600;900;
2026-07-07 16:36:38;2398944;RUNNING;2;4;0,041;0,053;0,077;0,097;0,118;0,141;0,162;0,186;0,207;0,227;0,184;0,198;0,297;0,371;0,463;0,567;0,668;0,731;0,815;0,895;24,94;24,19;25,12;25,75;25,00;25,44;600;600;
2026-07-07 16:36:39;2399944;RUNNING;2;4;0,020;0,031;0,055;0,076;0,097;0,119;0,140;0,163;0,185;0,205;0,104;0,117;0,213;0,289;0,381;0,486;0,587;0,648;0,732;0,815;24,87;24,19;25,06;25,75;25,00;25,44;600;900;
2026-07-07 16:36:40;2400944;RUNNING;2;4;0,000;0,009;0,034;0,054;0,075;0,098;0,119;0,142;0,163;0,183;0,000;0,029;0,133;0,205;0,298;0,403;0,504;0,565;0,650;0,732;24,94;24,25;25,12;25,75;25,00;25,44;900;900;
2026-07-07 16:36:41;2402043;RUNNING;2;4;0,000;0,000;0,012;0,031;0,052;0,074;0,095;0,118;0,140;0,160;0,000;0,000;0,055;0,111;0,207;0,313;0,415;0,475;0,559;0,641;24,94;24,25;25,12;25,75;24,94;25,44;600;900;
2026-07-07 16:36:42;2403043;RUNNING;2;4;0,000;0,000;0,000;0,009;0,031;0,052;0,073;0,096;0,118;0,138;0,000;0,000;0,000;0,033;0,121;0,231;0,332;0,392;0,477;0,559;24,94;24,25;25,06;25,69;24,94;25,44;600;600;
2026-07-07 16:36:43;2404043;RUNNING;2;4;0,000;0,000;0,000;0,000;0,022;0,031;0,052;0,074;0,096;0,116;0,000;0,000;0,000;0,000;0,092;0,147;0,253;0,309;0,396;0,478;24,94;24,25;25,12;25,69;24,94;25,44;600;600;
2026-07-07 16:36:44;2405043;RUNNING;2;4;0,000;0,000;0,000;0,000;0,000;0,010;0,031;0,053;0,075;0,095;0,000;0,000;0,000;0,000;0,000;0,072;0,172;0,227;0,309;0,397;24,94;24,25;25,12;25,69;24,94;25,44;600;900;
2026-07-07 16:36:45;2406043;RUNNING;2;4;0,000;0,000;0,000;0,000;0,000;0,000;0,011;0,032;0,053;0,073;0,000;0,000;0,000;0,000;0,000;0,000;0,093;0,146;0,230;0,312;24,94;24,25;25,12;25,69;24,94;25,37;600;900;
2026-07-07 16:36:46;2407043;RUNNING;2;4;0,000;0,000;0,000;0,000;0,000;0,000;0,000;0,016;0,032;0,052;0,000;0,000;0,000;0,000;0,000;0,000;0,000;0,093;0,152;0,229;24,94;24,25;25,12;25,69;24,94;25,37;600;600;
2026-07-07 16:36:47;2408043;RUNNING;2;4;0,000;0,000;0,000;0,000;0,000;0,000;0,000;0,000;0,015;0,030;0,000;0,000;0,000;0,000;0,000;0,000;0,000;0,000;0,084;0,149;24,94;24,25;25,12;25,69;24,94;25,37;600;900;
2026-07-07 16:36:48;2409043;RUNNING;2;4;0,000;0,000;0,000;0,000;0,000;0,000;0,000;0,000;0,000;0,015;0,000;0,000;0,000;0,000;0,000;0,000;0,000;0,000;0,000;0,092;24,94;24,25;25,12;25,69;24,87;25,37;600;900;
2026-07-07 16:36:49;2410043;RUNNING;2;4;0,000;0,000;0,000;0,000;0,000;0,000;0,000;0,000;0,000;0,000;0,000;0,000;0,000;0,000;0,000;0,000;0,000;0,000;0,000;0,000;24,94;24,25;25,12;25,69;24,87;25,37;600;600;
2026-07-07 16:36:50;2411043;RUNNING;2;4;0,000;0,000;0,000;0,000;0,000;0,000;0,000;0,000;0,000;0,000;0,000;0,000;0,000;0,000;0,000;0,000;0,000;0,000;0,000;0,000;24,94;24,25;25,12;25,62;24,87;25,37;600;600;
2026-07-07 16:36:51;2412043;RUNNING;2;4;0,000;0,000;0,000;0,000;0,000;0,000;0,000;0,000;0,000;0,000;0,000;0,000;0,000;0,000;0,000;0,000;0,000;0,000;0,000;0,000;24,94;24,25;25,12;25,62;24,87;25,37;600;900;
2026-07-07 16:36:52;2413043;RUNNING;2;4;0,000;0,000;0,000;0,000;0,000;0,000;0,000;0,000;0,000;0,000;0,000;0,000;0,000;0,000;0,000;0,000;0,000;0,000;0,000;0,000;24,94;24,25;25,12;25,62;24,87;25,37;600;600;
2026-07-07 16:36:53;2414043;RUNNING;2;4;0,000;0,000;0,000;0,000;0,000;0,000;0,000;0,000;0,000;0,000;0,000;0,000;0,000;0,000;0,000;0,000;0,000;0,000;0,000;0,000;24,94;24,25;25,12;25,62;24,87;25,31;600;600;
2026-07-07 16:36:54;2415043;RUNNING;2;4;0,000;0,000;0,000;0,000;0,000;0,000;0,000;0,000;0,000;0,000;0,000;0,000;0,000;0,000;0,000;0,000;0,000;0,000;0,000;0,000;24,94;24,25;25,12;25,62;24,87;25,31;600;900;
2026-07-07 16:36:55;2416043;RUNNING;2;4;0,000;0,000;0,000;0,000;0,000;0,000;0,000;0,000;0,000;0,000;0,000;0,000;0,000;0,000;0,000;0,000;0,000;0,000;0,000;0,000;24,94;24,25;25,12;25,62;24,87;25,31;600;600;
2026-07-07 16:36:56;2417043;RUNNING;2;4;0,000;0,000;0,000;0,000;0,000;0,000;0,000;0,000;0,000;0,000;0,000;0,000;0,000;0,000;0,000;0,000;0,000;0,000;0,000;0,000;25,00;24,25;25,12;25,62;24,81;25,31;600;600;
2026-07-07 16:36:57;2418043;RUNNING;2;4;0,000;0,000;0,000;0,000;0,000;0,000;0,000;0,000;0,000;0,000;0,000;0,000;0,000;0,000;0,000;0,000;0,000;0,000;0,000;0,000;24,94;24,25;25,12;25,56;24,81;25,31;600;900;
2026-07-07 16:36:58;2419043;RUNNING;2;4;0,000;0,000;0,000;0,000;0,000;0,000;0,000;0,000;0,000;0,000;0,000;0,000;0,000;0,000;0,000;0,000;0,000;0,000;0,000;0,000;25,00;24,25;25,12;25,56;24,81;25,31;600;600;
2026-07-07 16:36:59;2420043;RUNNING;2;4;0,000;0,000;0,000;0,000;0,000;0,000;0,000;0,000;0,000;0,000;0,000;0,000;0,000;0,000;0,000;0,000;0,000;0,000;0,000;0,000;25,00;24,25;25,12;25,56;24,81;25,31;900;600;
2026-07-07 16:37:00;2421043;RUNNING;2;4;0,000;0,000;0,000;0,000;0,000;0,000;0,000;0,000;0,000;0,000;0,000;0,000;0,000;0,000;0,000;0,000;0,000;0,000;0,000;0,000;25,00;24,25;25,12;25,56;24,81;25,31;900;900;
2026-07-07 16:37:01;2422043;RUNNING;2;4;0,000;0,000;0,000;0,000;0,000;0,000;0,000;0,000;0,000;0,000;0,000;0,000;0,000;0,000;0,000;0,000;0,000;0,000;0,000;0,000;25,00;24,25;25,12;25,56;24,81;25,25;900;900;
2026-07-07 16:37:02;2423043;RUNNING;2;4;0,000;0,000;0,000;0,000;0,000;0,000;0,000;0,000;0,000;0,000;0,000;0,000;0,000;0,000;0,000;0,000;0,000;0,000;0,000;0,000;25,00;24,25;25,12;25,56;24,81;25,25;900;600;
2026-07-07 16:37:03;2424043;RUNNING;2;4;0,000;0,000;0,000;0,000;0,000;0,000;0,000;0,000;0,000;0,000;0,000;0,000;0,000;0,000;0,000;0,000;0,000;0,000;0,000;0,000;25,00;24,25;25,12;25,56;24,75;25,25;900;900;
2026-07-07 16:37:04;2425043;RUNNING;2;4;0,000;0,000;0,000;0,000;0,000;0,000;0,000;0,000;0,000;0,000;0,000;0,000;0,000;0,000;0,000;0,000;0,000;0,000;0,000;0,000;25,00;24,25;25,12;25,56;24,75;25,25;900;900;
2026-07-07 16:37:05;2426043;RUNNING;2;4;0,000;0,000;0,000;0,000;0,000;0,000;0,000;0,000;0,000;0,000;0,000;0,000;0,000;0,000;0,000;0,000;0,000;0,000;0,000;0,000;25,00;24,25;25,12;25,56;24,75;25,25;900;600;
2026-07-07 16:37:06;2427043;RUNNING;2;4;0,000;0,000;0,000;0,000;0,000;0,000;0,000;0,000;0,000;0,000;0,000;0,000;0,000;0,000;0,000;0,000;0,000;0,000;0,000;0,000;25,00;24,25;25,12;25,50;24,75;25,25;900;900;
2026-07-07 16:37:07;2428043;RUNNING;2;4;0,000;0,000;0,000;0,000;0,000;0,000;0,000;0,000;0,000;0,000;0,000;0,000;0,000;0,000;0,000;0,000;0,000;0,000;0,000;0,000;25,00;24,25;25,12;25,50;24,75;25,25;900;900;
2026-07-07 16:37:08;2429043;RUNNING;2;4;0,000;0,000;0,000;0,000;0,000;0,000;0,000;0,000;0,000;0,000;0,000;0,000;0,000;0,000;0,000;0,000;0,000;0,000;0,000;0,000;25,00;24,25;25,12;25,50;24,75;25,25;900;600;
2026-07-07 16:37:09;2430043;RUNNING;2;4;0,000;0,000;0,000;0,000;0,000;0,000;0,000;0,000;0,000;0,000;0,000;0,000;0,000;0,000;0,000;0,000;0,000;0,000;0,000;0,000;25,00;24,25;25,12;25,50;24,75;25,25;600;600;
2026-07-07 16:37:10;2431043;RUNNING;2;4;0,000;0,000;0,000;0,000;0,000;0,000;0,000;0,000;0,000;0,000;0,000;0,000;0,000;0,000;0,000;0,000;0,000;0,000;0,000;0,000;25,00;24,25;25,12;25,50;24,75;25,19;600;900;
2026-07-07 16:37:11;2432043;RUNNING;2;4;0,000;0,000;0,000;0,000;0,000;0,000;0,000;0,000;0,000;0,000;0,000;0,000;0,000;0,000;0,000;0,000;0,000;0,000;0,000;0,000;25,00;24,25;25,06;25,50;24,69;25,19;600;600;
2026-07-07 16:37:12;2433043;RUNNING;2;4;0,000;0,000;0,000;0,000;0,000;0,000;0,000;0,000;0,000;0,000;0,000;0,000;0,000;0,000;0,000;0,000;0,000;0,000;0,000;0,000;25,00;24,25;25,12;25,50;24,69;25,19;600;600;
2026-07-07 16:37:13;2434043;RUNNING;2;4;0,000;0,000;0,000;0,000;0,000;0,000;0,000;0,000;0,000;0,000;0,000;0,000;0,000;0,000;0,000;0,000;0,000;0,000;0,000;0,000;25,00;24,25;25,06;25,50;24,69;25,19;900;900;
2026-07-07 16:37:14;2435043;RUNNING;2;4;0,000;0,000;0,000;0,000;0,000;0,000;0,000;0,000;0,000;0,000;0,000;0,000;0,000;0,000;0,000;0,000;0,000;0,000;0,000;0,000;25,00;24,25;25,06;25,50;24,69;25,19;600;900;
2026-07-07 16:37:15;2436043;RUNNING;2;4;0,000;0,000;0,000;0,000;0,000;0,000;0,000;0,000;0,000;0,000;0,000;0,000;0,000;0,000;0,000;0,000;0,000;0,000;0,000;0,000;25,00;24,25;25,06;25,50;24,69;25,19;600;600;
2026-07-07 16:37:16;2437043;RUNNING;2;4;0,000;0,000;0,000;0,000;0,000;0,000;0,000;0,000;0,000;0,000;0,000;0,000;0,000;0,000;0,000;0,000;0,000;0,000;0,000;0,000;25,00;24,25;25,06;25,50;24,69;25,19;600;600;
2026-07-07 16:37:17;2438043;RUNNING;2;4;0,000;0,000;0,000;0,000;0,000;0,000;0,000;0,000;0,000;0,000;0,000;0,000;0,000;0,000;0,000;0,000;0,000;0,000;0,000;0,000;25,00;24,25;25,12;25,44;24,69;25,19;600;900;
2026-07-07 16:37:18;2439043;RUNNING;2;4;0,000;0,000;0,000;0,000;0,000;0,000;0,000;0,000;0,000;0,000;0,000;0,000;0,000;0,000;0,000;0,000;0,000;0,000;0,000;0,000;25,00;24,25;25,06;25,44;24,69;25,19;600;600;
2026-07-07 16:37:19;2440043;RUNNING;2;4;0,000;0,000;0,000;0,000;0,000;0,000;0,000;0,000;0,000;0,000;0,000;0,000;0,000;0,000;0,000;0,000;0,000;0,000;0,000;0,000;25,00;24,25;25,06;25,44;24,69;25,12;600;600;
2026-07-07 16:37:20;2441043;RUNNING;2;4;0,000;0,000;0,000;0,000;0,000;0,000;0,000;0,000;0,000;0,000;0,000;0,000;0,000;0,000;0,000;0,000;0,000;0,000;0,000;0,000;25,00;24,25;25,06;25,44;24,69;25,19;600;900;
2026-07-07 16:37:21;2442043;RUNNING;2;4;0,000;0,000;0,000;0,000;0,000;0,000;0,000;0,000;0,000;0,000;0,000;0,000;0,000;0,000;0,000;0,000;0,000;0,000;0,000;0,000;25,00;24,25;25,06;25,44;24,69;25,12;600;900;
2026-07-07 16:37:22;2443043;RUNNING;2;4;0,000;0,000;0,000;0,000;0,000;0,000;0,000;0,000;0,000;0,000;0,000;0,000;0,000;0,000;0,000;0,000;0,000;0,000;0,000;0,000;25,00;24,25;25,12;25,44;24,62;25,12;900;600;
2026-07-07 16:37:23;2444043;RUNNING;2;4;0,000;0,000;0,000;0,000;0,000;0,000;0,000;0,000;0,000;0,000;0,000;0,000;0,000;0,000;0,000;0,000;0,000;0,000;0,000;0,000;25,00;24,25;25,06;25,44;24,62;25,12;900;600;
2026-07-07 16:37:24;2445043;RUNNING;2;4;0,000;0,000;0,000;0,000;0,000;0,000;0,000;0,000;0,000;0,000;0,000;0,000;0,000;0,000;0,000;0,000;0,000;0,000;0,000;0,000;25,00;24,25;25,12;25,44;24,69;25,12;900;900;
2026-07-07 16:37:25;2446043;RUNNING;2;4;0,000;0,000;0,000;0,000;0,000;0,000;0,000;0,000;0,000;0,000;0,000;0,000;0,000;0,000;0,000;0,000;0,000;0,000;0,000;0,000;25,00;24,25;25,06;25,44;24,62;25,12;900;600;
2026-07-07 16:37:26;2447043;RUNNING;2;4;0,000;0,000;0,000;0,000;0,000;0,000;0,000;0,000;0,000;0,000;0,000;0,000;0,000;0,000;0,000;0,000;0,000;0,000;0,000;0,000;25,00;24,25;25,12;25,44;24,62;25,12;900;600;
2026-07-07 16:37:27;2448043;RUNNING;2;4;0,000;0,000;0,000;0,000;0,000;0,000;0,000;0,000;0,000;0,000;0,000;0,000;0,000;0,000;0,000;0,000;0,000;0,000;0,000;0,000;25,00;24,25;25,12;25,37;24,69;25,12;900;900;
2026-07-07 16:37:28;2449043;RUNNING;2;4;0,000;0,000;0,000;0,000;0,000;0,000;0,000;0,000;0,000;0,000;0,000;0,000;0,000;0,000;0,000;0,000;0,000;0,000;0,000;0,000;25,00;24,25;25,12;25,37;24,62;25,12;900;600;
2026-07-07 16:37:29;2450043;RUNNING;2;4;0,000;0,000;0,000;0,000;0,000;0,000;0,000;0,000;0,000;0,000;0,000;0,000;0,000;0,000;0,000;0,000;0,000;0,000;0,000;0,000;25,00;24,25;25,12;25,37;24,62;25,12;600;600;
2026-07-07 16:37:30;2451043;RUNNING;2;4;0,000;0,000;0,000;0,000;0,000;0,000;0,000;0,000;0,000;0,000;0,000;0,000;0,000;0,000;0,000;0,000;0,000;0,000;0,000;0,000;25,00;24,25;25,12;25,37;24,62;25,12;600;900;
2026-07-07 16:37:31;2452043;RUNNING;2;4;0,000;0,000;0,000;0,000;0,000;0,000;0,000;0,000;0,000;0,000;0,000;0,000;0,000;0,000;0,000;0,000;0,000;0,000;0,000;0,000;25,00;24,25;25,12;25,37;24,62;25,12;600;900;
2026-07-07 16:37:32;2453043;RUNNING;2;4;0,000;0,000;0,000;0,000;0,000;0,000;0,000;0,000;0,000;0,000;0,000;0,000;0,000;0,000;0,000;0,000;0,000;0,000;0,000;0,000;25,06;24,25;25,12;25,37;24,62;25,12;600;600;
2026-07-07 16:37:33;2454043;RUNNING;2;4;0,000;0,000;0,000;0,000;0,000;0,000;0,000;0,000;0,000;0,000;0,000;0,000;0,000;0,000;0,000;0,000;0,000;0,000;0,000;0,000;25,06;24,25;25,06;25,37;24,62;25,06;600;600;
2026-07-07 16:37:34;2455043;RUNNING;2;4;0,000;0,000;0,000;0,000;0,000;0,000;0,000;0,000;0,000;0,000;0,000;0,000;0,000;0,000;0,000;0,000;0,000;0,000;0,000;0,000;25,00;24,25;25,06;25,37;24,62;25,06;600;900;
2026-07-07 16:37:35;2456043;RUNNING;2;4;0,000;0,000;0,000;0,000;0,000;0,000;0,000;0,000;0,000;0,000;0,000;0,000;0,000;0,000;0,000;0,000;0,000;0,000;0,000;0,000;25,00;24,25;25,12;25,37;24,62;25,06;600;600;
2026-07-07 16:37:36;2457043;RUNNING;2;4;0,000;0,000;0,000;0,000;0,000;0,000;0,000;0,000;0,000;0,000;0,000;0,000;0,000;0,000;0,000;0,000;0,000;0,000;0,000;0,000;25,06;24,25;25,06;25,37;24,62;25,06;600;600;
2026-07-07 16:37:37;2458043;RUNNING;2;4;0,000;0,000;0,000;0,000;0,000;0,000;0,000;0,000;0,000;0,000;0,000;0,000;0,000;0,000;0,000;0,000;0,000;0,000;0,000;0,000;25,06;24,25;25,06;25,37;24,62;25,06;600;900;
2026-07-07 16:37:38;2459043;RUNNING;2;4;0,000;0,000;0,000;0,000;0,000;0,000;0,000;0,000;0,000;0,000;0,000;0,000;0,000;0,000;0,000;0,000;0,000;0,000;0,000;0,000;25,00;24,25;25,06;25,37;24,56;25,06;900;900;
2026-07-07 16:37:39;2460043;RUNNING;2;4;0,000;0,000;0,000;0,000;0,000;0,000;0,000;0,000;0,000;0,000;0,000;0,000;0,000;0,000;0,000;0,000;0,000;0,000;0,000;0,000;25,06;24,25;25,06;25,37;24,56;25,06;900;600;
2026-07-07 16:37:40;2461043;RUNNING;2;4;0,000;0,000;0,000;0,000;0,000;0,000;0,000;0,000;0,000;0,000;0,000;0,000;0,000;0,000;0,000;0,000;0,000;0,000;0,000;0,000;25,06;24,25;25,06;25,37;24,62;25,06;900;600;
2026-07-07 16:37:41;2462043;RUNNING;2;4;0,000;0,000;0,000;0,000;0,000;0,000;0,000;0,000;0,000;0,000;0,000;0,000;0,000;0,000;0,000;0,000;0,000;0,000;0,000;0,000;25,06;24,25;25,12;25,37;24,56;25,06;900;900;
2026-07-07 16:37:42;2463043;RUNNING;2;4;0,000;0,000;0,000;0,000;0,000;0,000;0,000;0,000;0,000;0,000;0,000;0,000;0,000;0,000;0,000;0,000;0,000;0,000;0,000;0,000;25,06;24,25;25,06;25,31;24,56;25,06;900;600;
2026-07-07 16:37:43;2464043;RUNNING;2;4;0,000;0,000;0,000;0,000;0,000;0,000;0,000;0,000;0,000;0,000;0,000;0,000;0,000;0,000;0,000;0,000;0,000;0,000;0,000;0,000;25,06;24,25;25,06;25,31;24,56;25,06;900;600;
2026-07-07 16:37:44;2465043;RUNNING;2;4;0,000;0,000;0,000;0,000;0,000;0,000;0,000;0,000;0,000;0,000;0,000;0,000;0,000;0,000;0,000;0,000;0,000;0,000;0,000;0,000;25,06;24,31;25,06;25,31;24,56;25,06;900;900;
2026-07-07 16:37:45;2466043;RUNNING;2;4;0,000;0,000;0,000;0,000;0,000;0,000;0,000;0,000;0,000;0,000;0,000;0,000;0,000;0,000;0,000;0,000;0,000;0,000;0,000;0,000;25,06;24,25;25,06;25,31;24,56;25,06;900;900;
2026-07-07 16:37:46;2467043;RUNNING;2;4;0,000;0,000;0,000;0,000;0,000;0,000;0,000;0,000;0,000;0,000;0,000;0,000;0,000;0,000;0,000;0,000;0,000;0,000;0,000;0,000;25,06;24,25;25,12;25,31;24,56;25,06;600;600;
2026-07-07 16:37:47;2468043;RUNNING;2;4;0,000;0,000;0,000;0,000;0,000;0,000;0,000;0,000;0,000;0,000;0,000;0,000;0,000;0,000;0,000;0,000;0,000;0,000;0,000;0,000;25,06;24,25;25,12;25,31;24,56;25,06;600;600;
2026-07-07 16:37:48;2469043;RUNNING;2;4;0,000;0,000;0,000;0,000;0,000;0,000;0,000;0,000;0,000;0,000;0,000;0,000;0,000;0,000;0,000;0,000;0,000;0,000;0,000;0,000;25,06;24,25;25,06;25,31;24,56;25,06;600;900;
2026-07-07 16:37:49;2470043;RUNNING;2;4;0,000;0,000;0,000;0,000;0,000;0,000;0,000;0,000;0,000;0,000;0,000;0,000;0,000;0,000;0,000;0,000;0,000;0,000;0,000;0,000;25,06;24,31;25,06;25,31;24,50;25,00;600;600;
2026-07-07 16:37:50;2471043;RUNNING;2;4;0,000;0,000;0,000;0,000;0,000;0,000;0,000;0,000;0,000;0,000;0,000;0,000;0,000;0,000;0,000;0,000;0,000;0,000;0,000;0,000;25,06;24,25;25,06;25,31;24,50;25,00;600;600;
2026-07-07 16:37:51;2472043;RUNNING;2;4;0,000;0,000;0,000;0,000;0,000;0,000;0,000;0,000;0,000;0,000;0,000;0,000;0,000;0,000;0,000;0,000;0,000;0,000;0,000;0,000;25,06;24,25;25,06;25,31;24,56;25,00;600;900;
2026-07-07 16:37:52;2473043;RUNNING;2;4;0,000;0,000;0,000;0,000;0,000;0,000;0,000;0,000;0,000;0,000;0,000;0,000;0,000;0,000;0,000;0,000;0,000;0,000;0,000;0,000;25,06;24,25;25,06;25,31;24,50;25,00;600;900;
2026-07-07 16:37:53;2474043;RUNNING;2;4;0,000;0,000;0,000;0,000;0,000;0,000;0,000;0,000;0,000;0,000;0,000;0,000;0,000;0,000;0,000;0,000;0,000;0,000;0,000;0,000;25,06;24,31;25,06;25,31;24,56;25,00;600;600;
2026-07-07 16:37:54;2475043;RUNNING;2;4;0,000;0,000;0,000;0,000;0,000;0,000;0,000;0,000;0,000;0,000;0,000;0,000;0,000;0,000;0,000;0,000;0,000;0,000;0,000;0,000;25,06;24,25;25,12;25,31;24,50;25,00;600;600;
2026-07-07 16:37:55;2476043;RUNNING;2;4;0,000;0,000;0,000;0,000;0,000;0,000;0,000;0,000;0,000;0,000;0,000;0,000;0,000;0,000;0,000;0,000;0,000;0,000;0,000;0,000;25,06;24,25;25,06;25,31;24,50;25,00;600;900;
2026-07-07 16:37:56;2477043;RUNNING;2;4;0,000;0,000;0,000;0,000;0,000;0,000;0,000;0,000;0,000;0,000;0,000;0,000;0,000;0,000;0,000;0,000;0,000;0,000;0,000;0,000;25,06;24,25;25,06;25,31;24,50;25,00;600;600;
2026-07-07 16:37:57;2478043;RUNNING;2;4;0,000;0,000;0,000;0,000;0,000;0,000;0,000;0,000;0,000;0,000;0,000;0,000;0,000;0,000;0,000;0,000;0,000;0,000;0,000;0,000;25,06;24,25;25,06;25,31;24,50;25,00;600;600;
2026-07-07 16:37:58;2479043;RUNNING;2;4;0,000;0,000;0,000;0,000;0,000;0,000;0,000;0,000;0,000;0,000;0,000;0,000;0,000;0,000;0,000;0,000;0,000;0,000;0,000;0,000;25,06;24,25;25,06;25,25;24,50;25,00;900;900;
2026-07-07 16:37:59;2480043;RUNNING;2;4;0,000;0,000;0,000;0,000;0,000;0,000;0,000;0,000;0,000;0,000;0,000;0,000;0,000;0,000;0,000;0,000;0,000;0,000;0,000;0,000;25,06;24,25;25,06;25,25;24,50;25,00;900;900;
2026-07-07 16:38:00;2481043;RUNNING;2;4;0,000;0,000;0,000;0,000;0,000;0,000;0,000;0,000;0,000;0,000;0,000;0,000;0,000;0,000;0,000;0,000;0,000;0,000;0,000;0,000;25,06;24,25;25,06;25,25;24,50;25,00;900;600;
2026-07-07 16:38:01;2482043;RUNNING;2;4;0,000;0,000;0,000;0,000;0,000;0,000;0,000;0,000;0,000;0,000;0,000;0,000;0,000;0,000;0,000;0,000;0,000;0,000;0,000;0,000;25,06;24,25;25,06;25,25;24,50;25,00;900;600;
2026-07-07 16:38:02;2483043;RUNNING;2;4;0,000;0,000;0,000;0,000;0,000;0,000;0,000;0,000;0,000;0,000;0,000;0,000;0,000;0,000;0,000;0,000;0,000;0,000;0,000;0,000;25,06;24,25;25,06;25,25;24,50;25,00;900;900;
2026-07-07 16:38:03;2484043;RUNNING;2;4;0,000;0,000;0,000;0,000;0,000;0,000;0,000;0,000;0,000;0,000;0,000;0,000;0,000;0,000;0,000;0,000;0,000;0,000;0,000;0,000;25,06;24,25;25,06;25,25;24,50;25,00;600;600;
2026-07-07 16:38:04;2485043;RUNNING;2;4;0,000;0,000;0,000;0,000;0,000;0,000;0,000;0,000;0,000;0,000;0,000;0,000;0,000;0,000;0,000;0,000;0,000;0,000;0,000;0,000;25,06;24,25;25,06;25,25;24,44;24,94;600;600;
2026-07-07 16:38:05;2486043;RUNNING;2;4;0,000;0,000;0,000;0,000;0,000;0,000;0,000;0,000;0,000;0,000;0,000;0,000;0,000;0,000;0,000;0,000;0,000;0,000;0,000;0,000;25,06;24,25;25,06;25,25;24,44;24,94;600;900;
2026-07-07 16:38:06;2487043;RUNNING;2;4;0,000;0,000;0,000;0,000;0,000;0,000;0,000;0,000;0,000;0,000;0,000;0,000;0,000;0,000;0,000;0,000;0,000;0,000;0,000;0,000;25,06;24,25;25,06;25,25;24,44;24,94;600;900;
2026-07-07 16:38:07;2488043;RUNNING;2;4;0,000;0,000;0,000;0,000;0,000;0,000;0,000;0,000;0,000;0,000;0,000;0,000;0,000;0,000;0,000;0,000;0,000;0,000;0,000;0,000;25,06;24,25;25,06;25,25;24,50;24,94;600;600;
2026-07-07 16:38:08;2489043;RUNNING;2;4;0,000;0,000;0,000;0,000;0,000;0,000;0,000;0,000;0,000;0,000;0,000;0,000;0,000;0,000;0,000;0,000;0,000;0,000;0,000;0,000;25,06;24,25;25,06;25,25;24,44;24,94;600;600;
2026-07-07 16:38:09;2490043;RUNNING;2;4;0,000;0,000;0,000;0,000;0,000;0,000;0,000;0,000;0,000;0,000;0,000;0,000;0,000;0,000;0,000;0,000;0,000;0,000;0,000;0,000;25,06;24,25;25,06;25,25;24,44;24,94;600;900;
2026-07-07 16:38:10;2491043;RUNNING;2;4;0,000;0,000;0,000;0,000;0,000;0,000;0,000;0,000;0,000;0,000;0,000;0,000;0,000;0,000;0,000;0,000;0,000;0,000;0,000;0,000;25,06;24,25;25,06;25,25;24,44;24,94;600;600;
2026-07-07 16:38:11;2492043;RUNNING;2;4;0,000;0,000;0,000;0,000;0,000;0,000;0,000;0,000;0,000;0,000;0,000;0,000;0,000;0,000;0,000;0,000;0,000;0,000;0,000;0,000;25,06;24,25;25,06;25,25;24,44;24,94;900;600;
2026-07-07 16:38:12;2493043;RUNNING;2;4;0,000;0,000;0,000;0,000;0,000;0,000;0,000;0,000;0,000;0,000;0,000;0,000;0,000;0,000;0,000;0,000;0,000;0,000;0,000;0,000;25,06;24,25;25,06;25,19;24,44;24,94;900;900;
2026-07-07 16:38:13;2494043;RUNNING;2;4;0,000;0,000;0,000;0,000;0,000;0,000;0,000;0,000;0,000;0,000;0,000;0,000;0,000;0,000;0,000;0,000;0,000;0,000;0,000;0,000;25,06;24,25;25,06;25,19;24,44;24,94;900;900;
2026-07-07 16:38:14;2495043;RUNNING;2;4;0,000;0,000;0,000;0,000;0,000;0,000;0,000;0,000;0,000;0,000;0,000;0,000;0,000;0,000;0,000;0,000;0,000;0,000;0,000;0,000;25,06;24,25;25,06;25,19;24,44;24,94;900;600;
2026-07-07 16:38:15;2496043;RUNNING;2;4;0,000;0,000;0,000;0,000;0,000;0,000;0,000;0,000;0,000;0,000;0,000;0,000;0,000;0,000;0,000;0,000;0,000;0,000;0,000;0,000;25,06;24,25;25,06;25,19;24,44;24,87;900;600;
2026-07-07 16:38:16;2497043;RUNNING;2;4;0,000;0,000;0,000;0,000;0,000;0,000;0,000;0,000;0,000;0,000;0,000;0,000;0,000;0,000;0,000;0,000;0,000;0,000;0,000;0,000;25,06;24,25;25,06;25,19;24,44;24,87;600;900;
2026-07-07 16:38:17;2498043;RUNNING;2;4;0,000;0,000;0,000;0,000;0,000;0,000;0,000;0,000;0,000;0,000;0,000;0,000;0,000;0,000;0,000;0,000;0,000;0,000;0,000;0,000;25,06;24,19;25,06;25,19;24,44;24,87;600;900;
2026-07-07 16:38:18;2499043;RUNNING;2;4;0,000;0,000;0,000;0,000;0,000;0,000;0,000;0,000;0,000;0,000;0,000;0,000;0,000;0,000;0,000;0,000;0,000;0,000;0,000;0,000;25,06;24,25;25,06;25,19;24,37;24,87;600;600;
2026-07-07 16:38:19;2500043;RUNNING;2;4;0,000;0,000;0,000;0,000;0,000;0,000;0,000;0,000;0,000;0,000;0,000;0,000;0,000;0,000;0,000;0,000;0,000;0,000;0,000;0,000;25,06;24,25;25,06;25,19;24,37;24,87;600;600;
2026-07-07 16:38:20;2501043;RUNNING;2;4;0,000;0,000;0,000;0,000;0,000;0,000;0,000;0,000;0,000;0,000;0,000;0,000;0,000;0,000;0,000;0,000;0,000;0,000;0,000;0,000;25,06;24,25;25,06;25,19;24,37;24,87;600;900;
2026-07-07 16:38:21;2502043;RUNNING;2;4;0,000;0,000;0,000;0,000;0,000;0,000;0,000;0,000;0,000;0,000;0,000;0,000;0,000;0,000;0,000;0,000;0,000;0,000;0,000;0,000;25,06;24,25;25,06;25,19;24,37;24,87;600;900;
2026-07-07 16:38:22;2503043;RUNNING;2;4;0,000;0,000;0,000;0,000;0,000;0,000;0,000;0,000;0,000;0,000;0,000;0,000;0,000;0,000;0,000;0,000;0,000;0,000;0,000;0,000;25,06;24,25;25,06;25,19;24,37;24,87;600;600;
2026-07-07 16:38:23;2504043;RUNNING;2;4;0,000;0,000;0,000;0,000;0,000;0,000;0,000;0,000;0,000;0,000;0,000;0,000;0,000;0,000;0,000;0,000;0,000;0,000;0,000;0,000;25,06;24,25;25,06;25,19;24,37;24,87;600;900;
2026-07-07 16:38:24;2505043;RUNNING;2;4;0,000;0,000;0,000;0,000;0,000;0,000;0,000;0,000;0,000;0,000;0,000;0,000;0,000;0,000;0,000;0,000;0,000;0,000;0,000;0,000;25,06;24,19;25,06;25,19;24,37;24,87;600;900;
2026-07-07 16:38:25;2506043;RUNNING;2;4;0,000;0,000;0,000;0,000;0,000;0,000;0,000;0,000;0,000;0,000;0,000;0,000;0,000;0,000;0,000;0,000;0,000;0,000;0,000;0,000;25,06;24,19;25,06;25,19;24,37;24,87;900;900;
2026-07-07 16:38:26;2507043;RUNNING;2;4;0,000;0,000;0,000;0,000;0,000;0,000;0,000;0,000;0,000;0,000;0,000;0,000;0,000;0,000;0,000;0,000;0,000;0,000;0,000;0,000;25,06;24,19;25,06;25,19;24,37;24,87;900;600;
2026-07-07 16:38:27;2508043;RUNNING;2;4;0,000;0,000;0,000;0,000;0,000;0,000;0,000;0,000;0,000;0,000;0,000;0,000;0,000;0,000;0,000;0,000;0,000;0,000;0,000;0,000;25,06;24,19;25,06;25,19;24,37;24,81;900;900;
2026-07-07 16:38:28;2509043;RUNNING;2;4;0,000;0,000;0,000;0,000;0,000;0,000;0,000;0,000;0,000;0,000;0,000;0,000;0,000;0,000;0,000;0,000;0,000;0,000;0,000;0,000;25,06;24,19;25,06;25,12;24,37;24,81;900;600;
2026-07-07 16:38:29;2510043;RUNNING;2;4;0,000;0,000;0,000;0,000;0,000;0,000;0,000;0,000;0,000;0,000;0,000;0,000;0,000;0,000;0,000;0,000;0,000;0,000;0,000;0,000;25,06;24,19;25,06;25,12;24,31;24,81;900;900;
2026-07-07 16:38:30;2511043;RUNNING;2;4;0,000;0,000;0,000;0,000;0,000;0,000;0,000;0,000;0,000;0,000;0,000;0,000;0,000;0,000;0,000;0,000;0,000;0,000;0,000;0,000;25,06;24,25;25,00;25,12;24,31;24,87;600;900;
2026-07-07 16:38:31;2512043;RUNNING;2;4;0,000;0,000;0,000;0,000;0,000;0,000;0,000;0,000;0,000;0,000;0,000;0,000;0,000;0,000;0,000;0,000;0,000;0,000;0,000;0,000;25,06;24,19;25,00;25,12;24,37;24,87;600;900;
2026-07-07 16:38:32;2513043;RUNNING;2;4;0,000;0,000;0,000;0,000;0,000;0,000;0,000;0,000;0,000;0,000;0,000;0,000;0,000;0,000;0,000;0,000;0,000;0,000;0,000;0,000;25,06;24,19;25,00;25,12;24,31;24,81;600;600;
2026-07-07 16:38:33;2514043;RUNNING;2;4;0,000;0,000;0,000;0,000;0,000;0,000;0,000;0,000;0,000;0,000;0,000;0,000;0,000;0,000;0,000;0,000;0,000;0,000;0,000;0,000;25,06;24,19;25,06;25,12;24,31;24,81;600;900;
2026-07-07 16:38:34;2515043;RUNNING;2;4;0,000;0,000;0,000;0,000;0,000;0,000;0,000;0,000;0,000;0,000;0,000;0,000;0,000;0,000;0,000;0,000;0,000;0,000;0,000;0,000;25,06;24,19;25,06;25,12;24,31;24,81;600;900;
2026-07-07 16:38:35;2516043;RUNNING;2;4;0,000;0,000;0,000;0,000;0,000;0,000;0,000;0,000;0,000;0,000;0,000;0,000;0,000;0,000;0,000;0,000;0,000;0,000;0,000;0,000;25,06;24,19;25,06;25,12;24,31;24,81;600;600;
2026-07-07 16:38:36;2517043;RUNNING;2;4;0,000;0,000;0,000;0,000;0,000;0,000;0,000;0,000;0,000;0,000;0,000;0,000;0,000;0,000;0,000;0,000;0,000;0,000;0,000;0,000;25,06;24,19;25,00;25,12;24,31;24,81;600;600;
2026-07-07 16:38:37;2518043;RUNNING;2;4;0,000;0,000;0,000;0,000;0,000;0,000;0,000;0,000;0,000;0,000;0,000;0,000;0,000;0,000;0,000;0,000;0,000;0,000;0,000;0,000;25,06;24,19;25,00;25,12;24,31;24,81;600;900;
2026-07-07 16:38:38;2519043;RUNNING;2;4;0,000;0,000;0,000;0,000;0,000;0,000;0,000;0,000;0,000;0,000;0,000;0,000;0,000;0,000;0,000;0,000;0,000;0,000;0,000;0,000;25,06;24,19;25,00;25,12;24,31;24,81;900;900;
2026-07-07 16:38:39;2520043;RUNNING;2;4;0,000;0,000;0,000;0,000;0,000;0,000;0,000;0,000;0,000;0,000;0,000;0,000;0,000;0,000;0,000;0,000;0,000;0,000;0,000;0,000;25,06;24,19;25,00;25,12;24,31;24,81;900;600;
2026-07-07 16:38:40;2521043;RUNNING;2;4;0,000;0,000;0,000;0,000;0,000;0,000;0,000;0,000;0,000;0,000;0,000;0,000;0,000;0,000;0,000;0,000;0,000;0,000;0,000;0,000;25,06;24,19;25,00;25,12;24,31;24,81;900;900;
2026-07-07 16:38:41;2522043;RUNNING;2;4;0,000;0,000;0,000;0,000;0,000;0,000;0,000;0,000;0,000;0,000;0,000;0,000;0,000;0,000;0,000;0,000;0,000;0,000;0,000;0,000;25,06;24,19;25,00;25,12;24,31;24,81;900;900;
2026-07-07 16:38:42;2523043;RUNNING;2;4;0,000;0,000;0,000;0,000;0,000;0,000;0,000;0,000;0,000;0,000;0,000;0,000;0,000;0,000;0,000;0,000;0,000;0,000;0,000;0,000;25,06;24,19;25,00;25,12;24,25;24,81;900;600;
2026-07-07 16:38:43;2524043;RUNNING;2;4;0,000;0,000;0,000;0,000;0,000;0,000;0,000;0,000;0,000;0,000;0,000;0,000;0,000;0,000;0,000;0,000;0,000;0,000;0,000;0,000;25,06;24,19;25,00;25,06;24,31;24,81;900;600;
2026-07-07 16:38:44;2525043;RUNNING;2;4;0,000;0,000;0,000;0,000;0,000;0,000;0,000;0,000;0,000;0,000;0,000;0,000;0,000;0,000;0,000;0,000;0,000;0,000;0,000;0,000;25,06;24,19;25,06;25,12;24,31;24,81;600;900;
2026-07-07 16:38:45;2526043;RUNNING;2;4;0,000;0,000;0,000;0,000;0,000;0,000;0,000;0,000;0,000;0,000;0,000;0,000;0,000;0,000;0,000;0,000;0,000;0,000;0,000;0,000;25,06;24,19;25,00;25,06;24,25;24,75;600;900;
2026-07-07 16:38:46;2527043;RUNNING;2;4;0,000;0,000;0,000;0,000;0,000;0,000;0,000;0,000;0,000;0,000;0,000;0,000;0,000;0,000;0,000;0,000;0,000;0,000;0,000;0,000;25,06;24,19;25,00;25,06;24,25;24,75;600;600;
2026-07-07 16:38:47;2528043;RUNNING;2;4;0,000;0,000;0,000;0,000;0,000;0,000;0,000;0,000;0,000;0,000;0,000;0,000;0,000;0,000;0,000;0,000;0,000;0,000;0,000;0,000;25,06;24,19;25,00;25,06;24,25;24,81;600;900;
2026-07-07 16:38:48;2529043;RUNNING;2;4;0,000;0,000;0,000;0,000;0,000;0,000;0,000;0,000;0,000;0,000;0,000;0,000;0,000;0,000;0,000;0,000;0,000;0,000;0,000;0,000;25,06;24,19;25,00;25,06;24,31;24,81;600;900;
2026-07-07 16:38:49;2530043;RUNNING;2;4;0,000;0,000;0,000;0,000;0,000;0,000;0,000;0,000;0,000;0,000;0,000;0,000;0,000;0,000;0,000;0,000;0,000;0,000;0,000;0,000;25,06;24,19;25,00;25,06;24,25;24,75;600;900;
2026-07-07 16:38:50;2531043;RUNNING;2;4;0,000;0,000;0,000;0,000;0,000;0,000;0,000;0,000;0,000;0,000;0,000;0,000;0,000;0,000;0,000;0,000;0,000;0,000;0,000;0,000;25,06;24,19;25,00;25,06;24,25;24,75;600;600;
2026-07-07 16:38:51;2532043;RUNNING;2;4;0,000;0,000;0,000;0,000;0,000;0,000;0,000;0,000;0,000;0,000;0,000;0,000;0,000;0,000;0,000;0,000;0,000;0,000;0,000;0,000;25,06;24,19;25,00;25,06;24,25;24,75;600;600;
2026-07-07 16:38:52;2533043;RUNNING;2;4;0,000;0,000;0,000;0,000;0,000;0,000;0,000;0,000;0,000;0,000;0,000;0,000;0,000;0,000;0,000;0,000;0,000;0,000;0,000;0,000;25,06;24,19;25,00;25,06;24,25;24,75;900;900;
2026-07-07 16:38:53;2534043;RUNNING;2;4;0,000;0,000;0,000;0,000;0,000;0,000;0,000;0,000;0,000;0,000;0,000;0,000;0,000;0,000;0,000;0,000;0,000;0,000;0,000;0,000;25,06;24,19;25,00;25,06;24,25;24,75;900;600;
2026-07-07 16:38:54;2535043;RUNNING;2;4;0,000;0,000;0,000;0,000;0,000;0,000;0,000;0,000;0,000;0,000;0,000;0,000;0,000;0,000;0,000;0,000;0,000;0,000;0,000;0,000;25,06;24,19;25,00;25,06;24,25;24,75;900;600;
2026-07-07 16:38:55;2536043;RUNNING;2;4;0,000;0,000;0,000;0,000;0,000;0,000;0,000;0,000;0,000;0,000;0,000;0,000;0,000;0,000;0,000;0,000;0,000;0,000;0,000;0,000;25,06;24,19;25,00;25,06;24,25;24,75;900;600;
2026-07-07 16:38:56;2537043;RUNNING;2;4;0,000;0,000;0,000;0,000;0,000;0,000;0,000;0,000;0,000;0,000;0,000;0,000;0,000;0,000;0,000;0,000;0,000;0,000;0,000;0,000;25,06;24,19;25,00;25,06;24,25;24,75;600;900;
2026-07-07 16:38:57;2538043;RUNNING;2;4;0,000;0,000;0,000;0,000;0,000;0,000;0,000;0,000;0,000;0,000;0,000;0,000;0,000;0,000;0,000;0,000;0,000;0,000;0,000;0,000;25,06;24,19;25,00;25,06;24,25;24,75;600;600;
2026-07-07 16:38:58;2539043;RUNNING;2;4;0,000;0,000;0,000;0,000;0,000;0,000;0,000;0,000;0,000;0,000;0,000;0,000;0,000;0,000;0,000;0,000;0,000;0,000;0,000;0,000;25,06;24,19;25,00;25,06;24,25;24,75;600;600;
2026-07-07 16:38:59;2540043;RUNNING;2;4;0,000;0,000;0,000;0,000;0,000;0,000;0,000;0,000;0,000;0,000;0,000;0,000;0,000;0,000;0,000;0,000;0,000;0,000;0,000;0,000;25,06;24,19;25,00;25,06;24,25;24,75;600;900;
2026-07-07 16:39:00;2541043;RUNNING;2;4;0,000;0,000;0,000;0,000;0,000;0,000;0,000;0,000;0,000;0,000;0,000;0,000;0,000;0,000;0,000;0,000;0,000;0,000;0,000;0,000;25,06;24,12;25,00;25,06;24,25;24,75;600;600;
2026-07-07 16:39:01;2542043;RUNNING;2;4;0,000;0,000;0,000;0,000;0,000;0,000;0,000;0,000;0,000;0,000;0,000;0,000;0,000;0,000;0,000;0,000;0,000;0,000;0,000;0,000;25,06;24,12;25,00;25,06;24,25;24,75;600;600;
2026-07-07 16:39:02;2543043;RUNNING;2;4;0,000;0,000;0,000;0,000;0,000;0,000;0,000;0,000;0,000;0,000;0,000;0,000;0,000;0,000;0,000;0,000;0,000;0,000;0,000;0,000;25,06;24,19;25,00;25,06;24,25;24,75;600;900;
2026-07-07 16:39:03;2544043;RUNNING;2;4;0,000;0,000;0,000;0,000;0,000;0,000;0,000;0,000;0,000;0,000;0,000;0,000;0,000;0,000;0,000;0,000;0,000;0,000;0,000;0,000;25,06;24,19;24,94;25,06;24,25;24,69;600;900;
2026-07-07 16:39:04;2545043;RUNNING;2;4;0,000;0,000;0,000;0,000;0,000;0,000;0,000;0,000;0,000;0,000;0,000;0,000;0,000;0,000;0,000;0,000;0,000;0,000;0,000;0,000;25,06;24,19;25,00;25,00;24,25;24,75;900;600;
2026-07-07 16:39:05;2546043;RUNNING;2;4;0,000;0,000;0,000;0,000;0,000;0,000;0,000;0,000;0,000;0,000;0,000;0,000;0,000;0,000;0,000;0,000;0,000;0,000;0,000;0,000;25,06;24,19;25,00;25,00;24,25;24,75;900;600;
2026-07-07 16:39:06;2547043;RUNNING;2;4;0,000;0,000;0,000;0,000;0,000;0,000;0,000;0,000;0,000;0,000;0,000;0,000;0,000;0,000;0,000;0,000;0,000;0,000;0,000;0,000;25,06;24,19;25,00;25,00;24,25;24,75;900;900;
2026-07-07 16:39:07;2548043;RUNNING;2;4;0,000;0,000;0,000;0,000;0,000;0,000;0,000;0,000;0,000;0,000;0,000;0,000;0,000;0,000;0,000;0,000;0,000;0,000;0,000;0,000;25,06;24,19;25,00;25,06;24,25;24,69;900;600;
2026-07-07 16:39:08;2549043;RUNNING;2;4;0,000;0,000;0,000;0,000;0,000;0,000;0,000;0,000;0,000;0,000;0,000;0,000;0,000;0,000;0,000;0,000;0,000;0,000;0,000;0,000;25,06;24,12;25,00;25,00;24,25;24,69;900;600;
2026-07-07 16:39:09;2550043;RUNNING;2;4;0,000;0,000;0,000;0,000;0,000;0,000;0,000;0,000;0,000;0,000;0,000;0,000;0,000;0,000;0,000;0,000;0,000;0,000;0,000;0,000;25,06;24,12;25,00;25,00;24,25;24,75;900;900;
2026-07-07 16:39:10;2551043;RUNNING;2;4;0,000;0,000;0,000;0,000;0,000;0,000;0,000;0,000;0,000;0,000;0,000;0,000;0,000;0,000;0,000;0,000;0,000;0,000;0,000;0,000;25,06;24,12;25,00;25,00;24,19;24,69;600;900;
2026-07-07 16:39:11;2552043;RUNNING;2;4;0,000;0,000;0,000;0,000;0,000;0,000;0,000;0,000;0,000;0,000;0,000;0,000;0,000;0,000;0,000;0,000;0,000;0,000;0,000;0,000;25,06;24,12;25,00;25,00;24,19;24,69;600;600;
2026-07-07 16:39:12;2553043;RUNNING;2;4;0,000;0,000;0,000;0,000;0,000;0,000;0,000;0,000;0,000;0,000;0,000;0,000;0,000;0,000;0,000;0,000;0,000;0,000;0,000;0,000;25,06;24,12;25,00;25,00;24,19;24,69;600;600;
2026-07-07 16:39:13;2554043;RUNNING;2;4;0,000;0,000;0,000;0,000;0,000;0,000;0,000;0,000;0,000;0,000;0,000;0,000;0,000;0,000;0,000;0,000;0,000;0,000;0,000;0,000;25,06;24,12;25,00;25,00;24,19;24,69;600;900;
2026-07-07 16:39:14;2555043;RUNNING;2;4;0,000;0,000;0,000;0,000;0,000;0,000;0,000;0,000;0,000;0,000;0,000;0,000;0,000;0,000;0,000;0,000;0,000;0,000;0,000;0,000;25,06;24,12;25,00;25,00;24,19;24,69;600;1200;
2026-07-07 16:39:15;2556043;RUNNING;2;4;0,000;0,000;0,000;0,000;0,000;0,000;0,000;0,000;0,000;0,000;0,000;0,000;0,000;0,000;0,000;0,000;0,000;0,000;0,000;0,000;25,06;24,12;24,94;25,00;24,19;24,69;600;600;
2026-07-07 16:39:16;2557043;RUNNING;2;4;0,000;0,000;0,000;0,000;0,000;0,000;0,000;0,000;0,000;0,000;0,000;0,000;0,000;0,000;0,000;0,000;0,000;0,000;0,000;0,000;25,06;24,12;24,94;25,00;24,19;24,69;600;600;
2026-07-07 16:39:17;2558043;RUNNING;2;4;0,000;0,000;0,000;0,000;0,000;0,000;0,000;0,000;0,000;0,000;0,000;0,000;0,000;0,000;0,000;0,000;0,000;0,000;0,000;0,000;25,06;24,12;24,94;25,00;24,19;24,69;900;900;
2026-07-07 16:39:18;2559043;RUNNING;2;4;0,000;0,000;0,000;0,000;0,000;0,000;0,000;0,000;0,000;0,000;0,000;0,000;0,000;0,000;0,000;0,000;0,000;0,000;0,000;0,000;25,06;24,12;24,94;25,00;24,19;24,69;900;600;
2026-07-07 16:39:19;2560043;RUNNING;2;4;0,000;0,000;0,000;0,000;0,000;0,000;0,000;0,000;0,000;0,000;0,000;0,000;0,000;0,000;0,000;0,000;0,000;0,000;0,000;0,000;25,06;24,12;24,94;25,00;24,19;24,69;900;600;
2026-07-07 16:39:20;2561043;RUNNING;2;4;0,000;0,000;0,000;0,000;0,000;0,000;0,000;0,000;0,000;0,000;0,000;0,000;0,000;0,000;0,000;0,000;0,000;0,000;0,000;0,000;25,06;24,12;24,94;25,00;24,19;24,69;900;600;
2026-07-07 16:39:21;2562043;RUNNING;2;4;0,000;0,000;0,000;0,000;0,000;0,000;0,000;0,000;0,000;0,000;0,000;0,000;0,000;0,000;0,000;0,000;0,000;0,000;0,000;0,000;25,06;24,12;24,94;25,00;24,19;24,69;900;900;
2026-07-07 16:39:22;2563043;RUNNING;2;4;0,000;0,000;0,000;0,000;0,000;0,000;0,000;0,000;0,000;0,000;0,000;0,000;0,000;0,000;0,000;0,000;0,000;0,000;0,000;0,000;25,06;24,12;24,94;24,94;24,19;24,69;900;600;
2026-07-07 16:39:23;2564043;RUNNING;2;4;0,000;0,000;0,000;0,000;0,000;0,000;0,000;0,000;0,000;0,000;0,000;0,000;0,000;0,000;0,000;0,000;0,000;0,000;0,000;0,000;25,06;24,12;24,94;24,94;24,19;24,69;900;600;
2026-07-07 16:39:24;2565043;RUNNING;2;4;0,000;0,000;0,000;0,000;0,000;0,000;0,000;0,000;0,000;0,000;0,000;0,000;0,000;0,000;0,000;0,000;0,000;0,000;0,000;0,000;25,06;24,12;24,94;24,94;24,19;24,69;900;600;
2026-07-07 16:39:25;2566043;RUNNING;2;4;0,000;0,000;0,000;0,000;0,000;0,000;0,000;0,000;0,000;0,000;0,000;0,000;0,000;0,000;0,000;0,000;0,000;0,000;0,000;0,000;25,06;24,12;24,94;24,94;24,19;24,69;600;1200;
2026-07-07 16:39:26;2567043;RUNNING;2;4;0,000;0,000;0,000;0,000;0,000;0,000;0,000;0,000;0,000;0,000;0,000;0,000;0,000;0,000;0,000;0,000;0,000;0,000;0,000;0,000;25,06;24,12;24,94;24,94;24,19;24,69;600;600;
2026-07-07 16:39:27;2568043;RUNNING;2;4;0,000;0,000;0,000;0,000;0,000;0,000;0,000;0,000;0,000;0,000;0,000;0,000;0,000;0,000;0,000;0,000;0,000;0,000;0,000;0,000;25,06;24,12;24,94;24,94;24,12;24,62;600;600;
2026-07-07 16:39:28;2569043;RUNNING;2;4;0,000;0,000;0,000;0,000;0,000;0,000;0,000;0,000;0,000;0,000;0,000;0,000;0,000;0,000;0,000;0,000;0,000;0,000;0,000;0,000;25,06;24,12;24,94;24,94;24,19;24,69;600;900;
2026-07-07 16:39:29;2570043;RUNNING;2;4;0,000;0,000;0,000;0,000;0,000;0,000;0,000;0,000;0,000;0,000;0,000;0,000;0,000;0,000;0,000;0,000;0,000;0,000;0,000;0,000;25,06;24,12;24,94;24,94;24,12;24,62;600;900;
2026-07-07 16:39:30;2571043;RUNNING;2;4;0,000;0,000;0,000;0,000;0,000;0,000;0,000;0,000;0,000;0,000;0,000;0,000;0,000;0,000;0,000;0,000;0,000;0,000;0,000;0,000;25,06;24,12;24,94;24,94;24,12;24,62;600;600;
2026-07-07 16:39:31;2572043;RUNNING;2;4;0,000;0,000;0,000;0,000;0,000;0,000;0,000;0,000;0,000;0,000;0,000;0,000;0,000;0,000;0,000;0,000;0,000;0,000;0,000;0,000;25,06;24,12;24,94;24,94;24,12;24,62;600;600;
2026-07-07 16:39:32;2573043;RUNNING;2;4;0,000;0,000;0,000;0,000;0,000;0,000;0,000;0,000;0,000;0,000;0,000;0,000;0,000;0,000;0,000;0,000;0,000;0,000;0,000;0,000;25,06;24,12;24,94;24,94;24,12;24,62;600;900;
2026-07-07 16:39:33;2574043;RUNNING;2;4;0,000;0,000;0,000;0,000;0,000;0,000;0,000;0,000;0,000;0,000;0,000;0,000;0,000;0,000;0,000;0,000;0,000;0,000;0,000;0,000;25,06;24,12;24,94;24,94;24,12;24,62;600;600;
2026-07-07 16:39:34;2575043;RUNNING;2;4;0,000;0,000;0,000;0,000;0,000;0,000;0,000;0,000;0,000;0,000;0,000;0,000;0,000;0,000;0,000;0,000;0,000;0,000;0,000;0,000;25,00;24,12;24,94;24,94;24,12;24,62;600;600;
2026-07-07 16:39:35;2576043;RUNNING;2;4;0,000;0,000;0,000;0,000;0,000;0,000;0,000;0,000;0,000;0,000;0,000;0,000;0,000;0,000;0,000;0,000;0,000;0,000;0,000;0,000;25,06;24,12;24,94;24,94;24,12;24,62;600;600;
2026-07-07 16:39:36;2577043;RUNNING;2;4;0,000;0,000;0,000;0,000;0,000;0,000;0,000;0,000;0,000;0,000;0,000;0,000;0,000;0,000;0,000;0,000;0,000;0,000;0,000;0,000;25,06;24,12;24,94;24,94;24,12;24,62;600;900;
2026-07-07 16:39:37;2578043;RUNNING;2;4;0,000;0,000;0,000;0,000;0,000;0,000;0,000;0,000;0,000;0,000;0,000;0,000;0,000;0,000;0,000;0,000;0,000;0,000;0,000;0,000;25,06;24,12;24,94;24,94;24,12;24,62;600;600;
2026-07-07 16:39:38;2579043;RUNNING;2;4;0,000;0,000;0,000;0,000;0,000;0,000;0,000;0,000;0,000;0,000;0,000;0,000;0,000;0,000;0,000;0,000;0,000;0,000;0,000;0,000;25,06;24,06;24,94;24,94;24,12;24,62;600;600;
2026-07-07 16:39:39;2580043;RUNNING;2;4;0,000;0,000;0,000;0,000;0,000;0,000;0,000;0,000;0,000;0,000;0,000;0,000;0,000;0,000;0,000;0,000;0,000;0,000;0,000;0,000;25,06;24,06;24,94;24,94;24,12;24,62;600;900;
2026-07-07 16:39:40;2581043;RUNNING;2;4;0,000;0,000;0,000;0,000;0,000;0,000;0,000;0,000;0,000;0,000;0,000;0,000;0,000;0,000;0,000;0,000;0,000;0,000;0,000;0,000;25,06;24,12;24,94;24,94;24,12;24,62;600;900;
2026-07-07 16:39:41;2582043;RUNNING;2;4;0,000;0,000;0,000;0,000;0,000;0,000;0,000;0,000;0,000;0,000;0,000;0,000;0,000;0,000;0,000;0,000;0,000;0,000;0,000;0,000;25,06;24,06;24,94;24,94;24,12;24,62;600;600;
2026-07-07 16:39:42;2583043;RUNNING;2;4;0,000;0,000;0,000;0,000;0,000;0,000;0,000;0,000;0,000;0,000;0,000;0,000;0,000;0,000;0,000;0,000;0,000;0,000;0,000;0,000;25,00;24,06;24,94;24,94;24,12;24,62;600;600;
2026-07-07 16:39:43;2584043;RUNNING;2;4;0,000;0,000;0,000;0,000;0,000;0,000;0,000;0,000;0,000;0,000;0,000;0,000;0,000;0,000;0,000;0,000;0,000;0,000;0,000;0,000;25,06;24,06;24,94;24,94;24,06;24,56;600;900;
2026-07-07 16:39:44;2585043;RUNNING;2;4;0,000;0,000;0,000;0,000;0,000;0,000;0,000;0,000;0,000;0,000;0,000;0,000;0,000;0,000;0,000;0,000;0,000;0,000;0,000;0,000;25,06;24,06;24,94;24,94;24,12;24,62;600;900;
2026-07-07 16:39:45;2586043;RUNNING;2;4;0,000;0,000;0,000;0,000;0,000;0,000;0,000;0,000;0,000;0,000;0,000;0,000;0,000;0,000;0,000;0,000;0,000;0,000;0,000;0,000;25,06;24,06;24,94;24,94;24,06;24,56;600;600;
2026-07-07 16:39:46;2587043;RUNNING;2;4;0,000;0,000;0,000;0,000;0,000;0,000;0,000;0,000;0,000;0,000;0,000;0,000;0,000;0,000;0,000;0,000;0,000;0,000;0,000;0,000;25,00;24,06;24,94;24,87;24,06;24,62;900;600;
2026-07-07 16:39:47;2588043;RUNNING;2;4;0,000;0,000;0,000;0,000;0,000;0,000;0,000;0,000;0,000;0,000;0,000;0,000;0,000;0,000;0,000;0,000;0,000;0,000;0,000;0,000;25,06;24,06;24,94;24,87;24,06;24,62;900;900;
2026-07-07 16:39:48;2589043;RUNNING;2;4;0,000;0,000;0,000;0,000;0,000;0,000;0,000;0,000;0,000;0,000;0,000;0,000;0,000;0,000;0,000;0,000;0,000;0,000;0,000;0,000;25,06;24,06;24,94;24,87;24,12;24,56;900;900;
2026-07-07 16:39:49;2590043;RUNNING;2;4;0,000;0,000;0,000;0,000;0,000;0,000;0,000;0,000;0,000;0,000;0,000;0,000;0,000;0,000;0,000;0,000;0,000;0,000;0,000;0,000;25,00;24,06;24,94;24,94;24,06;24,56;900;600;
2026-07-07 16:39:50;2591043;RUNNING;2;4;0,000;0,000;0,000;0,000;0,000;0,000;0,000;0,000;0,000;0,000;0,000;0,000;0,000;0,000;0,000;0,000;0,000;0,000;0,000;0,000;25,06;24,06;24,94;24,87;24,06;24,56;900;600;
2026-07-07 16:39:51;2592043;RUNNING;2;4;0,000;0,000;0,000;0,000;0,000;0,000;0,000;0,000;0,000;0,000;0,000;0,000;0,000;0,000;0,000;0,000;0,000;0,000;0,000;0,000;25,00;24,06;24,94;24,87;24,06;24,56;600;900;
2026-07-07 16:39:52;2593043;RUNNING;2;4;0,000;0,000;0,000;0,000;0,000;0,000;0,000;0,000;0,000;0,000;0,000;0,000;0,000;0,000;0,000;0,000;0,000;0,000;0,000;0,000;25,06;24,06;24,94;24,87;24,06;24,56;600;900;
2026-07-07 16:39:53;2594043;RUNNING;2;4;0,000;0,000;0,000;0,000;0,000;0,000;0,000;0,000;0,000;0,000;0,000;0,000;0,000;0,000;0,000;0,000;0,000;0,000;0,000;0,000;25,06;24,06;24,94;24,87;24,06;24,56;600;600;
2026-07-07 16:39:54;2595043;RUNNING;2;4;0,000;0,000;0,000;0,000;0,000;0,000;0,000;0,000;0,000;0,000;0,000;0,000;0,000;0,000;0,000;0,000;0,000;0,000;0,000;0,000;25,00;24,06;24,94;24,87;24,06;24,56;600;600;
2026-07-07 16:39:55;2596043;RUNNING;2;4;0,000;0,000;0,000;0,000;0,000;0,000;0,000;0,000;0,000;0,000;0,000;0,000;0,000;0,000;0,000;0,000;0,000;0,000;0,000;0,000;25,06;24,06;24,87;24,87;24,06;24,56;600;900;
2026-07-07 16:39:56;2597043;RUNNING;2;4;0,000;0,000;0,000;0,000;0,000;0,000;0,000;0,000;0,000;0,000;0,000;0,000;0,000;0,000;0,000;0,000;0,000;0,000;0,000;0,000;25,00;24,06;24,94;24,87;24,06;24,56;600;900;
2026-07-07 16:39:57;2598043;RUNNING;2;4;0,000;0,000;0,000;0,000;0,000;0,000;0,000;0,000;0,000;0,000;0,000;0,000;0,000;0,000;0,000;0,000;0,000;0,000;0,000;0,000;25,00;24,06;24,87;24,87;24,06;24,56;600;600;
2026-07-07 16:39:58;2599043;RUNNING;2;4;0,000;0,000;0,000;0,000;0,000;0,000;0,000;0,000;0,000;0,000;0,000;0,000;0,000;0,000;0,000;0,000;0,000;0,000;0,000;0,000;25,00;24,06;24,94;24,87;24,06;24,56;600;600;
2026-07-07 16:39:59;2600043;RUNNING;2;4;0,000;0,000;0,000;0,000;0,000;0,000;0,000;0,000;0,000;0,000;0,000;0,000;0,000;0,000;0,000;0,000;0,000;0,000;0,000;0,000;25,06;24,06;24,94;24,87;24,06;24,56;600;900;
2026-07-07 16:40:00;2601043;RUNNING;2;4;0,000;0,000;0,000;0,000;0,000;0,000;0,000;0,000;0,000;0,000;0,000;0,000;0,000;0,000;0,000;0,000;0,000;0,000;0,000;0,000;25,00;24,06;24,94;24,87;24,06;24,56;900;900;
2026-07-07 16:40:01;2602043;RUNNING;2;4;0,000;0,000;0,000;0,000;0,000;0,000;0,000;0,000;0,000;0,000;0,000;0,000;0,000;0,000;0,000;0,000;0,000;0,000;0,000;0,000;25,00;24,06;24,87;24,87;24,06;24,56;900;600;
2026-07-07 16:40:02;2603043;RUNNING;2;4;0,000;0,000;0,000;0,000;0,000;0,000;0,000;0,000;0,000;0,000;0,000;0,000;0,000;0,000;0,000;0,000;0,000;0,000;0,000;0,000;25,00;24,06;24,87;24,87;24,06;24,56;900;600;
2026-07-07 16:40:03;2604043;RUNNING;2;4;0,000;0,000;0,000;0,000;0,000;0,000;0,000;0,000;0,000;0,000;0,000;0,000;0,000;0,000;0,000;0,000;0,000;0,000;0,000;0,000;25,00;24,06;24,87;24,87;24,06;24,56;900;900;
2026-07-07 16:40:04;2605043;RUNNING;2;4;0,000;0,000;0,000;0,000;0,000;0,000;0,000;0,000;0,000;0,000;0,000;0,000;0,000;0,000;0,000;0,000;0,000;0,000;0,000;0,000;25,00;24,06;24,87;24,87;24,06;24,56;1200;900;
2026-07-07 16:40:05;2606043;RUNNING;2;4;0,000;0,000;0,000;0,000;0,000;0,000;0,000;0,000;0,000;0,000;0,000;0,000;0,000;0,000;0,000;0,000;0,000;0,000;0,000;0,000;25,00;24,06;24,87;24,87;24,06;24,56;900;600;
2026-07-07 16:40:06;2607043;RUNNING;2;4;0,000;0,000;0,000;0,000;0,000;0,000;0,000;0,000;0,000;0,000;0,000;0,000;0,000;0,000;0,000;0,000;0,000;0,000;0,000;0,000;25,00;24,06;24,87;24,87;24,00;24,56;900;600;
2026-07-07 16:40:07;2608043;RUNNING;2;4;0,000;0,000;0,000;0,000;0,000;0,000;0,000;0,000;0,000;0,000;0,000;0,000;0,000;0,000;0,000;0,000;0,000;0,000;0,000;0,000;25,00;24,00;24,94;24,81;24,06;24,50;900;900;
2026-07-07 16:40:08;2609043;RUNNING;2;4;0,000;0,000;0,000;0,000;0,000;0,000;0,000;0,000;0,000;0,000;0,000;0,000;0,000;0,000;0,000;0,000;0,000;0,000;0,000;0,000;25,00;24,06;24,87;24,87;24,06;24,50;900;900;
2026-07-07 16:40:09;2610043;RUNNING;2;4;0,000;0,000;0,000;0,000;0,000;0,000;0,000;0,000;0,000;0,000;0,000;0,000;0,000;0,000;0,000;0,000;0,000;0,000;0,000;0,000;25,00;24,00;24,87;24,81;24,06;24,56;900;600;
2026-07-07 16:40:10;2611043;RUNNING;2;4;0,000;0,000;0,000;0,000;0,000;0,000;0,000;0,000;0,000;0,000;0,000;0,000;0,000;0,000;0,000;0,000;0,000;0,000;0,000;0,000;25,00;24,00;24,87;24,81;24,00;24,50;600;600;
2026-07-07 16:40:11;2612043;RUNNING;2;4;0,000;0,000;0,000;0,000;0,000;0,000;0,000;0,000;0,000;0,000;0,000;0,000;0,000;0,000;0,000;0,000;0,000;0,000;0,000;0,000;25,00;24,06;24,87;24,81;24,00;24,50;600;900;
2026-07-07 16:40:12;2613043;RUNNING;2;4;0,000;0,000;0,000;0,000;0,000;0,000;0,000;0,000;0,000;0,000;0,000;0,000;0,000;0,000;0,000;0,000;0,000;0,000;0,000;0,000;25,00;24,06;24,87;24,81;24,06;24,50;600;900;
2026-07-07 16:40:13;2614043;RUNNING;2;4;0,000;0,000;0,000;0,000;0,000;0,000;0,000;0,000;0,000;0,000;0,000;0,000;0,000;0,000;0,000;0,000;0,000;0,000;0,000;0,000;25,00;24,06;24,87;24,81;24,00;24,50;600;600;
2026-07-07 16:40:14;2615043;RUNNING;2;4;0,000;0,000;0,000;0,000;0,000;0,000;0,000;0,000;0,000;0,000;0,000;0,000;0,000;0,000;0,000;0,000;0,000;0,000;0,000;0,000;25,00;24,00;24,87;24,81;24,00;24,50;600;600;
2026-07-07 16:40:15;2616043;RUNNING;2;4;0,000;0,000;0,000;0,000;0,000;0,000;0,000;0,000;0,000;0,000;0,000;0,000;0,000;0,000;0,000;0,000;0,000;0,000;0,000;0,000;25,00;24,06;24,87;24,81;24,00;24,50;600;900;
2026-07-07 16:40:16;2617043;RUNNING;2;4;0,000;0,000;0,000;0,000;0,000;0,000;0,000;0,000;0,000;0,000;0,000;0,000;0,000;0,000;0,000;0,000;0,000;0,000;0,000;0,000;25,00;24,00;24,87;24,81;24,00;24,50;600;900;
2026-07-07 16:40:17;2618043;RUNNING;2;4;0,000;0,000;0,000;0,000;0,000;0,000;0,000;0,000;0,000;0,000;0,000;0,000;0,000;0,000;0,000;0,000;0,000;0,000;0,000;0,000;25,00;24,00;24,87;24,81;24,00;24,50;600;600;
2026-07-07 16:40:18;2619043;RUNNING;2;4;0,000;0,000;0,000;0,000;0,000;0,000;0,000;0,000;0,000;0,000;0,000;0,000;0,000;0,000;0,000;0,000;0,000;0,000;0,000;0,000;25,00;24,00;24,87;24,81;24,00;24,50;600;600;
2026-07-07 16:40:19;2620043;RUNNING;2;4;0,000;0,000;0,000;0,000;0,000;0,000;0,000;0,000;0,000;0,000;0,000;0,000;0,000;0,000;0,000;0,000;0,000;0,000;0,000;0,000;25,00;24,06;24,87;24,81;24,00;24,50;900;600;
2026-07-07 16:40:20;2621043;RUNNING;2;4;0,000;0,000;0,000;0,000;0,000;0,000;0,000;0,000;0,000;0,000;0,000;0,000;0,000;0,000;0,000;0,000;0,000;0,000;0,000;0,000;25,00;24,00;24,87;24,81;24,00;24,50;900;900;
2026-07-07 16:40:21;2622043;RUNNING;2;4;0,000;0,000;0,000;0,000;0,000;0,000;0,000;0,000;0,000;0,000;0,000;0,000;0,000;0,000;0,000;0,000;0,000;0,000;0,000;0,000;25,00;24,00;24,87;24,81;24,00;24,50;900;900;
2026-07-07 16:40:22;2623043;RUNNING;2;4;0,000;0,000;0,000;0,000;0,000;0,000;0,000;0,000;0,000;0,000;0,000;0,000;0,000;0,000;0,000;0,000;0,000;0,000;0,000;0,000;25,00;24,00;24,87;24,81;24,00;24,50;900;600;
2026-07-07 16:40:23;2624043;RUNNING;2;4;0,000;0,000;0,000;0,000;0,000;0,000;0,000;0,000;0,000;0,000;0,000;0,000;0,000;0,000;0,000;0,000;0,000;0,000;0,000;0,000;25,00;24,00;24,87;24,81;24,00;24,50;900;600;
2026-07-07 16:40:24;2625043;RUNNING;2;4;0,000;0,000;0,000;0,000;0,000;0,000;0,000;0,000;0,000;0,000;0,000;0,000;0,000;0,000;0,000;0,000;0,000;0,000;0,000;0,000;25,00;24,00;24,87;24,81;24,00;24,50;900;900;
2026-07-07 16:40:25;2626043;RUNNING;2;4;0,000;0,000;0,000;0,000;0,000;0,000;0,000;0,000;0,000;0,000;0,000;0,000;0,000;0,000;0,000;0,000;0,000;0,000;0,000;0,000;25,00;24,00;24,87;24,81;24,00;24,50;900;900;
2026-07-07 16:40:26;2627043;RUNNING;2;4;0,000;0,000;0,000;0,000;0,000;0,000;0,000;0,000;0,000;0,000;0,000;0,000;0,000;0,000;0,000;0,000;0,000;0,000;0,000;0,000;25,00;24,00;24,87;24,81;24,00;24,50;900;600;
2026-07-07 16:40:27;2628043;RUNNING;2;4;0,000;0,000;0,000;0,000;0,000;0,000;0,000;0,000;0,000;0,000;0,000;0,000;0,000;0,000;0,000;0,000;0,000;0,000;0,000;0,000;25,00;24,00;24,87;24,81;24,00;24,50;900;600;
2026-07-07 16:40:28;2629043;RUNNING;2;4;0,000;0,000;0,000;0,000;0,000;0,000;0,000;0,000;0,000;0,000;0,000;0,000;0,000;0,000;0,000;0,000;0,000;0,000;0,000;0,000;25,00;24,00;24,81;24,81;24,00;24,50;900;900;
2026-07-07 16:40:29;2630043;RUNNING;2;4;0,000;0,000;0,000;0,000;0,000;0,000;0,000;0,000;0,000;0,000;0,000;0,000;0,000;0,000;0,000;0,000;0,000;0,000;0,000;0,000;25,00;24,00;24,87;24,75;24,00;24,50;900;900;
2026-07-07 16:40:30;2631043;RUNNING;2;4;0,000;0,000;0,000;0,000;0,000;0,000;0,000;0,000;0,000;0,000;0,000;0,000;0,000;0,000;0,000;0,000;0,000;0,000;0,000;0,000;25,00;24,00;24,87;24,81;24,00;24,44;900;600;
2026-07-07 16:40:31;2632043;RUNNING;2;4;0,000;0,000;0,000;0,000;0,000;0,000;0,000;0,000;0,000;0,000;0,000;0,000;0,000;0,000;0,000;0,000;0,000;0,000;0,000;0,000;25,00;24,00;24,87;24,75;24,00;24,50;900;600;
2026-07-07 16:40:32;2633043;RUNNING;2;4;0,000;0,000;0,000;0,000;0,000;0,000;0,000;0,000;0,000;0,000;0,000;0,000;0,000;0,000;0,000;0,000;0,000;0,000;0,000;0,000;25,00;24,00;24,87;24,75;23,94;24,50;900;900;
2026-07-07 16:40:33;2634043;RUNNING;2;4;0,000;0,000;0,000;0,000;0,000;0,000;0,000;0,000;0,000;0,000;0,000;0,000;0,000;0,000;0,000;0,000;0,000;0,000;0,000;0,000;25,00;24,00;24,87;24,81;23,94;24,44;600;900;
2026-07-07 16:40:34;2635043;RUNNING;2;4;0,000;0,000;0,000;0,000;0,000;0,000;0,000;0,000;0,000;0,000;0,000;0,000;0,000;0,000;0,000;0,000;0,000;0,000;0,000;0,000;25,00;24,00;24,87;24,75;23,94;24,50;600;600;
2026-07-07 16:40:35;2636043;RUNNING;2;4;0,000;0,000;0,000;0,000;0,000;0,000;0,000;0,000;0,000;0,000;0,000;0,000;0,000;0,000;0,000;0,000;0,000;0,000;0,000;0,000;25,00;24,00;24,87;24,81;23,94;24,44;600;600;
2026-07-07 16:40:36;2637043;RUNNING;2;4;0,000;0,000;0,000;0,000;0,000;0,000;0,000;0,000;0,000;0,000;0,000;0,000;0,000;0,000;0,000;0,000;0,000;0,000;0,000;0,000;25,00;24,00;24,87;24,75;23,94;24,44;600;900;
2026-07-07 16:40:37;2638043;RUNNING;2;4;0,000;0,000;0,000;0,000;0,000;0,000;0,000;0,000;0,000;0,000;0,000;0,000;0,000;0,000;0,000;0,000;0,000;0,000;0,000;0,000;25,00;24,00;24,87;24,75;23,94;24,44;600;900;
2026-07-07 16:40:38;2639043;RUNNING;2;4;0,000;0,000;0,000;0,000;0,000;0,000;0,000;0,000;0,000;0,000;0,000;0,000;0,000;0,000;0,000;0,000;0,000;0,000;0,000;0,000;25,00;24,00;24,87;24,75;23,94;24,44;600;600;
2026-07-07 16:40:39;2640043;RUNNING;2;4;0,000;0,000;0,000;0,000;0,000;0,000;0,000;0,000;0,000;0,000;0,000;0,000;0,000;0,000;0,000;0,000;0,000;0,000;0,000;0,000;25,00;24,00;24,87;24,75;23,94;24,44;600;600;
2026-07-07 16:40:40;2641043;RUNNING;2;4;0,000;0,000;0,000;0,000;0,000;0,000;0,000;0,000;0,000;0,000;0,000;0,000;0,000;0,000;0,000;0,000;0,000;0,000;0,000;0,000;25,00;24,00;24,81;24,75;23,94;24,44;600;600;
2026-07-07 16:40:41;2642043;RUNNING;2;4;0,000;0,000;0,000;0,000;0,000;0,000;0,000;0,000;0,000;0,000;0,000;0,000;0,000;0,000;0,000;0,000;0,000;0,000;0,000;0,000;25,00;24,00;24,87;24,75;23,94;24,44;600;900;
2026-07-07 16:40:42;2643043;RUNNING;2;4;0,000;0,000;0,000;0,000;0,000;0,000;0,000;0,000;0,000;0,000;0,000;0,000;0,000;0,000;0,000;0,000;0,000;0,000;0,000;0,000;25,00;24,00;24,81;24,75;23,94;24,44;600;900;
2026-07-07 16:40:43;2644043;RUNNING;2;4;0,000;0,000;0,000;0,000;0,000;0,000;0,000;0,000;0,000;0,000;0,000;0,000;0,000;0,000;0,000;0,000;0,000;0,000;0,000;0,000;25,00;24,00;24,81;24,75;23,94;24,44;600;600;
2026-07-07 16:40:44;2645043;RUNNING;2;4;0,000;0,000;0,000;0,000;0,000;0,000;0,000;0,000;0,000;0,000;0,000;0,000;0,000;0,000;0,000;0,000;0,000;0,000;0,000;0,000;25,00;24,00;24,87;24,75;23,94;24,44;600;600;
2026-07-07 16:40:45;2646043;RUNNING;2;4;0,000;0,000;0,000;0,000;0,000;0,000;0,000;0,000;0,000;0,000;0,000;0,000;0,000;0,000;0,000;0,000;0,000;0,000;0,000;0,000;24,94;24,00;24,81;24,75;23,94;24,44;600;900;
2026-07-07 16:40:46;2647043;RUNNING;2;4;0,000;0,000;0,000;0,000;0,000;0,000;0,000;0,000;0,000;0,000;0,000;0,000;0,000;0,000;0,000;0,000;0,000;0,000;0,000;0,000;25,00;24,00;24,81;24,75;23,94;24,44;600;900;
2026-07-07 16:40:47;2648043;RUNNING;2;4;0,000;0,000;0,000;0,000;0,000;0,000;0,000;0,000;0,000;0,000;0,000;0,000;0,000;0,000;0,000;0,000;0,000;0,000;0,000;0,000;25,00;24,00;24,81;24,75;23,94;24,44;600;600;
2026-07-07 16:40:48;2649043;RUNNING;2;4;0,000;0,000;0,000;0,000;0,000;0,000;0,000;0,000;0,000;0,000;0,000;0,000;0,000;0,000;0,000;0,000;0,000;0,000;0,000;0,000;25,00;24,00;24,81;24,75;23,94;24,44;900;600;
2026-07-07 16:40:49;2650043;RUNNING;2;4;0,000;0,000;0,000;0,000;0,000;0,000;0,000;0,000;0,000;0,000;0,000;0,000;0,000;0,000;0,000;0,000;0,000;0,000;0,000;0,000;25,00;24,00;24,81;24,75;23,94;24,44;900;600;
2026-07-07 16:40:50;2651043;RUNNING;2;4;0,000;0,000;0,000;0,000;0,000;0,000;0,000;0,000;0,000;0,000;0,000;0,000;0,000;0,000;0,000;0,000;0,000;0,000;0,000;0,000;25,00;24,00;24,81;24,75;23,94;24,44;900;900;
2026-07-07 16:40:51;2652043;RUNNING;2;4;0,000;0,000;0,000;0,000;0,000;0,000;0,000;0,000;0,000;0,000;0,000;0,000;0,000;0,000;0,000;0,000;0,000;0,000;0,000;0,000;25,00;24,00;24,81;24,75;23,94;24,44;900;900;
2026-07-07 16:40:52;2653043;RUNNING;2;4;0,000;0,000;0,000;0,000;0,000;0,000;0,000;0,000;0,000;0,000;0,000;0,000;0,000;0,000;0,000;0,000;0,000;0,000;0,000;0,000;25,00;24,00;24,81;24,75;23,94;24,44;900;600;
2026-07-07 16:40:53;2654043;RUNNING;2;4;0,000;0,000;0,000;0,000;0,000;0,000;0,000;0,000;0,000;0,000;0,000;0,000;0,000;0,000;0,000;0,000;0,000;0,000;0,000;0,000;25,00;24,00;24,81;24,75;23,94;24,44;900;600;
2026-07-07 16:40:54;2655043;RUNNING;2;4;0,000;0,000;0,000;0,000;0,000;0,000;0,000;0,000;0,000;0,000;0,000;0,000;0,000;0,000;0,000;0,000;0,000;0,000;0,000;0,000;24,94;24,00;24,81;24,75;23,94;24,44;600;900;
2026-07-07 16:40:55;2656043;RUNNING;2;4;0,000;0,000;0,000;0,000;0,000;0,000;0,000;0,000;0,000;0,000;0,000;0,000;0,000;0,000;0,000;0,000;0,000;0,000;0,000;0,000;24,94;24,00;24,81;24,75;23,94;24,37;600;900;
2026-07-07 16:40:56;2657043;RUNNING;2;4;0,000;0,000;0,000;0,000;0,000;0,000;0,000;0,000;0,000;0,000;0,000;0,000;0,000;0,000;0,000;0,000;0,000;0,000;0,000;0,000;25,00;24,00;24,81;24,75;23,94;24,37;600;600;
2026-07-07 16:40:57;2658043;RUNNING;2;4;0,000;0,000;0,000;0,000;0,000;0,000;0,000;0,000;0,000;0,000;0,000;0,000;0,000;0,000;0,000;0,000;0,000;0,000;0,000;0,000;24,94;23,94;24,81;24,75;23,94;24,37;600;600;
2026-07-07 16:40:58;2659043;RUNNING;2;4;0,000;0,000;0,000;0,000;0,000;0,000;0,000;0,000;0,000;0,000;0,000;0,000;0,000;0,000;0,000;0,000;0,000;0,000;0,000;0,000;25,00;23,94;24,81;24,75;23,87;24,37;600;600;
2026-07-07 16:40:59;2660043;RUNNING;2;4;0,000;0,000;0,000;0,000;0,000;0,000;0,000;0,000;0,000;0,000;0,000;0,000;0,000;0,000;0,000;0,000;0,000;0,000;0,000;0,000;24,94;23,94;24,81;24,69;23,87;24,37;600;900;
2026-07-07 16:41:00;2661043;RUNNING;2;4;0,000;0,000;0,000;0,000;0,000;0,000;0,000;0,000;0,000;0,000;0,000;0,000;0,000;0,000;0,000;0,000;0,000;0,000;0,000;0,000;25,00;23,94;24,81;24,75;23,87;24,37;600;900;
2026-07-07 16:41:01;2662043;RUNNING;2;4;0,000;0,000;0,000;0,000;0,000;0,000;0,000;0,000;0,000;0,000;0,000;0,000;0,000;0,000;0,000;0,000;0,000;0,000;0,000;0,000;24,94;23,94;24,81;24,69;23,87;24,44;900;600;
2026-07-07 16:41:02;2663043;RUNNING;2;4;0,000;0,000;0,000;0,000;0,000;0,000;0,000;0,000;0,000;0,000;0,000;0,000;0,000;0,000;0,000;0,000;0,000;0,000;0,000;0,000;25,00;23,94;24,81;24,69;23,87;24,37;900;600;
2026-07-07 16:41:03;2664043;RUNNING;2;4;0,000;0,000;0,000;0,000;0,000;0,000;0,000;0,000;0,000;0,000;0,000;0,000;0,000;0,000;0,000;0,000;0,000;0,000;0,000;0,000;24,94;23,94;24,81;24,69;23,87;24,37;900;600;
2026-07-07 16:41:04;2665043;RUNNING;2;4;0,000;0,000;0,000;0,000;0,000;0,000;0,000;0,000;0,000;0,000;0,000;0,000;0,000;0,000;0,000;0,000;0,000;0,000;0,000;0,000;24,94;23,94;24,81;24,69;23,87;24,37;900;900;
2026-07-07 16:41:05;2666043;RUNNING;2;4;0,000;0,000;0,000;0,000;0,000;0,000;0,000;0,000;0,000;0,000;0,000;0,000;0,000;0,000;0,000;0,000;0,000;0,000;0,000;0,000;24,94;23,94;24,81;24,75;23,87;24,37;600;600;
2026-07-07 16:41:06;2667043;RUNNING;2;4;0,000;0,000;0,000;0,000;0,000;0,000;0,000;0,000;0,000;0,000;0,000;0,000;0,000;0,000;0,000;0,000;0,000;0,000;0,000;0,000;25,00;23,94;24,81;24,69;23,87;24,37;600;600;
2026-07-07 16:41:07;2668043;RUNNING;2;4;0,000;0,000;0,000;0,000;0,000;0,000;0,000;0,000;0,000;0,000;0,000;0,000;0,000;0,000;0,000;0,000;0,000;0,000;0,000;0,000;24,94;23,94;24,81;24,69;23,87;24,37;600;600;
2026-07-07 16:41:08;2669043;RUNNING;2;4;0,000;0,000;0,000;0,000;0,000;0,000;0,000;0,000;0,000;0,000;0,000;0,000;0,000;0,000;0,000;0,000;0,000;0,000;0,000;0,000;24,94;23,94;24,81;24,69;23,87;24,37;600;900;
2026-07-07 16:41:09;2670043;RUNNING;2;4;0,000;0,000;0,000;0,000;0,000;0,000;0,000;0,000;0,000;0,000;0,000;0,000;0,000;0,000;0,000;0,000;0,000;0,000;0,000;0,000;24,94;23,94;24,81;24,69;23,87;24,37;600;900;
2026-07-07 16:41:10;2671043;RUNNING;2;4;0,000;0,000;0,000;0,000;0,000;0,000;0,000;0,000;0,000;0,000;0,000;0,000;0,000;0,000;0,000;0,000;0,000;0,000;0,000;0,000;24,94;23,94;24,81;24,69;23,87;24,37;600;600;
2026-07-07 16:41:11;2672043;RUNNING;2;4;0,000;0,000;0,000;0,000;0,000;0,000;0,000;0,000;0,000;0,000;0,000;0,000;0,000;0,000;0,000;0,000;0,000;0,000;0,000;0,000;24,94;23,94;24,81;24,69;23,87;24,37;600;600;
2026-07-07 16:41:12;2673043;RUNNING;2;4;0,000;0,000;0,000;0,000;0,000;0,000;0,000;0,000;0,000;0,000;0,000;0,000;0,000;0,000;0,000;0,000;0,000;0,000;0,000;0,000;24,94;23,94;24,81;24,69;23,87;24,37;600;900;
2026-07-07 16:41:13;2674043;RUNNING;2;4;0,000;0,000;0,000;0,000;0,000;0,000;0,000;0,000;0,000;0,000;0,000;0,000;0,000;0,000;0,000;0,000;0,000;0,000;0,000;0,000;24,94;23,94;24,81;24,69;23,87;24,37;600;900;
2026-07-07 16:41:14;2675043;RUNNING;2;4;0,000;0,000;0,000;0,000;0,000;0,000;0,000;0,000;0,000;0,000;0,000;0,000;0,000;0,000;0,000;0,000;0,000;0,000;0,000;0,000;24,94;23,94;24,81;24,69;23,87;24,37;600;600;
2026-07-07 16:41:15;2676043;RUNNING;2;4;0,000;0,000;0,000;0,000;0,000;0,000;0,000;0,000;0,000;0,000;0,000;0,000;0,000;0,000;0,000;0,000;0,000;0,000;0,000;0,000;24,94;23,94;24,81;24,69;23,87;24,37;900;600;
2026-07-07 16:41:16;2677043;RUNNING;2;4;0,000;0,000;0,000;0,000;0,000;0,000;0,000;0,000;0,000;0,000;0,000;0,000;0,000;0,000;0,000;0,000;0,000;0,000;0,000;0,000;24,94;23,94;24,81;24,69;23,87;24,37;900;600;
2026-07-07 16:41:17;2678043;RUNNING;2;4;0,000;0,000;0,000;0,000;0,000;0,000;0,000;0,000;0,000;0,000;0,000;0,000;0,000;0,000;0,000;0,000;0,000;0,000;0,000;0,000;24,94;23,94;24,81;24,69;23,87;24,37;900;900;
2026-07-07 16:41:18;2679043;RUNNING;2;4;0,000;0,000;0,000;0,000;0,000;0,000;0,000;0,000;0,000;0,000;0,000;0,000;0,000;0,000;0,000;0,000;0,000;0,000;0,000;0,000;24,94;23,94;24,75;24,69;23,87;24,37;900;900;
2026-07-07 16:41:19;2680043;RUNNING;2;4;0,000;0,000;0,000;0,000;0,000;0,000;0,000;0,000;0,000;0,000;0,000;0,000;0,000;0,000;0,000;0,000;0,000;0,000;0,000;0,000;24,94;23,94;24,81;24,69;23,87;24,37;900;600;
2026-07-07 16:41:20;2681043;RUNNING;2;4;0,000;0,000;0,000;0,000;0,000;0,000;0,000;0,000;0,000;0,000;0,000;0,000;0,000;0,000;0,000;0,000;0,000;0,000;0,000;0,000;24,94;23,94;24,81;24,69;23,87;24,37;900;600;
2026-07-07 16:41:21;2682043;RUNNING;2;4;0,000;0,000;0,000;0,000;0,000;0,000;0,000;0,000;0,000;0,000;0,000;0,000;0,000;0,000;0,000;0,000;0,000;0,000;0,000;0,000;24,94;23,94;24,81;24,69;23,87;24,31;900;600;
2026-07-07 16:41:22;2683043;RUNNING;2;4;0,000;0,000;0,000;0,000;0,000;0,000;0,000;0,000;0,000;0,000;0,000;0,000;0,000;0,000;0,000;0,000;0,000;0,000;0,000;0,000;24,94;23,94;24,75;24,69;23,87;24,31;600;900;
2026-07-07 16:41:23;2684043;RUNNING;2;4;0,000;0,000;0,000;0,000;0,000;0,000;0,000;0,000;0,000;0,000;0,000;0,000;0,000;0,000;0,000;0,000;0,000;0,000;0,000;0,000;24,94;23,94;24,75;24,69;23,87;24,37;600;600;
2026-07-07 16:41:24;2685043;RUNNING;2;4;0,000;0,000;0,000;0,000;0,000;0,000;0,000;0,000;0,000;0,000;0,000;0,000;0,000;0,000;0,000;0,000;0,000;0,000;0,000;0,000;24,94;23,94;24,75;24,69;23,87;24,31;600;600;
2026-07-07 16:41:25;2686043;RUNNING;2;4;0,000;0,000;0,000;0,000;0,000;0,000;0,000;0,000;0,000;0,000;0,000;0,000;0,000;0,000;0,000;0,000;0,000;0,000;0,000;0,000;24,94;23,94;24,75;24,62;23,87;24,31;600;600;
2026-07-07 16:41:26;2687043;RUNNING;2;4;0,000;0,000;0,000;0,000;0,000;0,000;0,000;0,000;0,000;0,000;0,000;0,000;0,000;0,000;0,000;0,000;0,000;0,000;0,000;0,000;24,94;23,94;24,75;24,62;23,81;24,31;600;900;
2026-07-07 16:41:27;2688043;RUNNING;2;4;0,000;0,000;0,000;0,000;0,000;0,000;0,000;0,000;0,000;0,000;0,000;0,000;0,000;0,000;0,000;0,000;0,000;0,000;0,000;0,000;24,94;23,87;24,75;24,62;23,87;24,31;600;900;
2026-07-07 16:41:28;2689043;RUNNING;2;4;0,000;0,000;0,000;0,000;0,000;0,000;0,000;0,000;0,000;0,000;0,000;0,000;0,000;0,000;0,000;0,000;0,000;0,000;0,000;0,000;24,94;23,87;24,75;24,69;23,81;24,31;600;600;
2026-07-07 16:41:29;2690043;RUNNING;2;4;0,000;0,000;0,000;0,000;0,000;0,000;0,000;0,000;0,000;0,000;0,000;0,000;0,000;0,000;0,000;0,000;0,000;0,000;0,000;0,000;24,94;23,94;24,75;24,62;23,81;24,31;600;600;
2026-07-07 16:41:30;2691043;RUNNING;2;4;0,000;0,000;0,000;0,000;0,000;0,000;0,000;0,000;0,000;0,000;0,000;0,000;0,000;0,000;0,000;0,000;0,000;0,000;0,000;0,000;24,94;23,87;24,75;24,69;23,81;24,31;600;900;
2026-07-07 16:41:31;2692043;RUNNING;2;4;0,000;0,000;0,000;0,000;0,000;0,000;0,000;0,000;0,000;0,000;0,000;0,000;0,000;0,000;0,000;0,000;0,000;0,000;0,000;0,000;24,94;23,94;24,75;24,69;23,87;24,31;600;900;
2026-07-07 16:41:32;2693043;RUNNING;2;4;0,000;0,000;0,000;0,000;0,000;0,000;0,000;0,000;0,000;0,000;0,000;0,000;0,000;0,000;0,000;0,000;0,000;0,000;0,000;0,000;24,94;23,87;24,75;24,62;23,87;24,31;600;600;
2026-07-07 16:41:33;2694043;RUNNING;2;4;0,000;0,000;0,000;0,000;0,000;0,000;0,000;0,000;0,000;0,000;0,000;0,000;0,000;0,000;0,000;0,000;0,000;0,000;0,000;0,000;24,94;23,87;24,75;24,62;23,81;24,31;600;600;
2026-07-07 16:41:34;2695043;RUNNING;2;4;0,000;0,000;0,000;0,000;0,000;0,000;0,000;0,000;0,000;0,000;0,000;0,000;0,000;0,000;0,000;0,000;0,000;0,000;0,000;0,000;24,94;23,87;24,75;24,62;23,81;24,31;900;600;
2026-07-07 16:41:35;2696043;RUNNING;2;4;0,000;0,000;0,000;0,000;0,000;0,000;0,000;0,000;0,000;0,000;0,000;0,000;0,000;0,000;0,000;0,000;0,000;0,000;0,000;0,000;24,94;23,94;24,75;24,62;23,81;24,31;900;900;
2026-07-07 16:41:36;2697043;RUNNING;2;4;0,000;0,000;0,000;0,000;0,000;0,000;0,000;0,000;0,000;0,000;0,000;0,000;0,000;0,000;0,000;0,000;0,000;0,000;0,000;0,000;24,94;23,87;24,75;24,62;23,81;24,31;900;900;
2026-07-07 16:41:37;2698043;RUNNING;2;4;0,000;0,000;0,000;0,000;0,000;0,000;0,000;0,000;0,000;0,000;0,000;0,000;0,000;0,000;0,000;0,000;0,000;0,000;0,000;0,000;24,94;23,87;24,75;24,62;23,81;24,31;900;600;
2026-07-07 16:41:38;2699043;RUNNING;2;4;0,000;0,000;0,000;0,000;0,000;0,000;0,000;0,000;0,000;0,000;0,000;0,000;0,000;0,000;0,000;0,000;0,000;0,000;0,000;0,000;24,94;23,94;24,75;24,62;23,81;24,31;900;600;
2026-07-07 16:41:39;2700043;RUNNING;3;4;0,000;0,000;0,000;0,000;0,000;0,000;0,000;0,000;0,000;0,000;0,000;0,000;0,000;0,000;0,000;0,000;0,000;0,000;0,000;0,000;24,94;23,87;24,75;24,62;23,81;24,31;900;900;
2026-07-07 16:41:40;2701043;RUNNING;3;4;0,019;0,000;0,000;0,000;0,000;0,000;0,000;0,000;0,000;0,000;0,104;0,000;0,000;0,000;0,000;0,000;0,000;0,000;0,000;0,000;24,94;23,87;24,75;24,62;23,81;24,31;600;900;
2026-07-07 16:41:41;2702043;RUNNING;3;4;0,040;0,025;0,000;0,000;0,000;0,000;0,000;0,000;0,000;0,000;0,186;0,089;0,000;0,000;0,000;0,000;0,000;0,000;0,000;0,000;24,94;23,87;24,75;24,62;23,81;24,31;600;600;
2026-07-07 16:41:42;2703043;RUNNING;3;4;0,062;0,046;0,027;0,000;0,000;0,000;0,000;0,000;0,000;0,000;0,267;0,173;0,106;0,000;0,000;0,000;0,000;0,000;0,000;0,000;24,94;23,87;24,75;24,62;23,81;24,31;600;600;
2026-07-07 16:41:43;2704043;RUNNING;3;4;0,083;0,068;0,048;0,027;0,000;0,000;0,000;0,000;0,000;0,000;0,350;0,256;0,189;0,094;0,000;0,000;0,000;0,000;0,000;0,000;24,94;23,87;24,75;24,62;23,81;24,31;600;600;
2026-07-07 16:41:44;2705043;RUNNING;3;4;0,105;0,089;0,070;0,047;0,026;0,000;0,000;0,000;0,000;0,000;0,433;0,338;0,271;0,178;0,109;0,000;0,000;0,000;0,000;0,000;24,94;23,87;24,75;24,62;23,81;24,31;600;900;
2026-07-07 16:41:45;2706043;RUNNING;3;4;0,126;0,111;0,092;0,068;0,047;0,027;0,000;0,000;0,000;0,000;0,513;0,422;0,356;0,263;0,190;0,130;0,000;0,000;0,000;0,000;24,94;23,87;24,75;24,62;23,81;24,31;600;900;
2026-07-07 16:41:46;2707043;RUNNING;3;4;0,148;0,132;0,114;0,090;0,069;0,049;0,025;0,000;0,000;0,000;0,596;0,504;0,438;0,347;0,274;0,213;0,152;0,000;0,000;0,000;24,94;23,87;24,75;24,62;23,81;24,31;600;600;
2026-07-07 16:41:47;2708043;RUNNING;3;4;0,169;0,154;0,135;0,112;0,091;0,069;0,049;0,028;0,000;0,000;0,678;0,588;0,520;0,429;0,355;0,292;0,236;0,127;0,000;0,000;24,94;23,87;24,69;24,62;23,81;24,31;600;600;
2026-07-07 16:41:48;2709044;RUNNING;3;4;0,190;0,175;0,157;0,133;0,112;0,092;0,069;0,048;0,027;0,000;0,761;0,670;0,602;0,511;0,439;0,379;0,317;0,210;0,130;0,000;24,94;23,87;24,75;24,62;23,81;24,31;900;600;
2026-07-07 16:41:49;2710044;RUNNING;3;4;0,213;0,196;0,179;0,154;0,133;0,112;0,091;0,070;0,048;0,025;0,844;0,755;0,685;0,595;0,520;0,460;0,398;0,295;0,209;0,130;24,94;23,87;24,75;24,62;23,81;24,25;900;900;
2026-07-07 16:41:50;2711044;RUNNING;3;4;0,234;0,219;0,201;0,176;0,154;0,134;0,112;0,092;0,070;0,047;0,926;0,840;0,769;0,677;0,604;0,543;0,481;0,375;0,294;0,214;24,94;23,87;24,69;24,56;23,81;24,25;900;900;
2026-07-07 16:41:51;2712044;RUNNING;3;4;0,256;0,240;0,222;0,197;0,176;0,155;0,134;0,113;0,092;0,069;1,007;0,922;0,850;0,760;0,687;0,625;0,562;0,458;0,376;0,293;24,94;23,87;24,69;24,62;23,81;24,25;900;600;
2026-07-07 16:41:52;2713044;RUNNING;3;4;0,277;0,262;0,244;0,218;0,197;0,176;0,155;0,135;0,113;0,091;1,090;1,004;0,935;0,844;0,769;0,708;0,643;0,541;0,459;0,376;24,94;23,87;24,69;24,56;23,81;24,25;600;600;
2026-07-07 16:41:53;2714044;RUNNING;3;4;0,298;0,284;0,266;0,240;0,219;0,198;0,177;0,156;0,135;0,112;1,171;1,088;1,019;0,926;0,850;0,791;0,727;0,623;0,542;0,459;24,87;23,87;24,75;24,62;23,81;24,25;600;600;
2026-07-07 16:41:54;2715044;RUNNING;3;4;0,320;0,305;0,287;0,261;0,241;0,219;0,198;0,178;0,156;0,133;1,254;1,171;1,099;1,010;0,934;0,872;0,808;0,706;0,625;0,541;24,94;23,87;24,69;24,62;23,81;24,25;600;900;
2026-07-07 16:41:55;2716044;RUNNING;3;4;0,342;0,326;0,309;0,283;0,262;0,241;0,220;0,200;0,178;0,155;1,337;1,255;1,181;1,093;1,017;0,954;0,889;0,787;0,706;0,624;24,87;23,87;24,69;24,62;23,81;24,25;600;900;
2026-07-07 16:41:56;2717044;RUNNING;3;4;0,363;0,348;0,331;0,304;0,283;0,262;0,241;0,222;0,200;0,176;1,419;1,337;1,264;1,175;1,099;1,037;0,972;0,870;0,788;0,707;24,94;23,87;24,75;24,62;23,81;24,25;600;600;
2026-07-07 16:41:57;2718044;RUNNING;3;4;0,386;0,370;0,353;0,325;0,305;0,284;0,262;0,244;0,221;0,198;1,501;1,421;1,348;1,257;1,182;1,118;1,053;0,953;0,871;0,790;24,87;23,87;24,69;24,62;23,81;24,25;900;600;
2026-07-07 16:41:58;2719044;RUNNING;3;4;0,406;0,391;0,374;0,347;0,326;0,305;0,284;0,266;0,243;0,219;1,583;1,504;1,431;1,341;1,266;1,199;1,136;1,035;0,954;0,873;24,87;23,87;24,75;24,62;23,81;24,25;900;600;
2026-07-07 16:41:59;2720044;RUNNING;3;4;0,428;0,413;0,396;0,368;0,348;0,326;0,306;0,287;0,264;0,241;1,666;1,588;1,513;1,424;1,347;1,284;1,218;1,118;1,037;0,956;24,94;23,87;24,75;24,62;23,81;24,25;600;600;
2026-07-07 16:42:00;2721044;RUNNING;3;4;0,449;0,435;0,417;0,390;0,369;0,348;0,327;0,309;0,286;0,263;1,747;1,670;1,595;1,506;1,431;1,366;1,299;1,199;1,117;1,035;24,87;23,87;24,69;24,62;23,81;24,31;600;900;
2026-07-07 16:42:01;2722044;RUNNING;3;4;0,471;0,456;0,439;0,410;0,391;0,369;0,349;0,330;0,307;0,284;1,830;1,753;1,680;1,588;1,512;1,449;1,380;1,282;1,200;1,120;24,94;23,87;24,69;24,62;23,81;24,25;600;900;
2026-07-07 16:42:02;2723044;RUNNING;3;4;0,493;0,477;0,461;0,432;0,412;0,391;0,370;0,352;0,329;0,306;1,911;1,835;1,760;1,672;1,596;1,530;1,463;1,366;1,283;1,201;24,87;23,87;24,69;24,62;23,81;24,25;900;900;
2026-07-07 16:42:03;2724044;RUNNING;3;4;0,514;0,499;0,483;0,454;0,434;0,412;0,391;0,374;0,351;0,327;1,994;1,919;1,844;1,756;1,679;1,611;1,546;1,447;1,366;1,285;24,87;23,87;24,69;24,62;23,81;24,25;900;900;
2026-07-07 16:42:04;2725044;RUNNING;3;4;0,536;0,521;0,505;0,475;0,455;0,433;0,412;0,395;0,372;0,349;2,076;2,003;1,925;1,839;1,759;1,695;1,627;1,528;1,447;1,368;24,87;23,81;24,69;24,62;23,81;24,25;900;900;
2026-07-07 16:42:05;2726044;RUNNING;3;4;0,557;0,542;0,526;0,497;0,477;0,455;0,434;0,418;0,394;0,370;2,159;2,085;2,009;1,921;1,842;1,776;1,709;1,613;1,529;1,449;24,87;23,87;24,69;24,62;23,81;24,25;900;1200;
2026-07-07 16:42:06;2727044;RUNNING;3;4;0,579;0,564;0,548;0,518;0,498;0,476;0,456;0,439;0,416;0,392;2,242;2,168;2,092;2,003;1,924;1,859;1,790;1,695;1,612;1,530;24,87;23,87;24,69;24,62;23,81;24,25;1200;900;
2026-07-07 16:42:07;2728044;RUNNING;3;4;0,600;0,585;0,570;0,540;0,520;0,497;0,477;0,461;0,437;0,414;2,323;2,250;2,174;2,087;2,008;1,942;1,873;1,776;1,695;1,613;24,87;23,81;24,69;24,62;23,81;24,25;900;900;
2026-07-07 16:42:08;2729044;RUNNING;3;4;0,622;0,607;0,592;0,561;0,541;0,520;0,498;0,483;0,459;0,435;2,406;2,336;2,257;2,169;2,091;2,025;1,954;1,859;1,776;1,696;24,87;23,81;24,69;24,62;23,81;24,25;900;1200;
2026-07-07 16:42:09;2730044;RUNNING;3;4;0,643;0,629;0,614;0,583;0,563;0,541;0,520;0,505;0,481;0,456;2,487;2,417;2,339;2,254;2,173;2,107;2,037;1,941;1,859;1,778;24,87;23,87;24,69;24,62;23,81;24,25;1200;1200;
2026-07-07 16:42:10;2731044;RUNNING;3;4;0,666;0,650;0,635;0,604;0,584;0,562;0,542;0,526;0,502;0,478;2,572;2,501;2,423;2,336;2,256;2,190;2,118;2,022;1,941;1,859;24,87;23,81;24,69;24,62;23,81;24,25;1200;900;
2026-07-07 16:42:11;2732044;RUNNING;3;4;0,687;0,672;0,658;0,626;0,606;0,583;0,563;0,548;0,524;0,500;2,653;2,585;2,505;2,418;2,338;2,273;2,200;2,105;2,024;1,942;24,87;23,81;24,69;24,62;23,81;24,25;1200;1200;
2026-07-07 16:42:12;2733044;RUNNING;3;4;0,710;0,694;0,680;0,647;0,628;0,605;0,585;0,569;0,545;0,522;2,734;2,670;2,588;2,502;2,421;2,352;2,283;2,187;2,105;2,025;24,87;23,81;24,69;24,62;23,81;24,25;1200;1200;
2026-07-07 16:42:13;2734044;RUNNING;3;4;0,731;0,715;0,702;0,668;0,649;0,627;0,606;0,592;0,567;0,544;2,817;2,752;2,673;2,586;2,503;2,435;2,364;2,270;2,188;2,108;24,87;23,81;24,69;24,62;23,81;24,25;1500;1200;
2026-07-07 16:42:14;2735044;RUNNING;3;4;0,752;0,738;0,723;0,690;0,671;0,648;0,628;0,613;0,588;0,566;2,900;2,836;2,755;2,669;2,588;2,519;2,445;2,353;2,270;2,189;24,87;23,81;24,69;24,62;23,81;24,25;1200;1200;
2026-07-07 16:42:15;2736044;RUNNING;3;4;0,774;0,759;0,746;0,712;0,692;0,670;0,649;0,635;0,610;0,586;2,983;2,919;2,838;2,753;2,669;2,600;2,528;2,436;2,353;2,272;24,87;23,81;24,69;24,62;23,81;24,31;1200;1500;
2026-07-07 16:42:16;2737044;RUNNING;3;4;0,795;0,781;0,766;0,733;0,713;0,691;0,671;0,657;0,632;0,608;3,068;3,003;2,922;2,835;2,751;2,686;2,611;2,517;2,436;2,354;24,87;23,81;24,69;24,62;23,81;24,31;1200;1200;
2026-07-07 16:42:17;2738044;RUNNING;3;4;0,817;0,802;0,789;0,755;0,735;0,713;0,693;0,679;0,653;0,630;3,149;3,087;3,005;2,918;2,836;2,768;2,693;2,600;2,519;2,437;24,87;23,81;24,62;24,62;23,81;24,25;1200;1500;
2026-07-07 16:42:18;2739044;RUNNING;3;4;0,839;0,824;0,810;0,776;0,757;0,734;0,715;0,701;0,675;0,651;3,230;3,169;3,087;3,002;2,918;2,851;2,774;2,684;2,601;2,518;24,87;23,81;24,62;24,62;23,81;24,25;1500;1500;
2026-07-07 16:42:19;2740044;RUNNING;3;4;0,860;0,846;0,833;0,798;0,780;0,756;0,736;0,723;0,697;0,673;3,312;3,252;3,171;3,086;3,001;2,934;2,857;2,767;2,685;2,601;24,81;23,81;24,69;24,62;23,81;24,25;1500;1500;
2026-07-07 16:42:20;2741044;RUNNING;3;4;0,883;0,868;0,854;0,820;0,800;0,778;0,758;0,744;0,719;0,695;3,395;3,336;3,252;3,168;3,085;3,015;2,940;2,850;2,767;2,684;24,81;23,81;24,62;24,62;23,81;24,31;1200;1500;
2026-07-07 16:42:21;2742044;RUNNING;3;4;0,904;0,891;0,876;0,842;0,822;0,799;0,779;0,766;0,740;0,716;3,478;3,419;3,336;3,251;3,168;3,098;3,022;2,931;2,850;2,767;24,81;23,81;24,62;24,69;23,81;24,25;1500;1800;
2026-07-07 16:42:22;2743044;RUNNING;3;4;0,926;0,912;0,898;0,863;0,844;0,820;0,801;0,788;0,762;0,738;3,561;3,505;3,419;3,333;3,250;3,180;3,103;3,014;2,931;2,849;24,81;23,81;24,62;24,62;23,81;24,25;1500;1500;
2026-07-07 16:42:23;2744044;RUNNING;3;4;0,948;0,934;0,921;0,885;0,865;0,842;0,822;0,810;0,784;0,760;3,644;3,587;3,503;3,417;3,333;3,261;3,186;3,097;3,014;2,932;24,81;23,81;24,62;24,69;23,81;24,31;1500;1500;
2026-07-07 16:42:24;2745044;RUNNING;3;4;0,969;0,955;0,943;0,906;0,888;0,863;0,844;0,832;0,805;0,781;3,725;3,670;3,586;3,502;3,416;3,344;3,269;3,179;3,099;3,015;24,81;23,81;24,62;24,69;23,81;24,25;1800;1500;
2026-07-07 16:42:25;2746044;RUNNING;3;4;0,992;0,977;0,964;0,928;0,909;0,885;0,866;0,854;0,828;0,802;3,808;3,752;3,668;3,584;3,500;3,427;3,351;3,262;3,181;3,099;24,81;23,81;24,62;24,69;23,81;24,31;1500;1500;
2026-07-07 16:42:26;2747044;RUNNING;3;4;1,013;0,999;0,986;0,949;0,931;0,907;0,888;0,875;0,849;0,825;3,891;3,836;3,752;3,668;3,583;3,512;3,432;3,345;3,262;3,181;24,81;23,81;24,62;24,69;23,81;24,31;1800;1500;
2026-07-07 16:42:27;2748044;RUNNING;3;4;1,035;1,020;1,007;0,971;0,952;0,929;0,909;0,898;0,870;0,846;3,974;3,918;3,833;3,752;3,665;3,594;3,517;3,427;3,345;3,262;24,81;23,81;24,62;24,69;23,87;24,31;1800;1500;
2026-07-07 16:42:28;2749044;RUNNING;3;4;1,056;1,042;1,031;0,993;0,973;0,951;0,931;0,920;0,892;0,869;4,055;4,003;3,917;3,834;3,748;3,675;3,598;3,511;3,426;3,345;24,81;23,81;24,62;24,69;23,81;24,31;1500;1500;
2026-07-07 16:42:29;2750044;RUNNING;3;4;1,078;1,064;1,053;1,015;0,996;0,972;0,953;0,942;0,914;0,890;4,136;4,085;4,000;3,917;3,831;3,758;3,679;3,593;3,511;3,428;24,81;23,81;24,62;24,69;23,87;24,31;1800;1800;
2026-07-07 16:42:30;2751044;RUNNING;3;4;1,100;1,086;1,074;1,036;1,017;0,994;0,974;0,964;0,936;0,913;4,219;4,169;4,084;4,001;3,913;3,839;3,761;3,676;3,593;3,511;24,81;23,75;24,56;24,69;23,87;24,31;1800;1800;
2026-07-07 16:42:31;2752044;RUNNING;3;4;1,122;1,108;1,096;1,058;1,040;1,015;0,996;0,986;0,958;0,934;4,302;4,252;4,166;4,085;3,998;3,922;3,844;3,757;3,674;3,594;24,81;23,75;24,56;24,69;23,87;24,31;1800;1800;
2026-07-07 16:42:32;2753044;RUNNING;3;4;1,144;1,129;1,119;1,080;1,061;1,037;1,018;1,008;0,979;0,955;4,385;4,334;4,249;4,167;4,080;4,007;3,925;3,840;3,757;3,676;24,81;23,75;24,56;24,69;23,87;24,31;1800;1800;
2026-07-07 16:42:33;2754044;RUNNING;3;4;1,165;1,151;1,141;1,101;1,083;1,059;1,040;1,029;1,001;0,977;4,468;4,420;4,331;4,250;4,162;4,089;4,008;3,922;3,840;3,757;24,75;23,81;24,62;24,69;23,87;24,31;2100;1800;
2026-07-07 16:42:34;2755044;RUNNING;3;4;1,187;1,173;1,163;1,122;1,104;1,080;1,061;1,051;1,023;1,000;4,550;4,503;4,414;4,332;4,245;4,170;4,090;4,005;3,922;3,840;24,75;23,75;24,56;24,75;23,87;24,31;1800;2100;
2026-07-07 16:42:35;2756044;RUNNING;3;4;1,209;1,194;1,185;1,144;1,126;1,102;1,083;1,074;1,045;1,020;4,633;4,585;4,496;4,416;4,328;4,253;4,173;4,088;4,005;3,923;24,75;23,75;24,56;24,75;23,94;24,31;2100;1800;
2026-07-07 16:42:36;2757044;RUNNING;3;4;1,230;1,217;1,206;1,166;1,148;1,123;1,105;1,096;1,067;1,042;4,716;4,669;4,580;4,498;4,412;4,336;4,254;4,170;4,086;4,006;24,75;23,75;24,56;24,75;23,94;24,31;1800;2100;
2026-07-07 16:42:37;2758044;RUNNING;3;4;1,253;1,238;1,228;1,188;1,170;1,145;1,126;1,117;1,089;1,065;4,797;4,751;4,665;4,582;4,493;4,418;4,337;4,253;4,168;4,087;24,75;23,75;24,56;24,75;23,94;24,31;1800;2100;
2026-07-07 16:42:38;2759044;RUNNING;3;4;1,274;1,260;1,250;1,210;1,191;1,166;1,148;1,139;1,110;1,087;4,880;4,835;4,746;4,665;4,577;4,501;4,418;4,336;4,251;4,170;24,75;23,75;24,56;24,75;23,94;24,37;2100;2100;
2026-07-07 16:42:39;2760044;RUNNING;3;4;1,297;1,281;1,273;1,231;1,213;1,189;1,170;1,161;1,132;1,108;4,961;4,916;4,828;4,749;4,658;4,584;4,499;4,417;4,334;4,252;24,75;23,75;24,56;24,75;23,94;24,37;2100;2100;
2026-07-07 16:42:40;2761044;RUNNING;3;4;1,307;1,304;1,295;1,253;1,235;1,210;1,191;1,183;1,154;1,129;4,998;5,000;4,912;4,831;4,742;4,667;4,582;4,499;4,415;4,335;24,75;23,75;24,56;24,75;23,94;24,37;1800;2100;
2026-07-07 16:42:41;2762143;RUNNING;3;4;1,307;1,304;1,318;1,276;1,259;1,234;1,216;1,207;1,178;1,154;5,000;5,004;5,002;4,921;4,835;4,757;4,673;4,590;4,507;4,426;24,69;23,75;24,56;24,75;23,94;24,37;2100;2100;
2026-07-07 16:42:42;2763143;RUNNING;3;4;1,307;1,304;1,319;1,298;1,281;1,255;1,238;1,229;1,200;1,175;5,000;5,004;5,002;5,003;4,917;4,840;4,757;4,673;4,588;4,508;24,75;23,75;24,56;24,75;23,94;24,37;2100;2100;
2026-07-07 16:42:43;2764143;RUNNING;3;4;1,307;1,306;1,319;1,299;1,303;1,277;1,259;1,252;1,222;1,197;4,998;5,004;5,002;5,003;5,000;4,921;4,838;4,757;4,671;4,591;24,75;23,75;24,56;24,81;23,94;24,37;2100;2100;
2026-07-07 16:42:44;2765144;RUNNING;3;4;1,307;1,306;1,319;1,298;1,304;1,298;1,281;1,273;1,243;1,219;4,998;5,004;5,002;5,002;5,000;5,004;4,919;4,836;4,754;4,672;24,69;23,75;24,56;24,81;24,00;24,44;2100;2100;
2026-07-07 16:42:45;2766243;RUNNING;3;4;1,307;1,305;1,319;1,298;1,304;1,298;1,303;1,298;1,267;1,243;5,000;5,004;5,002;5,002;5,000;5,001;5,002;4,926;4,846;4,762;24,69;23,75;24,56;24,81;24,00;24,44;2100;2100;
2026-07-07 16:42:46;2767243;RUNNING;3;4;1,307;1,305;1,320;1,298;1,303;1,299;1,303;1,318;1,289;1,265;5,000;5,004;5,002;5,002;4,999;5,001;5,002;5,001;4,927;4,845;24,69;23,75;24,56;24,81;24,00;24,44;2100;2100;
2026-07-07 16:42:47;2768243;RUNNING;3;4;1,307;1,305;1,319;1,298;1,303;1,299;1,303;1,318;1,309;1,287;5,000;5,002;5,002;5,002;5,000;5,001;5,002;5,001;5,000;4,926;24,69;23,75;24,56;24,87;24,06;24,44;2400;2100;
2026-07-07 16:42:48;2769243;RUNNING;3;4;1,307;1,306;1,319;1,299;1,303;1,299;1,304;1,318;1,310;1,307;5,000;5,004;5,002;5,002;4,999;5,003;5,003;5,001;5,002;4,999;24,69;23,75;24,56;24,87;24,06;24,50;2100;2100;
2026-07-07 16:42:49;2770243;RUNNING;3;4;1,307;1,305;1,320;1,298;1,303;1,300;1,304;1,318;1,310;1,306;4,998;5,002;5,002;5,000;4,999;5,003;5,002;5,001;5,002;4,999;24,69;23,75;24,56;24,87;24,06;24,50;2100;2100;
2026-07-07 16:42:50;2771243;RUNNING;3;4;1,307;1,305;1,319;1,298;1,303;1,299;1,303;1,318;1,309;1,307;5,000;5,002;5,002;5,000;5,000;5,001;5,002;5,001;5,000;5,001;24,69;23,75;24,56;24,87;24,06;24,50;2100;2100;
2026-07-07 16:42:51;2772243;RUNNING;3;4;1,308;1,306;1,320;1,299;1,304;1,299;1,304;1,318;1,310;1,307;5,000;5,002;5,002;5,002;5,000;5,001;5,002;5,002;5,000;5,001;24,69;23,75;24,56;24,87;24,12;24,50;2400;2100;
2026-07-07 16:42:52;2773243;RUNNING;3;4;1,307;1,306;1,319;1,299;1,304;1,300;1,304;1,318;1,310;1,307;4,998;5,000;5,002;5,000;5,000;5,001;5,000;5,002;5,002;4,999;24,69;23,81;24,56;24,94;24,12;24,50;2100;2100;
2026-07-07 16:42:53;2774243;RUNNING;3;4;1,307;1,305;1,319;1,298;1,303;1,300;1,304;1,318;1,310;1,307;5,000;5,002;5,002;5,002;5,000;5,001;5,002;5,001;5,002;4,999;24,69;23,81;24,56;24,94;24,12;24,50;2100;2100;
2026-07-07 16:42:54;2775243;RUNNING;3;4;1,307;1,306;1,319;1,299;1,304;1,299;1,304;1,318;1,309;1,307;4,998;5,002;5,002;5,000;5,000;5,001;5,003;4,999;5,002;4,999;24,69;23,81;24,56;24,94;24,12;24,56;2100;2100;
2026-07-07 16:42:55;2776243;RUNNING;3;4;1,308;1,305;1,320;1,299;1,304;1,300;1,304;1,318;1,310;1,308;5,000;5,002;5,002;5,000;5,000;5,001;5,000;5,001;5,000;5,001;24,69;23,81;24,56;24,94;24,19;24,56;2100;2100;
2026-07-07 16:42:56;2777243;RUNNING;3;4;1,308;1,306;1,320;1,299;1,304;1,300;1,304;1,319;1,310;1,307;4,998;5,002;5,002;5,000;4,999;4,999;5,002;5,001;5,000;4,999;24,69;23,81;24,56;25,00;24,19;24,56;1800;2100;
2026-07-07 16:42:57;2778243;RUNNING;3;4;1,307;1,305;1,320;1,300;1,304;1,300;1,304;1,318;1,310;1,308;4,998;5,002;5,004;5,000;4,999;4,999;5,002;5,001;5,002;5,001;24,69;23,81;24,56;25,00;24,19;24,56;1800;2100;
2026-07-07 16:42:58;2779243;RUNNING;3;4;1,308;1,306;1,320;1,299;1,304;1,300;1,304;1,318;1,310;1,307;5,000;5,002;5,002;5,000;5,000;5,001;5,000;5,001;5,000;5,001;24,62;23,81;24,56;25,00;24,19;24,56;2100;2100;
2026-07-07 16:42:59;2780243;RUNNING;3;4;1,307;1,306;1,320;1,299;1,304;1,300;1,304;1,319;1,310;1,307;4,997;5,002;5,000;5,000;4,999;4,999;5,000;5,001;5,002;5,001;24,69;23,81;24,56;25,00;24,25;24,62;2100;2100;
2026-07-07 16:43:00;2781243;RUNNING;3;4;1,308;1,306;1,320;1,299;1,304;1,300;1,304;1,319;1,310;1,308;4,998;5,002;5,002;5,000;5,000;5,001;5,003;5,001;5,002;5,001;24,69;23,81;24,56;25,00;24,19;24,62;2100;2100;
2026-07-07 16:43:01;2782243;RUNNING;3;4;1,308;1,306;1,321;1,299;1,304;1,300;1,304;1,319;1,310;1,308;4,998;5,002;5,002;5,000;5,000;5,001;5,002;5,001;5,000;4,999;24,62;23,81;24,56;25,00;24,25;24,62;2100;2100;
2026-07-07 16:43:02;2783243;RUNNING;3;4;1,308;1,307;1,320;1,299;1,304;1,300;1,304;1,319;1,310;1,308;4,998;5,002;5,002;5,002;5,000;5,001;5,002;5,001;5,000;4,999;24,62;23,75;24,56;25,00;24,25;24,62;2100;2100;
2026-07-07 16:43:03;2784243;RUNNING;3;4;1,308;1,307;1,321;1,299;1,304;1,300;1,304;1,319;1,310;1,308;4,998;5,002;5,002;5,000;5,000;4,999;5,000;5,001;5,000;5,001;24,62;23,75;24,56;25,06;24,25;24,69;2100;1800;
2026-07-07 16:43:04;2785243;RUNNING;3;4;1,308;1,306;1,320;1,299;1,304;1,300;1,305;1,319;1,310;1,308;4,998;5,002;5,000;5,000;5,000;4,999;5,000;5,001;5,000;4,999;24,62;23,81;24,56;25,06;24,25;24,69;2100;2100;
2026-07-07 16:43:05;2786243;RUNNING;3;4;1,308;1,306;1,320;1,299;1,304;1,300;1,304;1,319;1,310;1,308;4,998;5,002;5,000;5,002;5,000;5,001;5,000;5,001;5,002;5,001;24,62;23,81;24,56;25,06;24,25;24,69;2100;2100;
2026-07-07 16:43:06;2787243;RUNNING;3;4;1,309;1,306;1,320;1,300;1,304;1,301;1,304;1,319;1,310;1,308;5,000;5,002;5,002;5,002;4,999;5,001;5,002;5,001;5,002;5,001;24,62;23,81;24,56;25,06;24,31;24,69;2100;2100;
2026-07-07 16:43:07;2788243;RUNNING;3;4;1,308;1,306;1,320;1,300;1,305;1,300;1,304;1,319;1,311;1,309;4,998;5,002;5,002;5,002;4,999;5,001;5,002;5,001;5,002;5,001;24,62;23,75;24,56;25,06;24,31;24,69;2100;2100;
2026-07-07 16:43:08;2789243;RUNNING;3;4;1,308;1,306;1,320;1,299;1,304;1,301;1,305;1,319;1,310;1,308;5,000;5,002;5,002;5,000;5,000;5,001;5,002;5,001;5,002;5,001;24,62;23,75;24,56;25,06;24,31;24,69;2100;2100;
2026-07-07 16:43:09;2790243;RUNNING;3;4;1,308;1,306;1,321;1,299;1,305;1,300;1,304;1,319;1,311;1,307;4,998;5,002;5,000;5,000;4,999;5,001;5,002;5,002;5,002;5,001;24,62;23,81;24,56;25,12;24,31;24,69;2100;2100;
2026-07-07 16:43:10;2791243;RUNNING;3;4;1,308;1,306;1,320;1,300;1,304;1,301;1,305;1,319;1,310;1,308;5,000;5,002;5,000;5,002;4,999;4,999;5,002;5,001;5,000;5,001;24,62;23,81;24,56;25,12;24,31;24,75;2100;2100;
2026-07-07 16:43:11;2792243;RUNNING;3;4;1,308;1,307;1,321;1,300;1,304;1,301;1,304;1,319;1,311;1,309;5,000;5,002;5,002;5,002;5,000;5,001;5,002;5,001;5,002;4,999;24,62;23,81;24,56;25,12;24,31;24,69;2100;2100;
2026-07-07 16:43:12;2793243;RUNNING;3;4;1,308;1,307;1,319;1,300;1,304;1,300;1,304;1,319;1,311;1,309;5,000;5,002;5,002;5,000;5,000;4,999;5,002;5,001;5,000;5,001;24,62;23,81;24,56;25,12;24,31;24,75;2100;2100;
2026-07-07 16:43:13;2794243;RUNNING;3;4;1,309;1,307;1,321;1,299;1,304;1,300;1,304;1,319;1,310;1,309;4,998;5,002;5,002;5,002;5,000;5,001;5,002;5,002;5,002;5,001;24,62;23,81;24,56;25,12;24,37;24,75;2100;1800;
2026-07-07 16:43:14;2795243;RUNNING;3;4;1,308;1,307;1,320;1,299;1,304;1,301;1,305;1,319;1,311;1,308;5,000;5,002;5,002;5,000;4,999;5,001;5,002;5,001;5,000;5,001;24,62;23,81;24,56;25,12;24,37;24,75;2100;2100;
2026-07-07 16:43:15;2796243;RUNNING;3;4;1,308;1,307;1,321;1,300;1,304;1,300;1,304;1,319;1,311;1,308;5,000;5,002;5,002;5,002;5,000;5,001;5,002;5,001;5,000;5,001;24,62;23,81;24,56;25,12;24,37;24,75;2100;2100;
2026-07-07 16:43:16;2797243;RUNNING;3;4;1,308;1,306;1,321;1,299;1,304;1,300;1,305;1,319;1,310;1,309;4,998;5,002;5,000;5,000;5,000;4,999;5,002;5,001;5,000;5,001;24,62;23,81;24,56;25,19;24,37;24,75;2100;2100;
2026-07-07 16:43:17;2798243;RUNNING;3;4;1,308;1,307;1,321;1,300;1,304;1,301;1,304;1,319;1,310;1,308;5,000;5,002;5,002;5,000;5,000;5,001;5,002;5,001;5,000;5,001;24,62;23,75;24,56;25,12;24,37;24,81;2100;2100;
2026-07-07 16:43:18;2799243;RUNNING;3;4;1,308;1,306;1,319;1,300;1,304;1,300;1,305;1,319;1,311;1,308;4,998;5,002;5,002;5,000;5,000;5,001;5,002;5,001;5,002;4,999;24,62;23,81;24,56;25,19;24,44;24,81;2100;2100;
2026-07-07 16:43:19;2800243;RUNNING;3;4;1,308;1,305;1,320;1,299;1,305;1,301;1,304;1,319;1,311;1,308;4,998;5,002;5,000;5,000;5,000;5,001;5,002;5,001;5,002;5,001;24,62;23,81;24,56;25,19;24,44;24,81;2100;2100;
2026-07-07 16:43:20;2801243;RUNNING;3;4;1,308;1,306;1,320;1,299;1,305;1,301;1,305;1,319;1,311;1,308;5,000;5,002;5,002;5,000;5,000;5,001;5,002;5,001;5,002;5,001;24,62;23,81;24,56;25,19;24,44;24,81;2100;2100;
2026-07-07 16:43:21;2802243;RUNNING;3;4;1,308;1,306;1,320;1,299;1,304;1,301;1,305;1,319;1,311;1,308;4,998;5,002;5,002;5,000;5,000;4,999;5,002;5,002;5,002;5,001;24,62;23,81;24,56;25,19;24,44;24,81;2100;1800;
2026-07-07 16:43:22;2803243;RUNNING;3;4;1,308;1,306;1,321;1,299;1,305;1,301;1,304;1,319;1,311;1,308;4,998;5,002;5,000;5,002;4,999;5,001;5,002;5,001;5,002;5,001;24,62;23,81;24,62;25,19;24,44;24,81;2100;2100;
2026-07-07 16:43:23;2804243;RUNNING;3;4;1,308;1,306;1,321;1,300;1,304;1,301;1,305;1,319;1,310;1,308;5,000;5,002;5,002;5,002;5,000;4,999;5,000;5,001;5,000;4,999;24,62;23,81;24,62;25,19;24,44;24,81;2100;2400;
2026-07-07 16:43:24;2805243;RUNNING;3;4;1,309;1,306;1,320;1,299;1,304;1,301;1,305;1,319;1,311;1,308;4,998;5,002;5,002;5,000;4,999;4,999;5,002;5,001;5,000;4,999;24,62;23,81;24,56;25,25;24,44;24,87;2100;2100;
2026-07-07 16:43:25;2806243;RUNNING;3;4;1,308;1,306;1,320;1,299;1,304;1,301;1,304;1,319;1,311;1,308;5,000;5,002;5,002;5,000;4,999;5,001;5,002;5,001;5,002;5,001;24,62;23,81;24,62;25,19;24,50;24,87;2100;2100;
2026-07-07 16:43:26;2807243;RUNNING;3;4;1,308;1,306;1,320;1,300;1,305;1,301;1,304;1,319;1,311;1,309;4,998;5,002;5,002;5,000;5,000;4,999;5,000;5,001;5,000;5,001;24,62;23,81;24,62;25,25;24,50;24,87;2100;2100;
2026-07-07 16:43:27;2808243;RUNNING;3;4;1,309;1,307;1,321;1,300;1,305;1,301;1,304;1,319;1,310;1,308;4,998;5,002;5,002;5,002;5,000;5,001;5,002;5,001;5,002;4,999;24,62;23,81;24,56;25,25;24,50;24,87;2100;2100;
2026-07-07 16:43:28;2809243;RUNNING;3;4;1,308;1,306;1,320;1,299;1,305;1,301;1,305;1,319;1,310;1,309;5,000;5,002;5,002;5,002;5,000;5,001;5,002;5,001;5,000;5,001;24,62;23,81;24,56;25,25;24,50;24,87;1800;2400;
2026-07-07 16:43:29;2810243;RUNNING;3;4;1,308;1,307;1,320;1,299;1,305;1,301;1,305;1,319;1,311;1,309;5,000;5,002;5,000;5,000;5,000;5,001;5,002;5,001;5,002;5,001;24,62;23,81;24,62;25,25;24,50;24,87;1800;2100;
2026-07-07 16:43:30;2811243;RUNNING;3;4;1,308;1,307;1,321;1,299;1,305;1,301;1,304;1,320;1,311;1,307;4,998;5,002;5,000;5,000;5,000;4,999;5,000;5,001;5,000;5,001;24,62;23,81;24,62;25,25;24,50;24,87;1800;1800;
2026-07-07 16:43:31;2812243;RUNNING;3;4;1,309;1,306;1,321;1,300;1,304;1,301;1,304;1,319;1,311;1,308;4,998;5,002;5,002;5,000;4,999;5,001;5,002;5,001;5,000;4,999;24,62;23,81;24,62;25,25;24,50;24,87;2100;2100;
2026-07-07 16:43:32;2813243;RUNNING;3;4;1,309;1,307;1,321;1,300;1,304;1,301;1,305;1,319;1,311;1,309;4,998;5,002;5,002;5,000;4,999;4,999;5,002;5,001;5,002;5,001;24,62;23,81;24,56;25,25;24,50;24,87;2100;2100;
2026-07-07 16:43:33;2814243;RUNNING;3;4;1,309;1,307;1,321;1,300;1,305;1,301;1,304;1,320;1,311;1,309;4,998;5,002;5,000;5,000;5,000;4,999;5,002;5,001;5,002;4,999;24,62;23,81;24,62;25,25;24,50;24,87;2100;2100;
2026-07-07 16:43:34;2815243;RUNNING;3;4;1,309;1,307;1,321;1,300;1,305;1,300;1,305;1,319;1,311;1,308;4,998;5,002;5,002;5,000;4,999;5,001;4,998;5,001;5,000;4,999;24,56;23,81;24,62;25,31;24,50;24,94;2100;2100;
2026-07-07 16:43:35;2816243;RUNNING;3;4;1,309;1,306;1,321;1,299;1,305;1,301;1,305;1,319;1,311;1,308;4,998;5,002;5,000;5,002;5,000;5,001;5,000;5,001;5,002;5,001;24,56;23,81;24,62;25,25;24,50;24,94;2100;2100;
2026-07-07 16:43:36;2817243;RUNNING;3;4;1,309;1,307;1,322;1,300;1,305;1,300;1,305;1,319;1,311;1,309;4,998;5,002;5,000;5,000;5,000;4,999;5,002;5,001;5,000;4,999;24,56;23,81;24,56;25,31;24,50;24,94;2100;2100;
2026-07-07 16:43:37;2818243;RUNNING;3;4;1,308;1,307;1,321;1,300;1,304;1,301;1,305;1,319;1,311;1,309;4,998;4,998;5,002;5,002;5,000;4,999;5,002;5,001;5,000;5,001;24,56;23,81;24,62;25,31;24,50;24,94;2100;2100;
2026-07-07 16:43:38;2819243;RUNNING;3;4;1,309;1,307;1,321;1,300;1,305;1,301;1,305;1,319;1,311;1,308;5,000;5,002;5,002;5,002;4,999;5,001;5,002;5,001;5,002;4,999;24,56;23,81;24,62;25,31;24,50;24,94;2100;2100;
2026-07-07 16:43:39;2820243;RUNNING;3;4;1,308;1,307;1,321;1,300;1,305;1,301;1,304;1,319;1,311;1,310;4,998;5,002;5,002;5,000;5,000;4,999;5,002;4,999;5,002;5,001;24,56;23,81;24,62;25,31;24,50;24,94;2100;1800;
2026-07-07 16:43:40;2821243;RUNNING;3;4;1,309;1,307;1,321;1,300;1,305;1,301;1,305;1,319;1,311;1,309;4,998;5,002;5,000;5,000;4,999;5,001;5,002;4,999;5,002;5,001;24,56;23,81;24,62;25,31;24,50;24,94;2100;2100;
2026-07-07 16:43:41;2822243;RUNNING;3;4;1,308;1,307;1,321;1,300;1,305;1,300;1,305;1,319;1,311;1,309;4,998;5,000;5,002;5,000;4,999;5,001;5,002;4,999;5,002;5,001;24,62;23,81;24,62;25,31;24,56;24,94;2100;2100;
2026-07-07 16:43:42;2823243;RUNNING;3;4;1,309;1,306;1,321;1,300;1,305;1,301;1,305;1,319;1,311;1,308;4,998;5,002;5,000;5,000;4,999;5,001;5,000;4,999;5,002;5,001;24,56;23,81;24,62;25,31;24,56;24,94;2100;2100;
2026-07-07 16:43:43;2824243;RUNNING;3;4;1,308;1,306;1,321;1,299;1,304;1,301;1,305;1,319;1,311;1,309;5,000;5,002;5,002;5,002;4,999;5,001;5,000;4,999;5,000;5,001;24,62;23,81;24,62;25,31;24,56;24,94;2100;2100;
2026-07-07 16:43:44;2825243;RUNNING;3;4;1,309;1,307;1,320;1,300;1,304;1,301;1,305;1,319;1,311;1,309;4,998;5,002;5,000;5,002;4,999;5,001;5,000;4,999;5,002;5,001;24,56;23,81;24,62;25,31;24,56;24,94;2100;2100;
2026-07-07 16:43:45;2826243;RUNNING;3;4;1,308;1,306;1,320;1,300;1,304;1,301;1,305;1,319;1,311;1,309;4,998;5,002;5,000;5,000;5,000;5,001;5,000;4,999;5,000;5,001;24,56;23,81;24,62;25,31;24,56;24,94;2100;2100;
2026-07-07 16:43:46;2827243;RUNNING;3;4;1,309;1,306;1,321;1,299;1,305;1,301;1,305;1,319;1,311;1,308;4,998;5,002;5,000;5,000;4,999;5,001;5,002;4,999;5,002;5,001;24,56;23,81;24,62;25,31;24,56;25,00;2100;2100;
2026-07-07 16:43:47;2828243;RUNNING;3;4;1,308;1,307;1,322;1,300;1,305;1,300;1,305;1,319;1,311;1,309;4,998;5,002;5,002;5,000;4,999;4,999;5,000;5,001;5,000;5,001;24,56;23,81;24,62;25,37;24,56;24,94;2100;2100;
2026-07-07 16:43:48;2829243;RUNNING;3;4;1,309;1,307;1,320;1,300;1,305;1,300;1,305;1,319;1,310;1,309;4,998;5,002;5,002;5,002;4,999;4,999;5,002;5,001;5,000;5,001;24,56;23,81;24,62;25,37;24,56;25,00;2100;1800;
2026-07-07 16:43:49;2830243;RUNNING;3;4;1,308;1,307;1,321;1,300;1,305;1,300;1,305;1,319;1,311;1,308;4,998;5,002;5,002;5,000;5,000;4,999;5,000;5,001;5,002;5,001;24,56;23,81;24,62;25,37;24,56;25,00;2100;2100;
2026-07-07 16:43:50;2831243;RUNNING;3;4;1,309;1,307;1,320;1,300;1,305;1,301;1,305;1,319;1,311;1,309;4,998;5,002;5,002;5,000;4,999;4,997;5,002;5,001;5,002;5,001;24,56;23,81;24,62;25,37;24,56;25,00;2100;2100;
2026-07-07 16:43:51;2832243;RUNNING;3;4;1,309;1,307;1,321;1,300;1,305;1,300;1,305;1,319;1,311;1,309;4,998;5,002;5,002;5,000;5,000;4,999;5,002;5,001;5,002;5,001;24,56;23,81;24,62;25,37;24,56;25,00;2100;2100;
2026-07-07 16:43:52;2833243;RUNNING;3;4;1,309;1,307;1,321;1,300;1,305;1,300;1,305;1,319;1,312;1,309;5,000;4,998;5,002;5,000;4,999;4,999;5,002;5,001;5,002;5,001;24,56;23,81;24,62;25,37;24,56;25,00;2100;2100;
2026-07-07 16:43:53;2834243;RUNNING;3;4;1,309;1,307;1,320;1,300;1,305;1,300;1,305;1,319;1,311;1,308;4,998;5,002;5,002;5,000;5,000;4,997;5,000;5,001;5,002;5,003;24,56;23,81;24,62;25,37;24,56;25,00;2100;2100;
2026-07-07 16:43:54;2835243;RUNNING;3;4;1,309;1,307;1,321;1,300;1,304;1,300;1,305;1,320;1,311;1,308;4,998;5,000;5,002;5,002;4,999;4,999;5,002;5,001;5,002;5,001;24,56;23,81;24,69;25,37;24,62;25,00;2100;2100;
2026-07-07 16:43:55;2836243;RUNNING;3;4;1,309;1,307;1,321;1,300;1,304;1,300;1,305;1,319;1,311;1,309;4,998;5,002;5,002;5,000;5,000;4,999;5,002;5,001;5,002;5,001;24,56;23,81;24,62;25,37;24,62;25,00;2100;2100;
2026-07-07 16:43:56;2837243;RUNNING;3;4;1,309;1,307;1,322;1,300;1,305;1,300;1,305;1,319;1,311;1,309;4,998;5,002;5,000;5,000;5,000;4,999;5,002;5,001;5,000;5,001;24,56;23,81;24,62;25,37;24,56;25,00;1800;2100;
2026-07-07 16:43:57;2838243;RUNNING;3;4;1,309;1,306;1,321;1,300;1,306;1,301;1,305;1,320;1,311;1,310;4,998;5,002;5,002;5,000;4,999;4,997;5,002;5,001;5,000;4,999;24,56;23,81;24,62;25,37;24,62;25,00;2100;2100;
2026-07-07 16:43:58;2839243;RUNNING;3;4;1,309;1,307;1,321;1,300;1,305;1,301;1,305;1,319;1,311;1,309;4,998;5,002;5,000;5,000;5,000;4,999;5,002;5,001;5,000;5,001;24,56;23,81;24,69;25,44;24,62;25,00;2100;1800;
2026-07-07 16:43:59;2840243;RUNNING;3;4;1,309;1,307;1,321;1,300;1,305;1,301;1,305;1,319;1,310;1,309;4,998;5,002;5,002;5,000;4,999;5,001;5,000;5,002;5,002;5,001;24,56;23,81;24,69;25,44;24,56;25,00;2100;2100;
2026-07-07 16:44:00;2841243;RUNNING;3;4;1,308;1,307;1,321;1,299;1,305;1,301;1,305;1,320;1,311;1,309;4,998;5,002;5,002;5,000;4,999;4,999;5,002;5,001;5,002;5,001;24,56;23,81;24,69;25,44;24,62;25,00;2100;2100;
2026-07-07 16:44:01;2842243;RUNNING;3;4;1,309;1,307;1,320;1,300;1,305;1,301;1,305;1,319;1,311;1,308;4,998;5,000;5,002;5,000;4,999;5,001;5,000;5,001;5,002;5,001;24,56;23,81;24,62;25,44;24,56;25,00;2100;2100;
2026-07-07 16:44:02;2843243;RUNNING;3;4;1,309;1,307;1,321;1,300;1,304;1,301;1,306;1,320;1,312;1,308;4,998;5,002;5,002;5,000;5,000;4,999;5,002;5,001;5,002;5,001;24,56;23,81;24,69;25,37;24,56;25,00;2100;2100;
2026-07-07 16:44:03;2844243;RUNNING;3;4;1,309;1,306;1,322;1,300;1,305;1,301;1,305;1,319;1,311;1,309;4,998;5,002;5,002;5,000;5,000;5,001;5,002;5,001;5,002;5,001;24,56;23,81;24,62;25,44;24,56;25,06;2100;2100;
2026-07-07 16:44:04;2845243;RUNNING;3;4;1,309;1,307;1,321;1,300;1,305;1,301;1,305;1,320;1,311;1,309;4,998;5,002;5,000;5,000;5,000;5,001;5,002;5,001;5,000;4,999;24,56;23,81;24,62;25,44;24,62;25,00;2100;2100;
2026-07-07 16:44:05;2846243;RUNNING;3;4;1,309;1,307;1,321;1,300;1,305;1,301;1,305;1,319;1,311;1,309;5,000;5,002;5,002;5,000;4,999;5,001;5,002;5,001;5,002;5,001;24,56;23,81;24,62;25,44;24,56;25,06;2100;2100;
2026-07-07 16:44:06;2847243;RUNNING;3;4;1,309;1,307;1,321;1,300;1,305;1,301;1,305;1,320;1,311;1,310;4,998;5,002;5,002;5,002;5,000;4,999;5,000;5,001;5,002;5,001;24,56;23,81;24,62;25,37;24,56;25,00;2100;1800;
2026-07-07 16:44:07;2848243;RUNNING;3;4;1,309;1,307;1,322;1,300;1,305;1,301;1,306;1,320;1,311;1,308;4,998;5,002;5,002;5,000;5,000;4,999;5,002;5,001;5,000;5,001;24,56;23,81;24,62;25,44;24,56;25,00;2100;2100;
2026-07-07 16:44:08;2849243;RUNNING;3;4;1,309;1,306;1,321;1,300;1,304;1,301;1,305;1,320;1,311;1,308;4,998;5,000;5,000;5,000;5,000;5,001;5,000;5,001;5,002;5,001;24,56;23,81;24,69;25,44;24,62;25,06;2100;2100;
2026-07-07 16:44:09;2850243;RUNNING;3;4;1,309;1,307;1,322;1,299;1,305;1,301;1,305;1,320;1,312;1,309;4,998;5,002;5,002;5,000;5,000;5,001;5,000;5,001;5,002;5,001;24,56;23,81;24,62;25,44;24,62;25,00;2100;2100;
2026-07-07 16:44:10;2851243;RUNNING;3;4;1,309;1,307;1,321;1,300;1,305;1,301;1,305;1,320;1,311;1,309;4,998;5,002;5,002;5,000;5,000;4,999;5,000;5,001;5,002;5,001;24,56;23,81;24,62;25,44;24,62;25,00;2100;2100;
2026-07-07 16:44:11;2852243;RUNNING;3;4;1,309;1,307;1,320;1,300;1,305;1,301;1,305;1,319;1,311;1,309;5,000;5,000;5,002;5,000;5,000;4,999;5,000;5,001;5,002;5,001;24,56;23,81;24,69;25,44;24,62;25,06;2100;2100;
2026-07-07 16:44:12;2853243;RUNNING;3;4;1,309;1,307;1,321;1,300;1,305;1,301;1,305;1,319;1,311;1,309;5,000;5,002;5,000;5,000;5,000;5,001;5,002;5,001;5,002;5,001;24,56;23,81;24,69;25,44;24,62;25,06;2100;2100;
2026-07-07 16:44:13;2854243;RUNNING;3;4;1,309;1,307;1,321;1,300;1,305;1,301;1,305;1,319;1,311;1,308;4,998;5,000;5,002;5,000;4,999;5,001;5,002;5,001;5,000;5,001;24,56;23,81;24,62;25,44;24,62;25,06;2100;2100;
2026-07-07 16:44:14;2855243;RUNNING;3;4;1,309;1,307;1,321;1,300;1,305;1,301;1,305;1,320;1,311;1,308;4,998;5,002;5,000;5,000;5,000;4,999;5,000;5,001;5,000;5,001;24,56;23,81;24,62;25,44;24,62;25,06;2100;2100;
2026-07-07 16:44:15;2856243;RUNNING;3;4;1,309;1,306;1,321;1,300;1,305;1,301;1,305;1,320;1,311;1,310;4,998;5,002;5,002;5,000;4,999;4,999;5,000;5,001;5,002;5,001;24,56;23,81;24,62;25,44;24,62;25,06;1800;2100;
2026-07-07 16:44:16;2857243;RUNNING;3;4;1,308;1,306;1,321;1,300;1,305;1,301;1,305;1,319;1,311;1,310;4,997;5,000;5,002;5,000;4,999;4,999;5,000;5,001;5,000;5,001;24,56;23,81;24,62;25,44;24,62;25,06;1800;2100;
2026-07-07 16:44:17;2858243;RUNNING;3;4;1,309;1,306;1,321;1,301;1,305;1,301;1,305;1,320;1,311;1,309;5,000;5,002;5,002;5,000;5,000;4,999;5,002;5,001;5,002;5,001;24,56;23,81;24,62;25,44;24,62;25,06;2100;2100;
2026-07-07 16:44:18;2859243;RUNNING;3;4;1,309;1,307;1,322;1,299;1,305;1,301;1,304;1,320;1,312;1,310;5,000;5,000;5,000;5,000;5,000;5,001;5,002;5,001;5,002;4,999;24,56;23,81;24,62;25,44;24,62;25,06;2400;2100;
2026-07-07 16:44:19;2860243;RUNNING;3;4;1,309;1,306;1,320;1,300;1,304;1,301;1,305;1,320;1,312;1,309;4,998;5,002;5,000;5,000;5,000;5,001;5,002;5,001;5,002;4,999;24,56;23,81;24,62;25,44;24,62;25,06;2100;2100;
2026-07-07 16:44:20;2861243;RUNNING;3;4;1,309;1,307;1,321;1,300;1,305;1,301;1,304;1,320;1,311;1,309;4,998;5,000;5,002;4,998;5,000;4,999;5,002;5,001;5,000;5,001;24,56;23,81;24,62;25,44;24,62;25,06;2400;2100;
2026-07-07 16:44:21;2862243;RUNNING;3;4;1,309;1,307;1,321;1,300;1,305;1,301;1,305;1,320;1,312;1,309;4,998;5,000;5,002;5,000;5,000;4,999;5,002;5,001;5,000;5,001;24,56;23,81;24,62;25,44;24,62;25,06;2100;2100;
2026-07-07 16:44:22;2863243;RUNNING;3;4;1,309;1,307;1,321;1,300;1,305;1,301;1,305;1,320;1,311;1,309;5,000;5,002;5,000;5,000;4,999;4,999;5,002;5,001;5,002;5,001;24,56;23,81;24,62;25,44;24,62;25,06;2100;2100;
2026-07-07 16:44:23;2864243;RUNNING;3;4;1,309;1,307;1,321;1,300;1,305;1,301;1,305;1,319;1,311;1,309;5,000;5,002;5,000;5,000;4,999;5,001;5,002;5,001;5,002;5,001;24,56;23,81;24,62;25,44;24,62;25,06;2400;2100;
2026-07-07 16:44:24;2865243;RUNNING;3;4;1,309;1,306;1,321;1,300;1,305;1,301;1,305;1,320;1,311;1,309;4,998;5,000;5,000;5,000;5,000;4,999;5,002;5,001;5,002;5,001;24,56;23,81;24,62;25,44;24,62;25,06;2100;1800;
2026-07-07 16:44:25;2866243;RUNNING;3;4;1,309;1,307;1,321;1,300;1,305;1,301;1,305;1,320;1,311;1,309;4,998;5,002;5,000;5,000;4,999;4,999;5,002;5,001;5,000;5,001;24,56;23,81;24,62;25,44;24,62;25,06;2100;2100;
2026-07-07 16:44:26;2867243;RUNNING;3;4;1,309;1,307;1,321;1,300;1,305;1,301;1,305;1,320;1,312;1,310;4,997;5,002;5,002;5,000;4,999;5,001;5,002;5,001;5,002;5,001;24,56;23,81;24,69;25,44;24,62;25,06;2100;2100;
2026-07-07 16:44:27;2868243;RUNNING;3;4;1,309;1,306;1,320;1,300;1,304;1,301;1,305;1,320;1,312;1,309;4,998;5,002;5,000;5,000;5,000;5,001;5,002;5,001;5,002;5,003;24,56;23,81;24,69;25,50;24,62;25,06;2100;2100;
2026-07-07 16:44:28;2869243;RUNNING;3;4;1,309;1,307;1,321;1,300;1,306;1,301;1,305;1,319;1,311;1,309;4,998;5,002;5,000;5,000;5,000;5,001;5,000;5,001;5,000;5,001;24,56;23,81;24,69;25,50;24,62;25,06;2100;2100;
2026-07-07 16:44:29;2870243;RUNNING;3;4;1,309;1,307;1,321;1,300;1,305;1,301;1,305;1,320;1,312;1,309;4,998;5,002;5,002;5,000;5,000;4,999;5,002;5,001;5,002;5,001;24,50;23,81;24,62;25,44;24,62;25,06;2100;2100;
2026-07-07 16:44:30;2871243;RUNNING;3;4;1,309;1,307;1,321;1,301;1,305;1,301;1,305;1,320;1,312;1,310;4,998;5,002;5,000;5,000;5,000;5,001;5,002;5,001;5,002;5,001;24,50;23,81;24,62;25,50;24,62;25,06;2100;2100;
2026-07-07 16:44:31;2872243;RUNNING;3;4;1,309;1,306;1,321;1,300;1,305;1,301;1,306;1,320;1,311;1,308;4,998;5,002;5,000;5,000;5,000;4,999;5,002;5,001;5,002;5,001;24,56;23,81;24,62;25,44;24,62;25,06;1800;2100;
2026-07-07 16:44:32;2873243;RUNNING;3;4;1,309;1,307;1,321;1,300;1,304;1,301;1,305;1,320;1,312;1,309;4,998;5,002;5,000;5,000;5,000;5,001;5,002;5,001;5,000;5,001;24,56;23,81;24,62;25,50;24,62;25,06;1800;1800;
2026-07-07 16:44:33;2874243;RUNNING;3;4;1,309;1,307;1,322;1,300;1,305;1,301;1,305;1,320;1,312;1,310;4,998;5,002;5,000;5,000;5,000;5,001;5,002;5,001;5,002;5,001;24,56;23,81;24,62;25,50;24,62;25,06;2100;2100;
2026-07-07 16:44:34;2875243;RUNNING;3;4;1,309;1,307;1,322;1,300;1,305;1,301;1,305;1,320;1,311;1,309;4,998;5,002;5,002;5,000;4,999;4,999;5,000;5,001;5,002;4,999;24,56;23,81;24,62;25,50;24,62;25,06;2100;2100;
2026-07-07 16:44:35;2876243;RUNNING;3;4;1,309;1,307;1,321;1,300;1,305;1,301;1,305;1,320;1,311;1,310;4,998;5,002;5,000;5,002;4,999;4,999;5,003;5,001;5,000;5,001;24,56;23,81;24,62;25,50;24,62;25,06;2100;2100;
2026-07-07 16:44:36;2877243;RUNNING;3;4;1,309;1,306;1,321;1,300;1,305;1,301;1,305;1,319;1,311;1,310;4,997;5,000;5,002;5,002;5,000;4,999;5,000;5,001;5,002;5,001;24,50;23,81;24,62;25,50;24,62;25,06;2100;2100;
2026-07-07 16:44:37;2878243;RUNNING;3;4;1,309;1,307;1,321;1,300;1,305;1,301;1,306;1,320;1,311;1,309;4,998;5,000;5,000;5,000;5,000;4,999;5,002;5,001;5,002;5,001;24,50;23,81;24,62;25,50;24,62;25,06;2100;2100;
2026-07-07 16:44:38;2879243;RUNNING;3;4;1,309;1,307;1,321;1,300;1,305;1,301;1,306;1,319;1,311;1,308;4,998;5,000;5,000;5,000;5,000;4,999;5,000;5,002;5,000;5,001;24,56;23,81;24,62;25,50;24,62;25,06;2100;2100;
2026-07-07 16:44:39;2880243;RUNNING;3;4;1,309;1,307;1,320;1,300;1,305;1,301;1,305;1,319;1,311;1,309;4,998;5,000;5,000;5,002;4,999;5,001;5,000;5,001;5,002;5,001;24,50;23,81;24,62;25,50;24,62;25,06;2100;2100;
2026-07-07 16:44:40;2881243;RUNNING;3;4;1,309;1,307;1,322;1,300;1,304;1,301;1,305;1,320;1,312;1,310;4,998;5,000;5,000;5,002;5,002;5,001;5,002;5,001;5,002;5,001;24,50;23,81;24,69;25,50;24,62;25,06;2100;1800;
2026-07-07 16:44:41;2882243;RUNNING;3;4;1,309;1,307;1,322;1,300;1,306;1,301;1,305;1,320;1,311;1,310;4,998;5,000;5,002;5,000;5,000;4,999;5,002;5,001;5,002;5,001;24,56;23,81;24,69;25,50;24,62;25,06;2100;2400;
2026-07-07 16:44:42;2883243;RUNNING;3;4;1,309;1,307;1,321;1,300;1,306;1,301;1,305;1,320;1,312;1,309;4,998;5,000;5,002;5,000;4,999;4,999;5,000;5,001;5,002;5,001;24,50;23,81;24,62;25,50;24,62;25,06;2100;2100;
2026-07-07 16:44:43;2884243;RUNNING;3;4;1,309;1,307;1,321;1,301;1,305;1,301;1,305;1,320;1,311;1,309;4,998;5,002;5,002;5,002;5,000;5,001;5,000;5,001;5,002;5,001;24,56;23,81;24,69;25,50;24,69;25,06;2100;2100;
2026-07-07 16:44:44;2885243;RUNNING;3;4;1,309;1,307;1,322;1,300;1,305;1,301;1,305;1,320;1,312;1,310;4,998;5,002;5,002;5,000;4,999;4,999;5,002;5,002;5,002;5,001;24,50;23,81;24,69;25,50;24,62;25,06;2100;2100;
2026-07-07 16:44:45;2886243;RUNNING;3;4;1,309;1,307;1,321;1,300;1,305;1,301;1,305;1,319;1,311;1,308;5,000;5,000;5,000;5,000;4,999;5,001;5,000;5,001;5,000;5,001;24,56;23,81;24,69;25,50;24,69;25,06;2100;2100;
2026-07-07 16:44:46;2887243;RUNNING;3;4;1,309;1,308;1,320;1,300;1,305;1,301;1,305;1,319;1,312;1,309;4,998;5,002;5,000;5,000;5,000;4,999;5,000;4,999;5,002;5,001;24,50;23,81;24,69;25,50;24,62;25,12;2100;2100;
2026-07-07 16:44:47;2888243;RUNNING;3;4;1,309;1,307;1,320;1,300;1,305;1,301;1,306;1,319;1,311;1,309;4,998;5,000;5,000;5,000;5,000;4,999;5,000;4,999;5,002;5,001;24,50;23,81;24,69;25,50;24,62;25,06;1800;2100;
2026-07-07 16:44:48;2889243;RUNNING;3;4;1,309;1,307;1,321;1,300;1,306;1,301;1,305;1,319;1,312;1,310;4,998;5,000;5,000;5,000;4,999;5,001;5,002;4,999;5,002;5,001;24,50;23,81;24,69;25,50;24,62;25,12;2100;2100;
2026-07-07 16:44:49;2890243;RUNNING;3;4;1,309;1,307;1,322;1,300;1,305;1,301;1,305;1,319;1,312;1,309;4,998;5,000;5,000;5,000;4,999;4,999;5,002;4,999;5,000;5,001;24,50;23,81;24,69;25,50;24,62;25,12;2100;2400;
2026-07-07 16:44:50;2891243;RUNNING;3;4;1,309;1,307;1,322;1,300;1,305;1,301;1,305;1,319;1,312;1,310;4,998;5,002;5,000;5,000;4,999;4,999;5,002;4,999;5,002;5,001;24,50;23,81;24,69;25,56;24,62;25,12;2100;2100;
2026-07-07 16:44:51;2892243;RUNNING;3;4;1,309;1,307;1,321;1,300;1,305;1,301;1,305;1,319;1,312;1,310;4,998;5,000;5,000;5,000;4,999;5,001;5,002;4,999;5,002;5,001;24,50;23,81;24,69;25,56;24,62;25,12;2100;2100;
2026-07-07 16:44:52;2893243;RUNNING;3;4;1,309;1,307;1,321;1,301;1,306;1,301;1,305;1,319;1,311;1,308;4,998;5,000;5,000;5,000;5,000;4,999;5,000;4,999;5,002;5,001;24,50;23,81;24,69;25,56;24,69;25,12;2100;2100;
2026-07-07 16:44:53;2894243;RUNNING;3;4;1,309;1,307;1,322;1,300;1,306;1,301;1,305;1,319;1,311;1,309;4,998;5,000;5,002;5,000;5,000;5,001;5,002;4,999;5,002;5,001;24,50;23,81;24,69;25,56;24,62;25,12;2400;2100;
2026-07-07 16:44:54;2895243;RUNNING;3;4;1,309;1,307;1,321;1,301;1,306;1,301;1,305;1,319;1,312;1,309;4,998;5,002;5,000;5,002;4,999;4,999;5,002;4,999;5,002;5,003;24,56;23,81;24,69;25,56;24,69;25,12;2100;1800;
2026-07-07 16:44:55;2896243;RUNNING;3;4;1,309;1,307;1,320;1,300;1,306;1,301;1,305;1,320;1,311;1,308;4,998;5,002;5,000;5,000;4,999;4,999;5,000;5,002;5,000;5,001;24,50;23,81;24,69;25,56;24,69;25,12;2100;2100;
2026-07-07 16:44:56;2897243;RUNNING;3;4;1,309;1,307;1,321;1,300;1,305;1,301;1,306;1,320;1,311;1,310;4,998;5,000;5,002;5,000;5,000;4,999;5,002;5,002;5,002;5,001;24,50;23,81;24,69;25,56;24,69;25,12;2100;2100;
2026-07-07 16:44:57;2898243;RUNNING;3;4;1,309;1,307;1,321;1,300;1,305;1,301;1,305;1,320;1,312;1,310;4,998;5,000;5,000;5,000;5,000;4,999;5,000;5,001;5,002;5,001;24,56;23,81;24,69;25,56;24,69;25,12;2100;2100;
2026-07-07 16:44:58;2899243;RUNNING;3;4;1,309;1,307;1,322;1,301;1,305;1,301;1,306;1,320;1,311;1,309;5,000;5,000;5,000;5,000;5,000;5,001;5,002;5,001;5,002;5,001;24,50;23,81;24,69;25,56;24,69;25,12;2100;2100;
2026-07-07 16:44:59;2900243;RUNNING;3;4;1,309;1,307;1,321;1,300;1,305;1,301;1,305;1,320;1,312;1,310;4,998;5,000;5,000;5,000;4,999;4,999;5,000;5,002;5,000;5,003;24,50;23,81;24,69;25,56;24,69;25,12;2100;2100;
2026-07-07 16:45:00;2901243;RUNNING;3;4;1,309;1,307;1,321;1,300;1,305;1,301;1,305;1,320;1,311;1,308;4,998;5,000;5,000;4,998;5,000;5,001;5,000;5,001;5,002;5,001;24,50;23,81;24,69;25,56;24,69;25,12;2100;2100;
2026-07-07 16:45:01;2902243;RUNNING;3;4;1,309;1,306;1,321;1,300;1,305;1,301;1,306;1,320;1,312;1,309;4,998;5,000;5,000;5,000;5,000;4,999;5,002;5,001;5,002;5,001;24,50;23,81;24,69;25,56;24,69;25,12;2100;1800;
2026-07-07 16:45:02;2903243;RUNNING;3;4;1,309;1,306;1,322;1,300;1,305;1,301;1,305;1,320;1,312;1,310;4,998;5,002;5,002;5,000;5,000;4,999;5,002;5,001;5,002;5,001;24,56;23,81;24,69;25,56;24,69;25,12;2100;2100;
2026-07-07 16:45:03;2904243;RUNNING;3;4;1,310;1,307;1,321;1,300;1,305;1,301;1,306;1,320;1,312;1,310;4,998;5,000;5,000;5,000;5,000;5,001;5,002;5,001;5,002;5,001;24,50;23,81;24,69;25,56;24,69;25,12;1800;2100;
2026-07-07 16:45:04;2905243;RUNNING;3;4;1,309;1,307;1,322;1,300;1,305;1,301;1,306;1,320;1,312;1,309;4,998;5,000;5,000;5,000;4,999;5,001;5,002;5,002;5,000;5,001;24,50;23,81;24,69;25,56;24,69;25,12;2100;2400;
2026-07-07 16:45:05;2906243;RUNNING;3;4;1,309;1,307;1,321;1,300;1,306;1,301;1,305;1,320;1,311;1,309;4,998;5,002;5,002;5,000;5,000;4,999;5,000;5,002;5,002;5,001;24,56;23,81;24,69;25,56;24,69;25,12;2100;2100;
2026-07-07 16:45:06;2907243;RUNNING;3;4;1,309;1,307;1,322;1,300;1,305;1,301;1,306;1,320;1,312;1,309;4,998;5,000;5,002;5,000;4,999;5,001;5,000;5,002;5,002;5,001;24,56;23,81;24,69;25,56;24,69;25,12;2100;2100;
2026-07-07 16:45:07;2908243;RUNNING;3;4;1,309;1,308;1,321;1,300;1,306;1,301;1,306;1,320;1,312;1,310;4,998;5,000;5,000;4,998;4,999;5,001;5,002;5,001;5,000;5,001;24,50;23,81;24,69;25,56;24,69;25,12;2100;2100;
2026-07-07 16:45:08;2909243;RUNNING;3;4;1,309;1,307;1,321;1,300;1,305;1,301;1,306;1,320;1,311;1,310;5,000;5,002;5,000;5,000;4,999;4,999;5,002;5,001;5,002;5,001;24,56;23,81;24,69;25,56;24,69;25,12;2100;1800;
2026-07-07 16:45:09;2910243;RUNNING;3;4;1,309;1,307;1,322;1,300;1,306;1,301;1,306;1,320;1,312;1,310;4,998;5,002;5,002;5,000;5,000;4,999;5,000;5,001;5,002;5,001;24,50;23,81;24,69;25,56;24,69;25,12;2100;2100;
2026-07-07 16:45:10;2911243;RUNNING;3;4;1,309;1,307;1,321;1,300;1,305;1,301;1,306;1,320;1,311;1,309;4,997;5,000;5,000;5,000;5,000;4,999;5,000;5,001;5,000;5,001;24,50;23,81;24,69;25,62;24,69;25,12;2100;2100;
2026-07-07 16:45:11;2912243;RUNNING;3;4;1,309;1,307;1,322;1,300;1,305;1,301;1,306;1,320;1,312;1,309;4,998;5,000;5,000;5,000;5,000;4,999;5,002;5,001;5,002;5,001;24,56;23,81;24,69;25,56;24,75;25,19;2100;2100;
2026-07-07 16:45:12;2913243;RUNNING;3;4;1,309;1,307;1,321;1,300;1,306;1,301;1,305;1,320;1,312;1,309;4,998;5,002;5,002;5,000;4,999;4,997;5,000;5,001;5,002;5,001;24,56;23,87;24,69;25,56;24,75;25,19;2100;2100;
2026-07-07 16:45:13;2914243;RUNNING;3;4;1,310;1,307;1,321;1,301;1,305;1,301;1,306;1,320;1,312;1,310;4,998;5,000;5,000;5,000;5,000;4,997;5,002;5,001;5,000;5,001;24,50;23,81;24,69;25,56;24,75;25,12;2100;2100;
2026-07-07 16:45:14;2915243;RUNNING;3;4;1,309;1,307;1,322;1,301;1,306;1,301;1,306;1,320;1,312;1,310;5,000;5,002;5,002;5,002;5,000;5,001;5,002;5,001;5,000;5,001;24,56;23,81;24,69;25,56;24,75;25,19;2100;2100;
2026-07-07 16:45:15;2916243;RUNNING;3;4;1,309;1,307;1,322;1,300;1,305;1,301;1,305;1,319;1,311;1,310;4,998;5,000;5,000;5,000;4,999;5,001;5,002;5,001;5,002;5,001;24,56;23,81;24,69;25,62;24,75;25,19;2100;1800;
2026-07-07 16:45:16;2917243;RUNNING;3;4;1,309;1,307;1,322;1,300;1,305;1,301;1,306;1,320;1,311;1,310;4,998;5,000;5,000;5,002;4,999;5,001;5,002;5,001;5,002;5,001;24,56;23,87;24,69;25,56;24,75;25,19;1800;2100;
2026-07-07 16:45:17;2918243;RUNNING;3;4;1,309;1,307;1,321;1,300;1,305;1,301;1,305;1,319;1,312;1,309;4,998;5,000;5,002;4,998;5,000;4,999;5,000;5,001;5,000;5,001;24,56;23,81;24,69;25,62;24,75;25,12;2100;2100;
2026-07-07 16:45:18;2919243;RUNNING;3;4;1,309;1,307;1,321;1,301;1,305;1,301;1,306;1,320;1,311;1,309;4,998;5,000;5,000;5,000;5,000;5,001;5,003;5,001;5,002;5,001;24,56;23,87;24,69;25,62;24,75;25,19;2400;2100;
2026-07-07 16:45:19;2920243;RUNNING;3;4;1,309;1,307;1,322;1,300;1,305;1,301;1,305;1,320;1,312;1,309;4,998;5,000;5,002;5,002;4,999;5,001;5,002;5,001;5,000;4,999;24,56;23,87;24,75;25,62;24,75;25,19;2100;2100;
2026-07-07 16:45:20;2921243;RUNNING;3;4;1,309;1,307;1,322;1,301;1,305;1,301;1,306;1,320;1,312;1,310;4,998;5,000;5,002;5,000;4,999;4,999;5,002;5,001;5,002;5,001;24,56;23,87;24,75;25,62;24,75;25,19;2100;2100;
2026-07-07 16:45:21;2922243;RUNNING;3;4;1,309;1,307;1,321;1,300;1,305;1,301;1,305;1,320;1,311;1,310;4,998;5,000;5,000;5,000;4,999;4,999;5,002;5,002;5,000;5,001;24,56;23,87;24,75;25,62;24,75;25,19;2100;2100;
2026-07-07 16:45:22;2923243;RUNNING;3;4;1,309;1,307;1,321;1,300;1,306;1,301;1,305;1,319;1,312;1,309;4,998;5,000;5,000;5,000;4,999;4,999;5,000;5,001;5,000;5,001;24,56;23,87;24,75;25,62;24,75;25,19;2100;1800;
2026-07-07 16:45:23;2924243;RUNNING;3;4;1,309;1,307;1,321;1,300;1,306;1,301;1,306;1,320;1,312;1,309;4,998;5,000;5,000;5,000;4,999;5,001;5,002;5,001;5,002;5,001;24,56;23,87;24,75;25,62;24,75;25,19;2100;2100;
2026-07-07 16:45:24;2925243;RUNNING;3;4;1,309;1,307;1,321;1,301;1,305;1,301;1,306;1,320;1,311;1,310;4,998;5,002;5,000;5,000;5,000;4,999;5,000;5,001;5,000;5,001;24,56;23,87;24,75;25,62;24,75;25,19;2100;2100;
2026-07-07 16:45:25;2926243;RUNNING;3;4;1,309;1,307;1,321;1,300;1,306;1,301;1,306;1,320;1,312;1,309;4,998;5,000;5,002;4,998;4,999;4,999;5,000;5,001;5,000;5,001;24,56;23,87;24,75;25,69;24,75;25,25;2100;2100;
2026-07-07 16:45:26;2927243;RUNNING;3;4;1,309;1,307;1,320;1,300;1,305;1,301;1,305;1,320;1,312;1,310;4,998;5,000;5,002;5,000;4,999;5,001;5,002;5,001;5,002;5,001;24,56;23,87;24,75;25,62;24,81;25,19;2100;2100;
2026-07-07 16:45:27;2928243;RUNNING;3;4;1,309;1,307;1,321;1,300;1,305;1,301;1,306;1,320;1,312;1,309;4,998;4,998;5,002;5,000;4,999;4,999;5,002;5,001;5,002;5,001;24,56;23,87;24,75;25,62;24,81;25,19;2100;2100;
2026-07-07 16:45:28;2929243;RUNNING;3;4;1,309;1,307;1,321;1,300;1,305;1,301;1,306;1,320;1,311;1,309;4,998;5,000;5,000;5,000;4,999;4,999;5,002;5,001;5,002;5,001;24,56;23,87;24,75;25,62;24,81;25,25;2100;2100;
2026-07-07 16:45:29;2930243;RUNNING;3;4;1,310;1,307;1,321;1,301;1,305;1,301;1,306;1,320;1,312;1,308;4,998;5,000;5,000;5,000;5,000;5,001;5,000;5,001;5,002;5,001;24,56;23,87;24,75;25,69;24,81;25,25;2100;2100;
2026-07-07 16:45:30;2931243;RUNNING;3;4;1,310;1,307;1,322;1,300;1,306;1,301;1,305;1,320;1,311;1,310;5,000;5,000;5,002;5,000;4,999;4,999;5,000;5,001;5,002;5,001;24,56;23,94;24,75;25,62;24,81;25,25;2100;2100;
2026-07-07 16:45:31;2932243;RUNNING;3;4;1,309;1,307;1,321;1,301;1,305;1,301;1,305;1,320;1,311;1,310;4,998;5,000;5,000;5,000;4,999;4,999;5,002;5,002;5,002;4,999;24,56;23,94;24,75;25,62;24,81;25,25;2100;2100;
2026-07-07 16:45:32;2933243;RUNNING;3;4;1,309;1,307;1,321;1,300;1,305;1,301;1,305;1,320;1,312;1,309;4,998;5,002;5,000;5,000;5,000;4,999;5,000;5,001;5,002;5,001;24,56;23,87;24,75;25,62;24,87;25,25;2100;2100;
2026-07-07 16:45:33;2934243;RUNNING;3;4;1,309;1,307;1,321;1,300;1,305;1,301;1,305;1,320;1,312;1,309;4,998;5,000;5,000;5,000;4,999;4,999;5,002;5,001;5,002;5,001;24,56;23,87;24,75;25,62;24,81;25,25;2100;2100;
2026-07-07 16:45:34;2935243;RUNNING;3;4;1,309;1,308;1,320;1,301;1,305;1,301;1,306;1,320;1,312;1,308;4,998;5,002;5,002;5,000;4,999;4,999;5,000;5,001;5,000;5,001;24,56;23,94;24,75;25,62;24,81;25,25;2100;2100;
2026-07-07 16:45:35;2936243;RUNNING;3;4;1,309;1,307;1,321;1,300;1,305;1,301;1,306;1,320;1,312;1,309;4,998;5,000;5,002;5,002;4,999;4,999;5,002;5,001;5,002;5,001;24,56;23,94;24,75;25,62;24,87;25,25;2100;2100;
2026-07-07 16:45:36;2937243;RUNNING;3;4;1,310;1,307;1,322;1,301;1,305;1,301;1,305;1,320;1,311;1,310;4,998;5,000;5,002;5,000;5,000;4,999;5,002;5,001;5,002;4,999;24,56;23,94;24,75;25,62;24,87;25,25;2100;2100;
2026-07-07 16:45:37;2938243;RUNNING;3;4;1,310;1,307;1,321;1,300;1,305;1,301;1,305;1,320;1,312;1,310;5,000;5,000;5,000;5,000;4,999;4,999;5,000;5,001;5,000;5,001;24,56;23,94;24,75;25,62;24,81;25,25;1800;2100;
2026-07-07 16:45:38;2939243;RUNNING;3;4;1,310;1,307;1,321;1,300;1,306;1,302;1,305;1,320;1,312;1,310;5,002;5,000;5,002;5,000;5,000;4,999;5,000;5,001;5,002;5,001;24,56;23,94;24,75;25,69;24,81;25,25;2100;2100;
2026-07-07 16:45:39;2940243;RUNNING;3;4;1,310;1,307;1,322;1,300;1,305;1,301;1,305;1,320;1,312;1,310;5,002;5,000;5,002;5,000;4,999;4,999;5,002;5,001;5,002;5,001;24,56;23,94;24,75;25,69;24,87;25,25;2100;2100;
2026-07-07 16:45:40;2941243;RUNNING;3;4;1,310;1,307;1,322;1,301;1,305;1,301;1,305;1,319;1,311;1,310;5,002;5,000;5,002;5,002;4,999;4,999;5,002;4,997;5,000;5,001;24,56;23,94;24,75;25,69;24,87;25,25;2100;2100;
2026-07-07 16:45:41;2942243;RUNNING;3;4;1,310;1,307;1,321;1,300;1,305;1,301;1,305;1,319;1,311;1,308;5,000;5,000;5,002;5,000;4,999;4,999;5,000;4,997;5,002;5,001;24,56;23,94;24,75;25,69;24,87;25,25;2100;2100;
2026-07-07 16:45:42;2943243;RUNNING;3;4;1,310;1,307;1,321;1,301;1,305;1,301;1,305;1,319;1,312;1,310;5,000;5,000;5,002;5,000;4,999;4,999;5,000;4,999;5,000;4,999;24,56;23,94;24,75;25,69;24,87;25,31;2100;2100;
2026-07-07 16:45:43;2944243;RUNNING;3;4;1,310;1,307;1,321;1,300;1,305;1,301;1,305;1,319;1,312;1,309;5,000;5,000;5,002;5,000;4,999;4,997;5,000;4,999;5,002;5,001;24,56;23,94;24,81;25,69;24,87;25,25;2100;2100;
2026-07-07 16:45:44;2945243;RUNNING;3;4;1,310;1,307;1,321;1,300;1,305;1,301;1,305;1,319;1,311;1,310;5,002;5,000;5,000;5,000;4,999;5,001;5,000;4,999;5,000;5,001;24,56;23,94;24,75;25,69;24,87;25,25;2100;2100;
2026-07-07 16:45:45;2946243;RUNNING;3;4;1,310;1,307;1,321;1,300;1,305;1,301;1,305;1,319;1,312;1,309;5,002;5,000;5,000;5,000;4,999;4,999;5,002;4,999;5,000;5,001;24,62;23,94;24,81;25,69;24,87;25,31;2100;2100;
2026-07-07 16:45:46;2947243;RUNNING;3;4;1,310;1,307;1,321;1,301;1,305;1,301;1,305;1,319;1,311;1,309;5,002;5,000;5,000;5,000;5,000;5,001;5,002;4,999;5,002;5,001;24,56;23,94;24,81;25,69;24,87;25,31;2100;2100;
2026-07-07 16:45:47;2948243;RUNNING;3;4;1,310;1,307;1,321;1,300;1,305;1,301;1,305;1,319;1,312;1,308;5,000;5,000;5,002;5,000;5,000;4,999;5,000;4,999;5,002;5,001;24,56;23,94;24,81;25,69;24,87;25,31;1800;2100;
2026-07-07 16:45:48;2949243;RUNNING;3;4;1,310;1,307;1,321;1,300;1,305;1,301;1,306;1,319;1,312;1,309;5,002;5,000;5,000;5,000;4,999;4,999;5,000;4,999;5,002;5,001;24,56;23,94;24,81;25,69;24,87;25,31;2100;1800;
2026-07-07 16:45:49;2950243;RUNNING;3;4;1,310;1,307;1,321;1,300;1,305;1,301;1,305;1,319;1,311;1,310;5,002;5,000;5,002;5,000;4,999;4,999;5,000;4,999;5,002;5,001;24,56;23,94;24,81;25,69;24,87;25,31;2100;2100;
2026-07-07 16:45:50;2951243;RUNNING;3;4;1,310;1,307;1,322;1,301;1,306;1,301;1,305;1,319;1,312;1,310;5,002;5,000;5,002;5,000;5,000;4,999;5,000;4,999;5,002;5,001;24,56;23,94;24,81;25,69;24,87;25,31;2100;2100;
2026-07-07 16:45:51;2952243;RUNNING;3;4;1,310;1,307;1,323;1,300;1,305;1,301;1,305;1,319;1,312;1,308;5,000;5,000;5,000;5,000;5,000;4,999;4,998;4,999;5,002;5,001;24,56;23,94;24,81;25,69;24,87;25,31;2400;2100;
2026-07-07 16:45:52;2953243;RUNNING;3;4;1,310;1,307;1,322;1,301;1,306;1,301;1,306;1,319;1,311;1,310;5,002;5,000;5,002;5,000;4,999;5,001;5,000;4,999;5,004;5,001;24,56;23,94;24,75;25,69;24,87;25,31;2100;2100;
2026-07-07 16:45:53;2954243;RUNNING;3;4;1,310;1,306;1,322;1,300;1,305;1,301;1,305;1,319;1,312;1,310;5,002;5,000;5,000;5,000;5,000;4,999;5,000;4,997;5,002;5,001;24,62;23,94;24,75;25,69;24,87;25,31;2100;2100;
2026-07-07 16:45:54;2955243;RUNNING;3;4;1,310;1,307;1,321;1,300;1,305;1,301;1,305;1,319;1,312;1,309;5,002;5,000;5,000;5,000;5,000;4,999;5,000;4,997;5,002;5,001;24,62;23,94;24,75;25,69;24,87;25,31;2100;2100;
2026-07-07 16:45:55;2956243;RUNNING;3;4;1,310;1,306;1,321;1,300;1,306;1,301;1,305;1,320;1,312;1,310;5,002;5,000;5,000;5,000;5,000;5,001;5,000;4,999;5,000;5,001;24,56;23,94;24,75;25,69;24,87;25,31;2100;2100;
2026-07-07 16:45:56;2957243;RUNNING;3;4;1,310;1,307;1,321;1,300;1,305;1,301;1,305;1,319;1,312;1,310;5,000;5,000;5,000;5,000;5,000;4,999;5,002;4,999;5,002;5,001;24,56;24,00;24,75;25,69;24,87;25,31;2100;2100;
2026-07-07 16:45:57;2958243;RUNNING;3;4;1,310;1,307;1,321;1,300;1,305;1,301;1,305;1,319;1,311;1,310;5,000;5,002;5,000;5,000;4,999;4,999;5,002;4,999;5,002;5,001;24,56;23,94;24,75;25,69;24,87;25,31;2100;2100;
2026-07-07 16:45:58;2959243;RUNNING;3;4;1,310;1,307;1,322;1,301;1,306;1,301;1,306;1,319;1,312;1,310;5,000;5,000;5,002;5,000;5,000;4,999;5,002;4,999;5,002;5,001;24,62;23,94;24,75;25,69;24,87;25,31;1800;2100;
2026-07-07 16:45:59;2960243;RUNNING;3;4;1,310;1,307;1,321;1,300;1,305;1,301;1,306;1,319;1,312;1,311;5,002;5,002;5,000;5,000;4,999;4,999;5,002;4,999;5,002;5,001;24,62;23,94;24,81;25,69;24,87;25,31;2100;2100;
2026-07-07 16:46:00;2961243;RUNNING;3;4;1,310;1,307;1,322;1,301;1,305;1,301;1,306;1,319;1,312;1,308;5,002;5,000;5,000;5,000;5,000;4,999;5,002;4,999;5,000;5,001;24,62;23,94;24,75;25,69;24,87;25,31;2100;1800;
2026-07-07 16:46:01;2962243;RUNNING;3;4;1,310;1,308;1,321;1,300;1,305;1,301;1,306;1,319;1,312;1,310;5,002;5,000;5,000;5,000;4,999;5,001;5,000;4,999;5,002;4,999;24,62;23,94;24,81;25,69;24,87;25,31;2100;2100;
2026-07-07 16:46:02;2963243;RUNNING;3;4;1,310;1,307;1,321;1,300;1,306;1,301;1,305;1,319;1,311;1,309;5,002;5,000;5,000;5,000;4,999;5,001;5,000;4,999;5,000;5,001;24,56;23,94;24,81;25,75;24,87;25,31;2100;2100;
2026-07-07 16:46:03;2964243;RUNNING;3;4;1,310;1,307;1,322;1,301;1,305;1,301;1,306;1,319;1,312;1,309;5,002;5,000;5,000;5,000;5,000;4,999;5,000;4,997;5,002;5,001;24,62;24,00;24,81;25,69;24,87;25,31;2100;2100;
2026-07-07 16:46:04;2965243;RUNNING;3;4;1,310;1,307;1,321;1,300;1,305;1,301;1,306;1,319;1,312;1,310;5,000;5,000;5,000;5,000;4,999;4,999;5,000;4,999;5,000;5,001;24,62;23,94;24,81;25,69;24,87;25,31;2100;2100;
2026-07-07 16:46:05;2966243;RUNNING;3;4;1,310;1,307;1,322;1,301;1,305;1,301;1,306;1,319;1,311;1,309;5,002;5,000;5,000;5,000;4,999;4,999;5,000;4,999;5,002;5,001;24,62;24,00;24,81;25,75;24,87;25,31;2100;2100;
2026-07-07 16:46:06;2967243;RUNNING;3;4;1,310;1,307;1,322;1,300;1,304;1,301;1,306;1,319;1,312;1,310;5,002;5,000;5,000;5,000;4,999;4,999;5,002;4,999;5,002;5,001;24,62;23,94;24,81;25,75;24,87;25,31;2100;2100;
2026-07-07 16:46:07;2968243;RUNNING;3;4;1,310;1,307;1,322;1,300;1,305;1,301;1,306;1,320;1,311;1,310;5,002;5,000;5,000;5,000;4,999;5,001;5,002;4,999;5,002;5,001;24,56;24,00;24,75;25,75;24,87;25,31;1800;2100;
2026-07-07 16:46:08;2969243;RUNNING;3;4;1,310;1,307;1,321;1,300;1,305;1,301;1,306;1,320;1,311;1,310;5,000;5,002;5,000;5,000;5,000;4,999;5,000;4,997;5,000;5,001;24,62;23,94;24,81;25,75;24,87;25,31;2100;2100;
2026-07-07 16:46:09;2970243;RUNNING;3;4;1,310;1,307;1,322;1,300;1,305;1,301;1,305;1,319;1,312;1,310;5,002;5,000;5,000;5,000;5,000;4,999;5,002;4,999;5,000;5,001;24,62;23,94;24,75;25,69;24,94;25,31;2100;2100;
2026-07-07 16:46:10;2971243;RUNNING;3;4;1,310;1,307;1,322;1,301;1,305;1,301;1,306;1,319;1,312;1,311;5,002;5,000;5,002;5,000;5,000;5,001;5,002;4,999;5,002;5,001;24,62;24,00;24,75;25,69;24,87;25,31;2100;2100;
2026-07-07 16:46:11;2972243;RUNNING;3;4;1,310;1,307;1,321;1,301;1,305;1,301;1,306;1,320;1,312;1,310;5,002;5,000;5,000;5,000;4,999;5,001;5,000;4,999;5,002;5,003;24,56;23,94;24,81;25,69;24,87;25,31;2100;2100;
2026-07-07 16:46:12;2973243;RUNNING;3;4;1,310;1,307;1,321;1,300;1,305;1,301;1,306;1,320;1,312;1,309;5,002;5,000;5,004;5,000;5,000;4,999;5,000;4,999;5,002;5,001;24,62;23,94;24,81;25,69;24,87;25,31;2400;2100;
2026-07-07 16:46:13;2974243;RUNNING;3;4;1,310;1,307;1,321;1,300;1,305;1,301;1,306;1,320;1,312;1,309;5,000;5,002;5,002;5,000;5,000;5,001;5,000;4,999;5,000;5,001;24,62;24,00;24,75;25,69;24,87;25,31;2100;1800;
2026-07-07 16:46:14;2975243;RUNNING;3;4;1,310;1,307;1,322;1,300;1,306;1,301;1,306;1,320;1,312;1,310;5,000;5,000;5,000;5,000;5,000;4,999;5,002;4,999;5,002;5,001;24,62;23,94;24,81;25,69;24,87;25,31;2100;2100;
2026-07-07 16:46:15;2976243;RUNNING;3;4;1,310;1,307;1,322;1,300;1,306;1,301;1,306;1,320;1,312;1,310;5,002;5,000;5,000;4,998;4,999;5,001;5,002;4,999;5,002;5,001;24,62;24,00;24,81;25,75;24,87;25,31;2100;2100;
2026-07-07 16:46:16;2977243;RUNNING;3;4;1,310;1,307;1,322;1,301;1,306;1,301;1,306;1,319;1,312;1,309;5,000;5,000;5,002;5,000;5,000;4,999;5,002;4,999;5,002;5,001;24,62;23,94;24,75;25,75;24,94;25,31;2100;2100;
2026-07-07 16:46:17;2978243;RUNNING;3;4;1,310;1,307;1,322;1,300;1,306;1,301;1,306;1,319;1,312;1,310;5,002;5,000;5,000;5,000;5,000;5,001;5,000;4,997;5,002;5,001;24,56;23,94;24,75;25,69;24,94;25,31;1800;2100;
2026-07-07 16:46:18;2979243;RUNNING;3;4;1,310;1,307;1,322;1,300;1,306;1,301;1,306;1,319;1,312;1,310;5,000;5,002;5,002;5,000;5,000;4,999;5,002;4,999;5,002;5,001;24,62;23,94;24,81;25,75;24,94;25,37;2100;2100;
2026-07-07 16:46:19;2980243;RUNNING;3;4;1,310;1,307;1,322;1,301;1,305;1,301;1,305;1,319;1,312;1,309;5,002;5,000;5,002;5,000;4,999;4,999;5,000;4,997;5,000;5,001;24,62;23,94;24,81;25,69;24,87;25,37;2100;2100;
2026-07-07 16:46:20;2981243;RUNNING;3;4;1,310;1,307;1,322;1,300;1,305;1,301;1,306;1,319;1,312;1,310;5,002;5,000;5,002;5,000;4,999;5,001;5,000;4,999;5,002;5,001;24,62;23,94;24,81;25,75;24,87;25,31;2100;2100;
2026-07-07 16:46:21;2982243;RUNNING;3;4;1,310;1,307;1,322;1,300;1,305;1,301;1,306;1,319;1,312;1,309;5,002;5,000;5,000;5,000;5,000;5,001;5,000;4,999;5,000;5,001;24,62;24,00;24,81;25,69;24,94;25,31;2100;2100;
2026-07-07 16:46:22;2983243;RUNNING;3;4;1,310;1,307;1,321;1,300;1,306;1,301;1,306;1,319;1,312;1,310;5,002;5,000;5,000;5,000;5,000;4,999;5,000;4,997;5,000;5,001;24,62;24,00;24,81;25,75;24,94;25,31;2100;2100;
2026-07-07 16:46:23;2984243;RUNNING;3;4;1,310;1,307;1,322;1,300;1,306;1,301;1,306;1,320;1,312;1,309;5,002;5,000;5,000;5,000;5,000;4,999;5,000;4,999;5,002;5,001;24,62;23,94;24,81;25,75;24,87;25,31;2100;2400;
2026-07-07 16:46:24;2985243;RUNNING;3;4;1,310;1,307;1,320;1,300;1,306;1,301;1,306;1,320;1,312;1,310;5,004;5,000;5,002;5,000;5,000;4,999;5,000;4,999;5,002;5,001;24,62;24,00;24,81;25,75;24,94;25,31;2100;2100;
2026-07-07 16:46:25;2986243;RUNNING;3;4;1,310;1,307;1,322;1,301;1,306;1,301;1,306;1,320;1,312;1,310;5,002;5,000;5,000;5,000;5,000;4,999;5,000;4,999;5,002;5,001;24,62;24,00;24,81;25,75;24,94;25,31;2100;2100;
2026-07-07 16:46:26;2987243;RUNNING;3;4;1,310;1,307;1,321;1,301;1,306;1,301;1,306;1,320;1,312;1,310;5,002;5,000;5,000;5,002;4,999;4,999;5,002;4,999;5,002;5,001;24,62;23,94;24,81;25,75;24,94;25,37;2100;2100;
2026-07-07 16:46:27;2988243;RUNNING;3;4;1,311;1,307;1,321;1,300;1,306;1,302;1,306;1,319;1,312;1,308;5,000;5,000;5,000;5,000;4,999;5,001;5,002;4,999;5,000;5,003;24,62;23,94;24,75;25,75;24,87;25,31;2100;2100;
2026-07-07 16:46:28;2989243;RUNNING;3;4;1,310;1,307;1,322;1,301;1,305;1,301;1,305;1,320;1,312;1,309;5,002;5,002;5,000;5,000;4,999;5,001;5,002;4,999;5,002;5,001;24,62;23,94;24,81;25,75;24,94;25,37;2100;2100;
2026-07-07 16:46:29;2990243;RUNNING;3;4;1,310;1,307;1,322;1,300;1,306;1,301;1,305;1,319;1,311;1,310;5,000;5,000;5,000;5,000;5,000;4,999;5,000;4,999;5,002;5,001;24,62;24,00;24,81;25,75;24,94;25,37;2100;2100;
2026-07-07 16:46:30;2991243;RUNNING;3;4;1,310;1,307;1,322;1,301;1,305;1,301;1,305;1,319;1,312;1,310;5,002;5,000;5,000;5,000;4,999;4,999;5,000;4,999;5,002;5,001;24,62;24,00;24,81;25,75;24,94;25,37;2100;2100;
2026-07-07 16:46:31;2992243;RUNNING;3;4;1,310;1,307;1,321;1,300;1,306;1,302;1,305;1,320;1,312;1,309;5,000;5,002;5,002;5,000;5,000;4,999;5,000;4,999;5,002;5,001;24,62;24,00;24,81;25,75;24,94;25,31;2100;2100;
2026-07-07 16:46:32;2993243;RUNNING;3;4;1,310;1,307;1,322;1,300;1,305;1,301;1,305;1,319;1,311;1,309;5,000;5,000;5,000;5,000;4,999;4,999;5,000;4,999;5,002;5,001;24,62;24,00;24,81;25,75;24,94;25,37;2100;1800;
2026-07-07 16:46:33;2994243;RUNNING;3;4;1,310;1,307;1,322;1,301;1,305;1,302;1,306;1,319;1,312;1,309;5,002;5,002;5,002;5,000;4,999;5,001;5,002;4,999;5,002;5,001;24,62;24,00;24,81;25,75;24,94;25,37;1800;2100;
2026-07-07 16:46:34;2995243;RUNNING;3;4;1,310;1,307;1,322;1,301;1,305;1,301;1,306;1,320;1,312;1,310;5,002;5,002;5,002;5,000;5,000;4,999;5,000;4,997;5,002;5,001;24,62;24,00;24,75;25,75;24,94;25,37;2100;2100;
2026-07-07 16:46:35;2996243;RUNNING;3;4;1,310;1,307;1,322;1,301;1,305;1,301;1,305;1,319;1,312;1,308;5,002;5,000;5,000;5,000;5,000;4,999;5,002;4,999;5,002;5,001;24,62;24,00;24,81;25,75;24,94;25,37;2100;2100;
2026-07-07 16:46:36;2997243;RUNNING;3;4;1,310;1,307;1,322;1,301;1,305;1,301;1,306;1,320;1,312;1,310;5,002;5,000;5,002;5,000;4,999;4,999;5,002;4,999;5,002;5,001;24,62;24,00;24,81;25,75;24,94;25,37;2100;2100;
2026-07-07 16:46:37;2998243;RUNNING;3;4;1,310;1,307;1,321;1,301;1,306;1,302;1,305;1,319;1,312;1,310;5,002;5,000;5,000;5,000;4,999;5,001;5,002;4,999;5,000;5,001;24,62;24,00;24,81;25,75;25,00;25,37;2100;2100;
2026-07-07 16:46:38;2999243;RUNNING;3;4;1,310;1,307;1,322;1,300;1,305;1,301;1,305;1,319;1,312;1,310;5,002;5,000;5,000;5,000;5,000;4,999;5,000;4,999;5,002;5,001;24,62;24,00;24,81;25,75;24,94;25,37;2100;1800;
2026-07-07 16:46:39;3000243;RUNNING;3;4;1,310;1,307;1,321;1,300;1,306;1,302;1,305;1,319;1,312;1,309;5,002;5,000;5,000;5,000;4,999;5,001;5,002;4,999;5,002;5,003;24,62;24,00;24,81;25,75;24,94;25,37;2100;2100;
2026-07-07 16:46:40;3001243;RUNNING;3;4;1,310;1,307;1,321;1,300;1,305;1,301;1,306;1,320;1,311;1,310;5,000;5,002;5,000;5,000;4,999;4,999;5,000;4,999;5,000;5,001;24,62;24,00;24,81;25,75;24,94;25,37;1800;2100;
2026-07-07 16:46:41;3002243;RUNNING;3;4;1,310;1,307;1,322;1,300;1,305;1,301;1,306;1,320;1,311;1,308;5,000;5,004;5,002;5,000;5,000;4,999;5,000;4,999;5,000;5,001;24,62;24,00;24,81;25,75;25,00;25,37;2100;2100;
2026-07-07 16:46:42;3003243;RUNNING;3;4;1,310;1,307;1,322;1,300;1,306;1,302;1,306;1,320;1,312;1,309;5,002;5,002;5,002;5,000;5,000;5,001;5,000;4,999;5,000;5,001;24,62;24,00;24,81;25,75;25,00;25,37;2100;2100;
2026-07-07 16:46:43;3004243;RUNNING;3;4;1,310;1,307;1,321;1,300;1,306;1,301;1,305;1,320;1,312;1,309;5,002;5,000;5,000;5,000;5,000;4,999;5,000;4,999;5,002;5,001;24,62;24,06;24,81;25,75;25,00;25,37;2100;2100;
2026-07-07 16:46:44;3005243;RUNNING;3;4;1,310;1,307;1,321;1,301;1,305;1,301;1,306;1,319;1,312;1,310;5,000;5,000;5,000;5,000;4,999;4,999;5,002;4,999;5,002;5,001;24,62;24,06;24,87;25,75;25,00;25,37;2100;1800;
2026-07-07 16:46:45;3006243;RUNNING;3;4;1,310;1,307;1,321;1,301;1,305;1,301;1,306;1,319;1,312;1,309;5,002;5,000;5,000;5,000;4,999;4,999;5,002;4,999;5,002;5,001;24,62;24,00;24,87;25,75;25,00;25,37;2100;2100;
2026-07-07 16:46:46;3007243;RUNNING;3;4;1,310;1,307;1,322;1,300;1,306;1,301;1,306;1,319;1,312;1,309;5,002;5,000;5,000;5,000;4,999;4,999;5,000;4,999;5,002;5,001;24,62;24,06;24,81;25,75;25,00;25,44;2100;2100;
2026-07-07 16:46:47;3008243;RUNNING;3;4;1,310;1,307;1,321;1,300;1,306;1,301;1,306;1,319;1,312;1,308;5,002;5,000;5,002;4,998;4,999;5,001;5,000;4,999;5,002;5,001;24,62;24,06;24,87;25,75;25,00;25,44;1800;2100;
2026-07-07 16:46:48;3009243;RUNNING;3;4;1,310;1,307;1,321;1,301;1,306;1,301;1,305;1,319;1,312;1,309;5,002;5,000;5,000;5,000;4,999;4,999;5,000;4,999;5,000;5,001;24,62;24,06;24,87;25,81;25,00;25,44;2100;2100;
2026-07-07 16:46:49;3010243;RUNNING;3;4;1,310;1,307;1,321;1,300;1,306;1,302;1,305;1,319;1,311;1,309;5,002;5,002;5,000;5,000;5,000;4,999;5,002;4,999;5,000;5,001;24,62;24,06;24,87;25,81;25,00;25,44;2100;2100;
2026-07-07 16:46:50;3011243;RUNNING;3;4;1,310;1,307;1,320;1,301;1,305;1,301;1,306;1,319;1,312;1,308;5,000;5,000;5,002;5,000;5,000;4,999;5,000;4,999;5,002;5,001;24,62;24,06;24,87;25,81;25,00;25,44;2100;1800;
2026-07-07 16:46:51;3012243;RUNNING;3;4;1,310;1,307;1,321;1,301;1,306;1,302;1,306;1,320;1,312;1,310;5,002;5,000;5,000;5,000;4,999;5,001;5,000;4,999;5,000;5,001;24,62;24,06;24,87;25,81;25,00;25,44;2100;2100;
2026-07-07 16:46:52;3013243;RUNNING;3;4;1,310;1,308;1,322;1,301;1,306;1,301;1,306;1,319;1,312;1,308;5,002;5,000;5,000;5,000;5,000;4,999;5,000;4,999;5,002;4,999;24,62;24,06;24,87;25,81;25,00;25,44;2400;2100;
2026-07-07 16:46:53;3014243;RUNNING;3;4;1,310;1,307;1,322;1,300;1,305;1,302;1,305;1,319;1,312;1,310;5,002;5,000;5,000;4,998;5,000;4,999;5,000;4,999;5,000;5,001;24,62;24,06;24,87;25,81;25,00;25,44;2100;2100;
2026-07-07 16:46:54;3015243;RUNNING;3;4;1,310;1,307;1,322;1,301;1,305;1,301;1,306;1,319;1,312;1,308;5,000;5,000;5,000;5,000;5,000;5,001;5,000;4,999;5,002;5,001;24,62;24,06;24,87;25,81;25,06;25,44;2100;2400;
2026-07-07 16:46:55;3016243;RUNNING;3;4;1,310;1,307;1,322;1,300;1,306;1,301;1,306;1,320;1,312;1,309;5,002;5,000;5,000;5,000;4,999;5,001;5,000;4,999;5,000;4,999;24,62;24,06;24,87;25,81;25,00;25,44;1800;2100;
2026-07-07 16:46:56;3017243;RUNNING;3;4;1,310;1,307;1,322;1,301;1,305;1,301;1,305;1,319;1,312;1,308;5,002;5,002;5,000;5,000;5,000;4,999;5,002;4,999;5,000;4,999;24,62;24,06;24,87;25,81;25,06;25,44;2400;1800;
2026-07-07 16:46:57;3018243;RUNNING;3;4;1,310;1,307;1,321;1,300;1,306;1,301;1,306;1,319;1,312;1,309;5,002;4,998;5,000;5,000;4,999;4,999;5,002;4,997;5,002;5,003;24,62;24,06;24,87;25,81;25,06;25,44;2100;2100;
2026-07-07 16:46:58;3019243;RUNNING;3;4;1,310;1,307;1,322;1,301;1,305;1,302;1,305;1,320;1,312;1,310;5,002;5,000;5,000;4,998;4,999;4,999;5,002;4,997;5,000;4,999;24,62;24,06;24,87;25,81;25,06;25,44;2100;2100;
2026-07-07 16:46:59;3020243;RUNNING;3;4;1,310;1,307;1,322;1,300;1,306;1,301;1,306;1,320;1,312;1,310;5,000;5,002;5,000;5,000;5,000;5,001;5,002;4,997;5,002;5,001;24,69;24,06;24,87;25,81;25,06;25,44;2100;2100;
2026-07-07 16:47:00;3021243;RUNNING;3;4;1,310;1,307;1,322;1,300;1,306;1,302;1,306;1,319;1,312;1,310;5,002;5,000;5,000;5,000;4,999;4,999;5,000;4,999;5,002;5,003;24,69;24,06;24,94;25,81;25,06;25,50;2100;2100;
2026-07-07 16:47:01;3022243;RUNNING;3;4;1,310;1,307;1,321;1,300;1,306;1,301;1,305;1,319;1,312;1,310;5,004;5,000;5,000;5,000;4,999;5,001;5,000;4,999;5,002;5,001;24,69;24,12;24,87;25,81;25,06;25,44;2100;2100;
2026-07-07 16:47:02;3023243;RUNNING;3;4;1,310;1,307;1,321;1,301;1,306;1,301;1,306;1,320;1,312;1,309;5,000;5,000;5,000;5,000;5,000;4,999;5,002;4,999;5,002;5,001;24,62;24,12;24,94;25,81;25,06;25,44;2100;2100;
2026-07-07 16:47:03;3024243;RUNNING;3;4;1,310;1,307;1,322;1,301;1,306;1,301;1,306;1,320;1,312;1,309;5,002;5,000;5,000;5,000;5,000;5,001;5,002;4,999;5,002;5,001;24,69;24,12;24,94;25,81;25,06;25,50;1800;2100;
2026-07-07 16:47:04;3025243;RUNNING;3;4;1,310;1,308;1,322;1,300;1,305;1,301;1,306;1,319;1,312;1,310;5,002;5,002;5,000;5,000;4,999;5,001;5,000;4,999;5,002;5,003;24,69;24,06;24,87;25,87;25,06;25,44;2100;2100;
2026-07-07 16:47:05;3026243;RUNNING;3;4;1,310;1,307;1,321;1,300;1,305;1,301;1,306;1,319;1,312;1,310;5,002;5,000;5,000;5,000;4,999;5,001;5,000;4,999;5,000;5,001;24,69;24,06;24,94;25,87;25,06;25,50;2100;2100;
2026-07-07 16:47:06;3027243;RUNNING;3;4;1,310;1,307;1,321;1,301;1,306;1,301;1,305;1,320;1,312;1,310;5,004;5,000;5,000;5,000;4,999;4,999;5,002;4,999;5,002;5,001;24,69;24,06;24,87;25,81;25,06;25,44;2100;2100;
2026-07-07 16:47:07;3028243;RUNNING;3;4;1,310;1,308;1,322;1,300;1,306;1,302;1,306;1,319;1,312;1,310;5,002;5,000;5,000;5,000;5,000;4,999;5,002;4,999;5,000;5,001;24,69;24,06;24,94;25,87;25,06;25,50;2100;2100;
2026-07-07 16:47:08;3029243;RUNNING;3;4;1,310;1,307;1,322;1,300;1,306;1,301;1,306;1,319;1,312;1,309;5,002;5,000;5,002;5,000;4,999;5,001;5,002;4,999;5,000;5,001;24,69;24,06;24,94;25,87;25,06;25,44;2100;2100;
2026-07-07 16:47:09;3030243;RUNNING;3;4;1,310;1,307;1,321;1,301;1,305;1,301;1,306;1,320;1,312;1,310;5,002;5,000;5,000;5,000;4,999;4,999;5,002;4,999;5,002;5,003;24,69;24,06;24,94;25,87;25,06;25,44;2100;2100;
2026-07-07 16:47:10;3031243;RUNNING;3;4;1,310;1,307;1,322;1,301;1,305;1,301;1,306;1,319;1,312;1,309;5,002;5,000;5,000;5,000;5,000;4,999;5,000;4,997;5,002;5,001;24,69;24,06;24,94;25,87;25,00;25,50;2100;2100;
2026-07-07 16:47:11;3032243;RUNNING;3;4;1,310;1,307;1,321;1,300;1,306;1,301;1,306;1,319;1,312;1,310;5,002;5,000;5,000;5,000;4,999;4,999;5,000;4,999;5,002;4,999;24,62;24,06;24,87;25,87;25,00;25,44;2100;2100;
2026-07-07 16:47:12;3033243;RUNNING;3;4;1,310;1,307;1,321;1,301;1,306;1,302;1,305;1,319;1,312;1,310;5,000;5,000;5,002;5,000;5,000;4,999;5,000;4,999;5,002;5,001;24,69;24,06;24,94;25,87;25,00;25,44;2100;1800;
2026-07-07 16:47:13;3034243;RUNNING;3;4;1,310;1,307;1,321;1,301;1,306;1,301;1,306;1,320;1,311;1,310;5,000;5,000;5,000;5,000;4,999;5,001;5,000;5,001;5,002;5,001;24,69;24,06;24,94;25,87;25,06;25,44;1800;2100;
2026-07-07 16:47:14;3035243;RUNNING;3;4;1,310;1,307;1,321;1,301;1,306;1,301;1,306;1,320;1,312;1,310;5,002;5,000;5,000;5,000;5,000;4,999;5,000;4,999;5,000;5,001;24,69;24,06;24,87;25,81;25,00;25,50;2100;2100;
2026-07-07 16:47:15;3036243;RUNNING;3;4;1,310;1,307;1,322;1,300;1,306;1,301;1,306;1,319;1,312;1,309;5,002;5,000;5,000;5,000;5,000;4,999;5,002;4,999;5,000;5,001;24,69;24,06;24,87;25,87;25,00;25,44;2100;2100;
2026-07-07 16:47:16;3037243;RUNNING;3;4;1,310;1,307;1,321;1,301;1,306;1,301;1,306;1,320;1,312;1,310;5,002;5,000;5,000;5,000;4,999;4,999;5,000;4,999;5,002;5,001;24,69;24,06;24,87;25,87;25,00;25,44;2100;2100;
2026-07-07 16:47:17;3038243;RUNNING;3;4;1,310;1,307;1,321;1,300;1,305;1,301;1,306;1,319;1,312;1,310;5,002;5,000;5,000;5,000;4,999;5,001;5,000;4,997;5,002;5,001;24,69;24,06;24,87;25,87;25,06;25,44;2100;2100;
2026-07-07 16:47:18;3039243;RUNNING;3;4;1,310;1,307;1,321;1,301;1,305;1,301;1,306;1,319;1,312;1,310;5,002;5,000;5,000;5,000;4,999;5,001;5,002;4,997;5,002;5,001;24,69;24,06;24,87;25,81;25,06;25,44;2100;2100;
2026-07-07 16:47:19;3040243;RUNNING;3;4;1,310;1,307;1,322;1,301;1,306;1,301;1,306;1,319;1,312;1,310;5,000;5,000;5,000;5,000;4,999;4,999;5,000;4,999;5,000;5,001;24,69;24,06;24,87;25,87;25,06;25,44;2100;2100;
2026-07-07 16:47:20;3041243;RUNNING;3;4;1,310;1,307;1,322;1,300;1,306;1,301;1,306;1,319;1,311;1,309;5,000;5,000;5,002;5,000;4,999;4,999;5,000;4,999;5,000;5,001;24,69;24,06;24,94;25,81;25,00;25,50;2100;2100;
2026-07-07 16:47:21;3042243;RUNNING;3;4;1,310;1,307;1,321;1,300;1,306;1,301;1,306;1,319;1,312;1,310;5,002;5,000;5,002;5,000;4,999;4,999;5,000;4,999;5,000;5,001;24,69;24,06;24,94;25,87;25,06;25,50;1800;2100;
2026-07-07 16:47:22;3043243;RUNNING;3;4;1,310;1,307;1,322;1,300;1,306;1,301;1,307;1,319;1,312;1,310;5,002;5,000;5,000;5,000;4,999;4,999;5,002;4,999;5,002;5,001;24,69;24,06;24,94;25,87;25,06;25,50;2100;2100;
2026-07-07 16:47:23;3044243;RUNNING;3;4;1,310;1,307;1,322;1,300;1,306;1,301;1,305;1,319;1,312;1,309;5,000;5,002;5,000;5,000;5,000;4,999;5,000;4,999;5,002;5,001;24,69;24,06;24,87;25,87;25,06;25,50;2100;2100;
2026-07-07 16:47:24;3045243;RUNNING;3;4;1,310;1,307;1,321;1,301;1,305;1,302;1,306;1,319;1,312;1,309;5,002;4,998;5,000;5,000;4,999;5,001;5,000;4,999;5,000;5,003;24,69;24,06;24,87;25,87;25,06;25,50;2100;2100;
2026-07-07 16:47:25;3046243;RUNNING;3;4;1,310;1,307;1,322;1,300;1,306;1,301;1,305;1,320;1,311;1,310;5,002;5,000;5,000;5,000;5,000;4,999;5,000;4,999;5,000;5,003;24,69;24,06;24,94;25,87;25,06;25,50;2100;2100;
2026-07-07 16:47:26;3047243;RUNNING;3;4;1,310;1,307;1,321;1,301;1,305;1,301;1,306;1,320;1,312;1,310;5,002;5,000;5,000;5,000;4,999;5,001;5,002;5,002;5,002;5,001;24,69;24,06;24,94;25,87;25,06;25,50;2100;2100;
2026-07-07 16:47:27;3048243;RUNNING;3;4;1,310;1,307;1,322;1,300;1,306;1,301;1,306;1,321;1,312;1,310;5,000;5,000;5,000;5,000;5,000;4,999;5,003;5,001;5,000;5,001;24,69;24,12;24,94;25,87;25,06;25,50;2100;2100;
2026-07-07 16:47:28;3049243;RUNNING;3;4;1,310;1,307;1,322;1,301;1,306;1,301;1,306;1,320;1,312;1,310;5,002;5,000;5,000;5,000;5,000;5,001;5,000;5,001;5,000;5,001;24,69;24,12;24,94;25,87;25,06;25,50;1800;2100;
2026-07-07 16:47:29;3050243;RUNNING;3;4;1,310;1,308;1,321;1,301;1,306;1,302;1,306;1,320;1,312;1,310;5,002;5,000;5,002;5,000;4,999;5,001;5,000;5,001;5,000;5,001;24,69;24,06;24,94;25,87;25,06;25,50;2100;2100;
2026-07-07 16:47:30;3051243;RUNNING;3;4;1,310;1,307;1,322;1,301;1,305;1,302;1,306;1,320;1,312;1,311;5,000;5,000;5,002;5,000;4,999;5,001;5,002;5,001;5,000;5,001;24,69;24,06;24,94;25,87;25,06;25,50;2100;2100;
2026-07-07 16:47:31;3052243;RUNNING;3;4;1,310;1,307;1,322;1,300;1,306;1,302;1,306;1,320;1,312;1,308;5,000;5,000;5,000;5,000;4,999;5,001;5,002;5,002;5,002;5,001;24,69;24,12;24,94;25,87;25,06;25,50;2100;2100;
2026-07-07 16:47:32;3053243;RUNNING;3;4;1,310;1,307;1,322;1,301;1,305;1,301;1,305;1,320;1,312;1,310;5,002;5,000;5,000;5,000;4,999;5,001;5,000;5,001;5,000;5,001;24,69;24,12;24,94;25,87;25,06;25,50;2100;2100;
2026-07-07 16:47:33;3054243;RUNNING;3;4;1,310;1,307;1,322;1,301;1,306;1,301;1,305;1,320;1,312;1,310;5,000;5,000;5,000;5,000;5,000;4,999;5,000;5,001;5,000;5,001;24,69;24,06;24,94;25,87;25,06;25,50;2100;1800;
2026-07-07 16:47:34;3055243;RUNNING;3;4;1,310;1,307;1,322;1,300;1,305;1,302;1,306;1,320;1,312;1,310;5,002;5,000;5,000;5,000;4,999;4,999;5,000;5,001;5,000;5,001;24,69;24,12;24,94;25,87;25,06;25,50;2100;2100;
2026-07-07 16:47:35;3056243;RUNNING;3;4;1,310;1,307;1,321;1,300;1,305;1,301;1,306;1,320;1,312;1,309;5,002;4,998;4,999;5,000;4,999;5,001;5,000;5,001;5,000;4,999;24,69;24,06;24,94;25,87;25,06;25,50;2100;2100;
2026-07-07 16:47:36;3057243;RUNNING;3;4;1,310;1,307;1,321;1,300;1,306;1,301;1,306;1,320;1,312;1,309;5,002;5,000;5,000;5,000;4,999;4,999;5,002;5,001;5,000;5,001;24,69;24,12;24,94;25,87;25,06;25,50;1800;2100;
2026-07-07 16:47:37;3058243;RUNNING;3;4;1,310;1,307;1,321;1,300;1,305;1,301;1,306;1,320;1,312;1,310;5,002;5,000;5,000;5,000;5,000;5,001;5,000;5,001;5,002;4,999;24,69;24,12;24,94;25,87;25,06;25,50;2100;2100;
2026-07-07 16:47:38;3059243;RUNNING;3;4;1,310;1,307;1,321;1,301;1,305;1,301;1,306;1,320;1,312;1,310;5,002;5,000;5,002;5,000;4,999;4,999;5,000;5,001;5,002;4,999;24,69;24,12;24,94;25,87;25,06;25,50;2100;1800;
2026-07-07 16:47:39;3060243;RUNNING;3;4;1,310;1,307;1,321;1,301;1,306;1,301;1,305;1,320;1,312;1,309;5,002;5,000;5,000;5,000;4,999;4,999;5,000;5,001;5,002;5,001;24,69;24,12;24,94;25,87;25,06;25,50;2100;2100;
2026-07-07 16:47:40;3061243;RUNNING;3;4;1,310;1,308;1,322;1,300;1,305;1,301;1,306;1,320;1,311;1,310;5,002;5,000;5,000;5,000;4,999;4,999;5,002;5,001;5,002;5,001;24,69;24,12;24,94;25,94;25,06;25,50;2100;2100;
2026-07-07 16:47:41;3062243;RUNNING;3;4;1,310;1,307;1,322;1,301;1,306;1,301;1,305;1,321;1,312;1,310;5,002;5,000;5,002;5,000;4,999;4,999;5,000;5,001;5,000;5,001;24,69;24,12;24,94;25,87;25,06;25,50;2100;2100;
2026-07-07 16:47:42;3063243;RUNNING;3;4;1,310;1,307;1,322;1,301;1,306;1,301;1,306;1,320;1,311;1,310;5,002;5,000;5,000;5,000;4,999;4,999;5,000;5,001;5,000;5,001;24,75;24,12;24,94;25,87;25,06;25,50;2100;2100;
2026-07-07 16:47:43;3064243;RUNNING;3;4;1,310;1,307;1,322;1,300;1,306;1,301;1,306;1,321;1,312;1,309;5,002;5,000;5,000;5,000;5,000;4,999;5,002;5,002;5,002;5,001;24,69;24,12;24,94;25,87;25,06;25,50;2100;2100;
2026-07-07 16:47:44;3065243;RUNNING;3;4;1,310;1,307;1,320;1,301;1,305;1,301;1,306;1,320;1,312;1,309;5,000;5,000;5,000;5,000;4,999;5,001;5,000;5,001;5,000;5,001;24,69;24,12;24,94;25,87;25,06;25,50;1800;2100;
2026-07-07 16:47:45;3066243;RUNNING;3;4;1,310;1,307;1,322;1,301;1,306;1,301;1,305;1,320;1,312;1,310;5,002;5,000;5,000;5,002;4,999;4,999;5,000;5,001;5,002;5,001;24,69;24,12;24,94;25,87;25,06;25,50;2100;2100;
2026-07-07 16:47:46;3067243;RUNNING;3;4;1,310;1,307;1,322;1,300;1,306;1,302;1,306;1,320;1,312;1,309;5,000;5,000;5,000;5,000;4,999;5,001;5,002;5,001;5,000;5,001;24,69;24,12;24,94;25,87;25,06;25,50;2100;2100;
2026-07-07 16:47:47;3068243;RUNNING;3;4;1,310;1,307;1,322;1,301;1,306;1,302;1,306;1,320;1,312;1,310;5,002;5,000;5,000;5,000;4,999;4,999;5,002;5,001;5,000;5,001;24,69;24,12;24,94;25,87;25,06;25,50;2100;2100;
2026-07-07 16:47:48;3069243;RUNNING;3;4;1,310;1,307;1,322;1,301;1,305;1,302;1,306;1,321;1,312;1,309;5,002;5,000;5,000;5,000;4,999;4,999;5,002;5,002;5,002;5,001;24,75;24,12;24,94;25,87;25,06;25,50;2100;2100;
2026-07-07 16:47:49;3070243;RUNNING;3;4;1,310;1,307;1,321;1,301;1,306;1,302;1,306;1,320;1,312;1,310;5,000;5,000;5,000;5,000;5,000;4,999;5,000;5,001;5,002;5,001;24,69;24,12;24,94;25,94;25,06;25,50;2100;1800;
2026-07-07 16:47:50;3071243;RUNNING;3;4;1,310;1,307;1,321;1,300;1,305;1,302;1,306;1,320;1,312;1,310;5,000;5,000;5,002;5,000;5,000;5,001;5,002;5,001;5,000;5,001;24,69;24,12;24,94;25,94;25,06;25,50;2100;2400;
2026-07-07 16:47:51;3072243;RUNNING;3;4;1,310;1,308;1,321;1,301;1,306;1,301;1,306;1,320;1,312;1,310;5,002;5,000;5,002;5,000;4,999;5,001;5,002;5,001;5,002;4,999;24,75;24,12;24,94;25,94;25,06;25,50;2100;2100;
2026-07-07 16:47:52;3073243;RUNNING;3;4;1,310;1,307;1,322;1,300;1,305;1,301;1,305;1,320;1,312;1,310;5,000;5,000;5,000;5,000;4,999;5,001;5,000;5,001;5,002;5,001;24,69;24,12;24,94;25,87;25,06;25,50;2100;2100;
2026-07-07 16:47:53;3074243;RUNNING;3;4;1,310;1,307;1,322;1,300;1,305;1,301;1,305;1,320;1,312;1,310;5,002;5,000;5,000;5,000;4,999;5,001;5,002;5,001;5,002;5,001;24,75;24,12;24,94;25,94;25,06;25,50;2100;2100;
2026-07-07 16:47:54;3075243;RUNNING;3;4;1,310;1,307;1,321;1,301;1,306;1,302;1,306;1,320;1,312;1,311;5,002;5,000;5,000;5,000;5,000;4,999;5,002;5,001;5,002;5,001;24,75;24,12;24,94;25,94;25,06;25,50;2100;1800;
2026-07-07 16:47:55;3076243;RUNNING;3;4;1,310;1,307;1,321;1,300;1,305;1,301;1,306;1,320;1,312;1,310;5,002;5,000;5,002;5,000;4,999;4,999;5,002;5,001;5,002;5,001;24,75;24,12;25,00;25,87;25,06;25,50;2100;2100;
2026-07-07 16:47:56;3077243;RUNNING;3;4;1,310;1,307;1,322;1,301;1,306;1,301;1,306;1,320;1,312;1,309;5,000;5,000;5,000;5,000;5,000;4,999;5,002;5,001;5,002;5,001;24,75;24,12;24,94;25,94;25,06;25,50;2100;2100;
2026-07-07 16:47:57;3078243;RUNNING;3;4;1,310;1,307;1,322;1,300;1,305;1,301;1,306;1,320;1,312;1,310;5,002;5,000;5,000;5,000;5,000;5,001;5,000;5,001;5,002;5,001;24,69;24,12;24,94;25,94;25,06;25,50;2100;2100;
2026-07-07 16:47:58;3079243;RUNNING;3;4;1,310;1,307;1,321;1,300;1,305;1,302;1,306;1,321;1,312;1,309;5,000;5,000;5,000;5,000;5,000;5,001;5,000;5,001;5,002;5,001;24,75;24,12;24,94;25,94;25,06;25,50;2100;2100;
2026-07-07 16:47:59;3080243;RUNNING;3;4;1,310;1,307;1,321;1,300;1,305;1,302;1,306;1,320;1,312;1,310;5,002;5,000;5,000;5,000;4,999;5,001;5,000;5,001;5,000;5,001;24,69;24,12;24,94;25,94;25,06;25,50;2100;1800;
2026-07-07 16:48:00;3081243;RUNNING;3;4;1,310;1,308;1,322;1,300;1,306;1,302;1,306;1,320;1,312;1,310;5,000;5,000;5,000;5,000;4,999;4,999;5,000;5,001;5,002;5,001;24,75;24,12;24,94;25,94;25,06;25,50;2100;2100;
2026-07-07 16:48:01;3082243;RUNNING;3;4;1,310;1,307;1,321;1,301;1,305;1,302;1,306;1,321;1,312;1,310;5,002;5,000;5,000;5,000;5,000;5,001;5,000;5,001;5,002;5,001;24,75;24,12;24,94;25,94;25,06;25,50;1800;2100;
2026-07-07 16:48:02;3083243;RUNNING;3;4;1,310;1,307;1,321;1,301;1,306;1,302;1,306;1,320;1,312;1,309;5,002;5,000;5,000;5,002;5,000;5,001;5,002;5,001;5,002;5,001;24,69;24,12;24,94;25,94;25,06;25,50;2100;2100;
2026-07-07 16:48:03;3084243;RUNNING;3;4;1,310;1,307;1,321;1,301;1,306;1,301;1,306;1,320;1,312;1,309;5,002;5,000;5,000;5,000;4,999;5,001;5,002;5,001;5,002;5,001;24,75;24,06;25,00;25,94;25,06;25,50;2100;2100;
2026-07-07 16:48:04;3085243;RUNNING;3;4;1,310;1,307;1,322;1,301;1,306;1,301;1,306;1,320;1,312;1,310;5,000;5,000;5,002;5,000;4,999;4,999;5,002;5,002;5,002;5,001;24,75;24,06;25,00;25,94;25,06;25,50;2400;1800;
2026-07-07 16:48:05;3086243;RUNNING;3;4;1,310;1,308;1,321;1,301;1,305;1,301;1,306;1,321;1,312;1,309;5,002;5,000;5,000;5,000;5,000;4,999;5,002;5,001;5,000;5,001;24,75;24,06;24,94;25,94;25,06;25,50;2100;2100;
2026-07-07 16:48:06;3087243;RUNNING;3;4;1,310;1,307;1,321;1,301;1,305;1,302;1,306;1,320;1,312;1,310;5,002;5,000;5,000;5,000;4,999;5,001;5,002;4,999;5,000;5,001;24,75;24,12;25,00;25,94;25,06;25,50;2100;2100;
2026-07-07 16:48:07;3088243;RUNNING;3;4;1,310;1,307;1,321;1,301;1,305;1,301;1,306;1,319;1,312;1,309;5,002;5,002;5,000;5,000;5,000;4,999;5,002;4,999;5,002;5,001;24,75;24,12;25,00;25,94;25,06;25,50;2100;2100;
2026-07-07 16:48:08;3089243;RUNNING;3;4;1,310;1,307;1,322;1,301;1,306;1,302;1,306;1,320;1,312;1,310;5,002;5,002;5,000;5,000;4,999;5,001;5,002;5,001;5,002;5,001;24,75;24,12;25,00;25,94;25,06;25,50;2100;2100;
2026-07-07 16:48:09;3090243;RUNNING;3;4;1,310;1,307;1,322;1,301;1,306;1,302;1,306;1,320;1,312;1,310;5,002;5,000;5,000;5,000;4,999;4,999;5,000;4,999;5,000;5,001;24,75;24,12;25,00;25,94;25,06;25,50;2100;1800;
2026-07-07 16:48:10;3091243;RUNNING;3;4;1,310;1,307;1,322;1,300;1,306;1,301;1,306;1,320;1,312;1,308;5,002;5,000;5,000;5,000;5,000;4,999;5,000;4,999;5,000;5,003;24,75;24,12;25,00;25,94;25,06;25,50;1800;2100;
2026-07-07 16:48:11;3092243;RUNNING;3;4;1,310;1,308;1,322;1,300;1,305;1,301;1,306;1,320;1,312;1,310;5,002;5,000;5,000;5,000;5,000;5,001;5,000;4,997;5,002;5,001;24,75;24,06;24,94;25,94;25,06;25,50;2100;2100;
2026-07-07 16:48:12;3093243;RUNNING;3;4;1,310;1,307;1,322;1,301;1,306;1,301;1,306;1,320;1,312;1,309;5,002;5,000;5,002;5,000;4,999;4,999;5,000;4,999;5,002;5,001;24,75;24,06;24,94;25,94;25,06;25,50;2100;2100;
2026-07-07 16:48:13;3094243;RUNNING;3;4;1,310;1,307;1,322;1,300;1,306;1,301;1,306;1,320;1,312;1,310;5,002;5,000;5,000;5,000;5,000;4,999;5,000;4,999;5,002;5,001;24,75;24,12;25,00;25,94;25,06;25,50;2100;2100;
2026-07-07 16:48:14;3095243;RUNNING;3;4;1,310;1,308;1,322;1,301;1,306;1,301;1,306;1,320;1,312;1,309;5,002;5,000;5,000;5,000;5,000;5,001;5,002;4,999;5,002;5,001;24,75;24,06;25,00;25,94;25,06;25,50;2100;1800;
2026-07-07 16:48:15;3096243;RUNNING;3;4;1,310;1,307;1,322;1,301;1,306;1,301;1,306;1,319;1,312;1,310;5,002;5,000;5,002;5,000;4,999;5,001;5,000;4,999;5,000;5,001;24,75;24,06;24,94;25,94;25,06;25,50;2100;2100;
2026-07-07 16:48:16;3097243;RUNNING;3;4;1,310;1,307;1,321;1,301;1,305;1,301;1,306;1,320;1,312;1,310;5,002;5,002;5,002;5,000;5,000;5,001;5,002;4,997;5,002;5,001;24,75;24,06;25,00;25,94;25,06;25,50;2100;2100;
2026-07-07 16:48:17;3098243;RUNNING;3;4;1,310;1,307;1,321;1,301;1,306;1,301;1,306;1,320;1,312;1,310;5,002;5,000;5,000;5,000;5,000;4,999;5,002;4,999;5,002;5,003;24,69;24,06;24,94;25,94;25,06;25,50;2100;2100;
2026-07-07 16:48:18;3099243;RUNNING;3;4;1,310;1,307;1,321;1,300;1,305;1,302;1,306;1,320;1,312;1,309;5,002;5,000;5,000;5,000;4,999;5,001;5,000;4,999;5,002;5,001;24,75;24,06;25,00;25,94;25,00;25,50;2100;2100;
2026-07-07 16:48:19;3100243;RUNNING;3;4;1,310;1,307;1,322;1,301;1,305;1,302;1,306;1,320;1,312;1,310;5,002;5,002;5,000;5,000;4,999;4,999;5,002;4,999;5,002;5,001;24,75;24,06;24,94;25,94;25,00;25,50;2100;2100;
2026-07-07 16:48:20;3101243;RUNNING;3;4;1,310;1,307;1,322;1,301;1,306;1,301;1,306;1,320;1,312;1,310;4,998;5,000;5,000;5,000;4,999;4,999;5,000;4,999;5,002;5,001;24,75;24,06;25,00;25,94;25,00;25,50;2100;2100;
2026-07-07 16:48:21;3102243;RUNNING;3;4;1,310;1,307;1,322;1,301;1,306;1,301;1,306;1,320;1,312;1,310;5,000;5,002;5,000;5,000;5,000;5,001;5,000;5,001;5,002;5,001;24,69;24,06;25,00;25,94;25,00;25,50;2100;2100;
2026-07-07 16:48:22;3103243;RUNNING;3;4;1,310;1,307;1,321;1,301;1,306;1,302;1,306;1,320;1,312;1,310;5,002;5,000;5,000;5,000;4,999;4,999;5,000;4,999;5,002;5,001;24,75;24,06;25,00;25,94;25,00;25,50;2100;2100;
2026-07-07 16:48:23;3104243;RUNNING;3;4;1,310;1,307;1,320;1,301;1,306;1,302;1,305;1,319;1,312;1,310;5,002;5,000;5,000;5,000;5,000;5,001;5,002;4,999;5,002;5,003;24,75;24,06;25,00;25,94;25,00;25,50;2100;2100;
2026-07-07 16:48:24;3105243;RUNNING;3;4;1,310;1,307;1,322;1,301;1,305;1,301;1,305;1,320;1,312;1,310;5,002;5,000;5,000;5,000;4,999;5,001;5,000;4,999;5,000;5,003;24,75;24,06;24,94;25,94;25,00;25,50;2100;2100;
2026-07-07 16:48:25;3106243;RUNNING;3;4;1,310;1,307;1,322;1,301;1,306;1,301;1,306;1,320;1,312;1,310;5,002;5,000;5,000;5,000;4,999;4,999;5,002;4,999;5,002;5,001;24,75;24,06;24,94;25,94;25,00;25,50;2100;2100;
2026-07-07 16:48:26;3107243;RUNNING;3;4;1,310;1,308;1,322;1,300;1,306;1,301;1,306;1,319;1,312;1,310;5,002;5,000;5,000;5,000;5,000;4,999;5,000;4,999;5,002;5,001;24,69;24,06;25,00;25,94;25,00;25,50;2100;2100;
2026-07-07 16:48:27;3108243;RUNNING;3;4;1,310;1,308;1,322;1,301;1,306;1,302;1,306;1,320;1,312;1,310;5,000;5,000;5,000;5,000;4,999;4,999;5,000;4,999;5,000;5,001;24,75;24,06;25,00;25,94;25,00;25,50;2100;2100;
2026-07-07 16:48:28;3109243;RUNNING;3;4;1,310;1,307;1,320;1,301;1,305;1,301;1,306;1,320;1,312;1,310;5,002;5,000;5,000;5,000;4,999;5,001;5,002;4,999;5,000;5,001;24,69;24,06;24,94;25,94;25,00;25,50;2100;2100;
2026-07-07 16:48:29;3110243;RUNNING;3;4;1,310;1,307;1,322;1,301;1,305;1,301;1,306;1,319;1,312;1,310;5,002;5,002;5,002;5,000;5,000;4,999;5,000;4,997;5,002;5,001;24,75;24,06;24,94;25,94;25,00;25,50;2100;2100;
2026-07-07 16:48:30;3111243;RUNNING;3;4;1,310;1,307;1,322;1,300;1,305;1,302;1,306;1,320;1,312;1,309;5,000;5,000;5,000;5,000;5,000;4,999;5,000;4,999;5,002;5,001;24,75;24,06;24,94;25,94;25,00;25,50;2100;2100;
2026-07-07 16:48:31;3112243;RUNNING;3;4;1,310;1,307;1,321;1,301;1,306;1,301;1,306;1,320;1,312;1,310;5,002;5,000;4,999;5,000;4,999;5,001;5,000;4,999;5,000;5,001;24,69;24,06;24,94;25,94;25,00;25,50;2100;2100;
2026-07-07 16:48:32;3113243;RUNNING;3;4;1,310;1,307;1,322;1,301;1,306;1,301;1,306;1,319;1,312;1,311;5,000;5,000;5,000;5,000;4,999;5,001;5,000;4,999;5,002;5,001;24,75;24,00;24,94;25,94;25,00;25,50;2100;2100;
2026-07-07 16:48:33;3114243;RUNNING;3;4;1,310;1,307;1,322;1,301;1,305;1,302;1,306;1,320;1,312;1,311;5,002;5,000;5,000;5,000;4,999;4,999;5,002;5,001;5,002;5,001;24,75;24,06;24,94;25,94;25,00;25,50;2100;2100;
2026-07-07 16:48:34;3115243;RUNNING;3;4;1,310;1,307;1,322;1,300;1,305;1,301;1,305;1,320;1,312;1,310;5,000;5,000;5,000;5,000;4,999;5,001;5,000;4,999;5,002;5,001;24,75;24,06;24,94;25,94;25,00;25,50;2100;1800;
2026-07-07 16:48:35;3116243;RUNNING;3;4;1,310;1,307;1,322;1,300;1,306;1,302;1,306;1,320;1,312;1,310;5,002;5,002;5,000;5,000;4,999;4,999;5,002;4,999;5,002;5,001;24,75;24,00;24,94;25,94;25,00;25,50;2400;2100;
2026-07-07 16:48:36;3117243;RUNNING;3;4;1,310;1,307;1,322;1,301;1,306;1,302;1,306;1,320;1,312;1,310;5,002;5,002;5,000;5,000;4,999;5,001;5,000;4,999;5,002;5,001;24,75;24,06;25,00;25,94;25,00;25,50;2100;2100;
2026-07-07 16:48:37;3118243;RUNNING;3;4;1,310;1,307;1,321;1,300;1,306;1,302;1,306;1,320;1,312;1,310;5,002;5,000;5,000;5,000;4,999;5,001;5,000;4,997;5,000;5,003;24,69;24,00;24,94;25,94;25,00;25,50;1800;2100;
2026-07-07 16:48:38;3119243;RUNNING;3;4;1,310;1,308;1,322;1,301;1,306;1,301;1,306;1,320;1,312;1,309;5,002;5,000;5,002;5,000;4,999;4,999;5,002;4,999;5,002;5,001;24,69;24,06;25,00;25,94;25,00;25,44;2100;2400;
2026-07-07 16:48:39;3120243;RUNNING;3;4;1,310;1,307;1,322;1,300;1,306;1,302;1,306;1,320;1,312;1,310;5,002;5,000;5,000;5,000;5,000;5,001;5,000;5,001;5,002;5,001;24,75;24,00;25,00;25,94;25,00;25,50;2100;1800;
2026-07-07 16:48:40;3121243;RUNNING;3;4;1,310;1,307;1,321;1,300;1,305;1,302;1,306;1,320;1,312;1,309;5,002;5,000;5,000;5,000;5,000;5,001;5,000;4,999;5,002;5,001;24,69;24,06;24,94;25,94;25,00;25,44;2100;2100;
2026-07-07 16:48:41;3122243;RUNNING;3;4;1,310;1,307;1,322;1,301;1,306;1,302;1,306;1,320;1,312;1,310;5,002;5,000;5,000;5,000;4,999;4,999;5,002;4,999;5,000;5,001;24,75;24,06;24,94;25,94;25,00;25,44;2100;2100;
2026-07-07 16:48:42;3123243;RUNNING;3;4;1,310;1,307;1,322;1,300;1,305;1,301;1,305;1,320;1,312;1,310;5,000;5,000;5,000;5,000;5,000;4,999;5,000;4,999;5,002;5,001;24,75;24,00;24,94;25,94;25,00;25,44;2100;2100;
2026-07-07 16:48:43;3124243;RUNNING;3;4;1,310;1,307;1,322;1,300;1,305;1,302;1,306;1,320;1,312;1,310;5,002;5,000;5,000;5,000;5,000;4,999;5,000;4,999;5,002;5,003;24,69;24,00;24,94;25,94;25,00;25,44;2100;2100;
2026-07-07 16:48:44;3125243;RUNNING;3;4;1,310;1,307;1,322;1,300;1,306;1,302;1,306;1,320;1,312;1,310;5,002;5,000;5,002;5,000;5,000;5,001;5,002;4,999;5,002;5,001;24,75;24,06;24,94;25,94;25,00;25,44;2100;1800;
2026-07-07 16:48:45;3126243;RUNNING;3;4;1,310;1,307;1,322;1,301;1,306;1,301;1,306;1,320;1,312;1,311;5,000;5,000;5,000;5,002;4,999;4,999;5,002;5,001;5,002;5,001;24,75;24,06;24,94;25,94;25,00;25,44;2400;2100;
2026-07-07 16:48:46;3127243;RUNNING;3;4;1,310;1,307;1,321;1,300;1,306;1,301;1,306;1,320;1,312;1,309;5,000;5,000;5,000;5,000;4,999;5,001;5,002;4,999;5,002;5,001;24,75;24,00;24,94;25,94;25,00;25,44;2100;2100;
2026-07-07 16:48:47;3128243;RUNNING;3;4;1,311;1,307;1,322;1,300;1,306;1,301;1,306;1,320;1,312;1,309;5,002;5,002;5,000;5,000;5,000;4,999;5,002;4,999;5,002;5,001;24,75;24,00;24,94;25,94;25,00;25,44;2100;2100;
2026-07-07 16:48:48;3129243;RUNNING;3;4;1,310;1,307;1,321;1,301;1,306;1,302;1,306;1,320;1,312;1,310;5,002;5,002;5,000;5,000;5,000;5,001;5,002;4,999;5,002;5,001;24,75;24,00;24,94;25,94;25,00;25,50;2100;2100;
2026-07-07 16:48:49;3130243;RUNNING;3;4;1,310;1,307;1,321;1,301;1,306;1,302;1,305;1,320;1,312;1,310;5,002;5,000;5,000;5,000;4,999;5,001;5,000;4,999;5,002;5,001;24,75;24,06;25,00;25,94;25,00;25,44;2100;1800;
2026-07-07 16:48:50;3131243;RUNNING;3;4;1,310;1,307;1,322;1,301;1,306;1,302;1,306;1,320;1,312;1,309;5,002;5,000;5,000;5,000;4,999;4,999;5,002;4,999;5,002;5,001;24,75;24,00;24,94;25,87;25,00;25,44;2100;2100;
2026-07-07 16:48:51;3132243;RUNNING;3;4;1,310;1,307;1,321;1,301;1,306;1,301;1,305;1,320;1,312;1,309;5,002;5,000;5,002;5,000;5,000;5,001;5,002;4,999;5,002;5,001;24,75;24,06;24,94;25,94;25,00;25,50;2100;2100;
2026-07-07 16:48:52;3133243;RUNNING;3;4;1,310;1,307;1,322;1,301;1,305;1,301;1,306;1,320;1,312;1,310;5,000;5,000;5,000;5,000;5,000;5,001;5,000;4,999;5,002;5,001;24,75;24,00;24,94;25,94;25,00;25,44;2100;2100;
2026-07-07 16:48:53;3134243;RUNNING;3;4;1,310;1,307;1,322;1,300;1,305;1,301;1,306;1,320;1,312;1,311;5,000;5,000;5,000;5,000;4,999;5,001;5,002;4,999;5,002;5,001;24,75;24,00;24,94;25,94;25,00;25,44;2100;2100;
2026-07-07 16:48:54;3135243;RUNNING;3;4;1,310;1,307;1,322;1,301;1,306;1,302;1,306;1,320;1,312;1,311;5,002;5,000;5,000;5,000;5,000;5,001;5,000;4,999;5,002;5,003;24,75;24,00;24,94;25,94;25,00;25,44;2100;1800;
2026-07-07 16:48:55;3136243;RUNNING;3;4;1,310;1,307;1,321;1,301;1,305;1,302;1,306;1,320;1,312;1,310;5,002;5,000;5,000;5,000;4,999;4,999;5,002;4,999;5,002;5,001;24,69;24,00;24,94;25,94;25,00;25,44;2100;2100;
2026-07-07 16:48:56;3137243;RUNNING;3;4;1,310;1,307;1,322;1,301;1,306;1,302;1,306;1,319;1,312;1,310;5,000;5,000;5,000;5,000;5,000;5,001;5,002;4,999;5,002;5,003;24,75;24,06;24,94;25,94;25,00;25,44;2100;2100;
2026-07-07 16:48:57;3138243;RUNNING;3;4;1,310;1,308;1,321;1,301;1,305;1,302;1,306;1,319;1,312;1,310;5,000;5,000;5,000;5,000;4,999;4,999;5,000;4,999;5,000;5,001;24,69;24,00;24,94;25,94;25,00;25,44;2100;2100;
2026-07-07 16:48:58;3139243;RUNNING;3;4;1,310;1,307;1,321;1,301;1,305;1,302;1,306;1,320;1,312;1,310;5,000;5,000;5,000;5,000;5,000;5,001;5,002;4,999;5,002;5,001;24,75;24,00;24,94;25,94;25,00;25,44;2100;2100;
2026-07-07 16:48:59;3140243;RUNNING;3;4;1,310;1,307;1,322;1,301;1,306;1,302;1,306;1,319;1,312;1,310;5,002;5,000;5,000;5,000;4,999;5,001;5,000;4,999;5,002;4,999;24,75;24,06;24,94;25,87;25,00;25,50;2100;1800;
2026-07-07 16:49:00;3141243;RUNNING;3;4;1,310;1,307;1,322;1,301;1,306;1,302;1,306;1,320;1,312;1,310;5,000;5,000;5,000;5,000;4,999;5,001;5,002;5,001;5,000;4,999;24,69;24,00;24,94;25,94;25,00;25,44;2100;2100;
2026-07-07 16:49:01;3142243;RUNNING;3;4;1,310;1,307;1,321;1,301;1,306;1,301;1,306;1,320;1,312;1,309;5,002;5,000;5,000;5,000;5,000;4,999;5,002;4,999;5,002;4,999;24,75;24,00;24,94;25,94;25,00;25,50;2100;2100;
2026-07-07 16:49:02;3143243;RUNNING;3;4;1,310;1,307;1,322;1,301;1,306;1,302;1,306;1,319;1,312;1,309;5,002;5,000;5,000;5,000;4,999;4,999;5,002;4,999;5,002;4,999;24,69;24,06;24,94;25,87;25,00;25,50;2100;2100;
2026-07-07 16:49:03;3144243;RUNNING;3;4;1,310;1,307;1,321;1,301;1,305;1,301;1,306;1,320;1,312;1,309;5,000;5,000;5,002;5,000;4,999;4,999;5,002;4,997;5,002;4,999;24,75;24,06;24,94;25,94;25,00;25,44;1800;2100;
2026-07-07 16:49:04;3145243;RUNNING;3;4;1,310;1,307;1,322;1,301;1,306;1,302;1,305;1,320;1,312;1,309;5,002;5,000;5,002;5,000;5,000;5,001;5,002;4,999;5,002;4,999;24,75;24,06;24,94;25,94;25,00;25,44;2100;1800;
2026-07-07 16:49:05;3146243;RUNNING;3;4;1,310;1,308;1,321;1,301;1,305;1,302;1,306;1,320;1,312;1,309;5,000;5,000;5,000;5,002;5,000;5,001;5,000;4,999;5,002;4,999;24,75;24,06;24,94;25,94;25,00;25,44;2100;2100;
2026-07-07 16:49:06;3147243;RUNNING;3;4;1,310;1,307;1,322;1,301;1,306;1,302;1,306;1,320;1,313;1,309;5,002;5,000;5,000;5,000;4,999;5,001;5,000;4,999;5,002;4,999;24,75;24,06;24,94;25,94;25,00;25,44;2100;2100;
2026-07-07 16:49:07;3148243;RUNNING;3;4;1,310;1,307;1,322;1,301;1,305;1,301;1,306;1,320;1,312;1,310;5,002;5,000;5,000;5,000;5,000;4,999;5,002;4,999;5,000;4,999;24,75;24,06;25,00;25,94;25,00;25,44;2100;2100;
2026-07-07 16:49:08;3149243;RUNNING;3;4;1,310;1,307;1,322;1,301;1,306;1,302;1,305;1,320;1,312;1,309;5,002;5,000;5,000;5,002;4,999;5,001;5,002;4,999;5,000;4,999;24,75;24,00;24,94;25,94;25,00;25,44;2100;2100;
2026-07-07 16:49:09;3150243;RUNNING;3;4;1,310;1,307;1,322;1,301;1,306;1,301;1,306;1,319;1,312;1,309;5,000;5,000;5,000;5,000;5,000;4,999;5,002;4,999;5,002;4,999;24,69;24,00;25,00;25,94;25,00;25,44;2100;2100;
2026-07-07 16:49:10;3151243;RUNNING;3;4;1,310;1,307;1,321;1,301;1,306;1,302;1,306;1,319;1,312;1,308;5,002;5,000;5,002;5,000;5,000;4,999;5,002;4,999;5,002;4,999;24,75;24,06;24,94;25,94;25,00;25,50;2400;2100;
2026-07-07 16:49:11;3152243;RUNNING;3;4;1,310;1,307;1,321;1,301;1,306;1,302;1,306;1,320;1,312;1,310;5,000;5,000;5,000;5,000;5,000;4,999;5,000;4,999;5,002;4,999;24,75;24,06;25,00;25,94;25,00;25,50;1800;2100;
2026-07-07 16:49:12;3153243;RUNNING;3;4;1,310;1,307;1,322;1,301;1,306;1,301;1,306;1,320;1,312;1,308;5,000;5,000;5,000;5,000;5,000;4,999;5,000;4,999;5,002;4,999;24,75;24,06;25,00;25,94;25,00;25,44;2100;2100;
2026-07-07 16:49:13;3154243;RUNNING;3;4;1,310;1,307;1,322;1,301;1,305;1,301;1,306;1,320;1,312;1,309;5,000;5,002;5,000;5,000;5,000;4,999;5,000;4,999;5,002;4,997;24,69;24,06;25,00;25,94;25,00;25,50;2100;2100;
2026-07-07 16:49:14;3155243;RUNNING;3;4;1,310;1,307;1,322;1,301;1,306;1,301;1,305;1,319;1,312;1,309;5,002;5,000;5,000;5,000;4,999;4,999;5,000;4,999;5,000;4,999;24,69;24,06;25,00;25,94;25,00;25,44;2100;2100;
2026-07-07 16:49:15;3156243;RUNNING;3;4;1,310;1,307;1,322;1,301;1,306;1,302;1,306;1,319;1,312;1,310;5,002;5,000;5,000;5,000;5,000;4,999;5,002;5,001;5,000;4,999;24,75;24,06;25,00;25,94;25,00;25,44;2100;2100;
2026-07-07 16:49:16;3157243;RUNNING;3;4;1,310;1,307;1,322;1,301;1,306;1,301;1,306;1,320;1,312;1,309;5,002;5,002;5,000;5,000;5,000;5,001;5,002;4,999;5,002;4,999;24,69;24,00;25,00;25,94;25,00;25,44;2100;2400;
2026-07-07 16:49:17;3158243;RUNNING;3;4;1,310;1,307;1,322;1,301;1,306;1,301;1,306;1,320;1,312;1,309;5,000;5,000;5,000;5,000;5,000;4,999;5,002;4,999;5,002;4,999;24,75;24,06;25,00;25,94;25,00;25,44;2100;2100;
2026-07-07 16:49:18;3159243;RUNNING;3;4;1,310;1,307;1,322;1,301;1,305;1,302;1,306;1,320;1,312;1,308;5,002;5,000;5,000;5,000;5,000;4,999;5,000;4,999;5,002;4,999;24,75;24,06;24,94;25,94;25,00;25,50;2100;2100;
2026-07-07 16:49:19;3160243;RUNNING;3;4;1,310;1,307;1,322;1,301;1,305;1,302;1,306;1,319;1,312;1,309;5,002;5,002;5,000;5,000;5,000;5,001;5,002;4,999;5,002;4,999;24,75;24,06;24,94;25,94;25,00;25,44;2100;2100;
2026-07-07 16:49:20;3161243;RUNNING;3;4;1,310;1,307;1,322;1,300;1,305;1,301;1,306;1,320;1,312;1,307;5,002;5,000;5,000;5,000;4,999;4,999;5,000;4,999;5,002;4,999;24,75;24,00;25,00;25,94;25,00;25,44;1800;2100;
2026-07-07 16:49:21;3162243;RUNNING;3;4;1,310;1,307;1,322;1,300;1,306;1,301;1,306;1,320;1,312;1,310;5,002;5,000;5,002;5,000;4,999;4,999;5,002;4,999;5,002;4,999;24,69;24,00;25,00;25,94;25,00;25,50;2100;2100;
2026-07-07 16:49:22;3163243;RUNNING;3;4;1,310;1,307;1,322;1,301;1,306;1,301;1,306;1,320;1,312;1,309;5,002;5,000;5,000;5,000;4,999;5,001;5,002;4,999;5,002;4,999;24,75;24,00;24,94;25,94;25,00;25,44;2400;2100;
2026-07-07 16:49:23;3164243;RUNNING;3;4;1,310;1,307;1,322;1,301;1,305;1,301;1,306;1,320;1,312;1,310;5,002;5,000;5,000;5,000;4,999;4,999;5,000;4,999;5,002;4,999;24,75;24,00;24,94;25,94;25,00;25,50;2100;2100;
2026-07-07 16:49:24;3165243;RUNNING;3;4;1,310;1,307;1,322;1,301;1,305;1,301;1,306;1,320;1,312;1,308;5,002;5,002;5,000;5,000;4,999;4,999;5,000;4,999;5,002;4,999;24,75;24,06;25,00;25,94;25,00;25,44;2100;2100;
2026-07-07 16:49:25;3166243;RUNNING;3;4;1,310;1,308;1,321;1,301;1,306;1,302;1,305;1,321;1,312;1,310;5,002;5,002;5,000;5,000;5,000;5,001;5,000;5,001;5,000;4,999;24,75;24,00;25,00;25,94;25,00;25,44;2400;2100;
2026-07-07 16:49:26;3167243;RUNNING;3;4;1,310;1,307;1,322;1,300;1,306;1,302;1,306;1,320;1,312;1,310;5,002;5,000;5,000;5,000;4,999;4,999;5,002;5,001;5,002;4,999;24,75;24,00;25,00;25,94;25,00;25,44;2100;2100;
2026-07-07 16:49:27;3168243;RUNNING;3;4;1,310;1,307;1,321;1,301;1,306;1,302;1,306;1,321;1,312;1,308;5,002;5,000;5,000;5,000;5,000;4,999;5,002;5,001;5,002;4,999;24,69;24,06;24,94;25,94;25,00;25,44;2100;2100;
2026-07-07 16:49:28;3169243;RUNNING;3;4;1,310;1,307;1,322;1,301;1,305;1,301;1,306;1,320;1,312;1,308;5,002;5,000;5,000;5,000;5,000;4,999;5,002;5,001;5,002;4,999;24,75;24,06;24,94;25,94;25,00;25,44;2100;1800;
2026-07-07 16:49:29;3170243;RUNNING;3;4;1,310;1,307;1,321;1,301;1,306;1,302;1,306;1,320;1,312;1,309;5,000;5,000;5,000;5,000;4,999;4,999;5,000;5,001;5,002;4,999;24,75;24,00;24,94;25,94;25,00;25,44;2100;2100;
2026-07-07 16:49:30;3171243;RUNNING;3;4;1,310;1,307;1,322;1,301;1,306;1,301;1,306;1,321;1,312;1,308;5,002;5,000;5,000;5,000;5,000;5,001;5,002;5,002;5,002;4,999;24,75;24,00;24,94;25,94;25,00;25,44;1800;2100;
2026-07-07 16:49:31;3172243;RUNNING;3;4;1,311;1,307;1,322;1,300;1,305;1,302;1,305;1,320;1,312;1,309;5,000;5,000;5,000;5,002;4,999;4,999;5,002;5,001;5,002;4,999;24,75;24,00;24,94;25,94;25,00;25,44;2100;2100;
2026-07-07 16:49:32;3173243;RUNNING;3;4;1,310;1,308;1,322;1,301;1,306;1,302;1,306;1,320;1,312;1,309;5,002;5,000;5,000;5,002;4,999;5,001;5,000;5,002;5,002;4,999;24,75;24,06;24,94;25,94;25,00;25,44;2100;2100;
2026-07-07 16:49:33;3174243;RUNNING;3;4;1,310;1,307;1,321;1,301;1,305;1,302;1,306;1,321;1,312;1,309;5,002;5,002;5,002;4,998;4,999;4,999;5,002;5,002;5,002;4,999;24,75;24,00;24,94;25,94;25,00;25,44;2100;2100;
2026-07-07 16:49:34;3175243;RUNNING;3;4;1,310;1,307;1,322;1,301;1,306;1,301;1,306;1,320;1,312;1,310;5,000;5,000;5,000;5,000;4,999;4,999;5,000;5,001;5,000;4,999;24,75;24,06;24,94;25,94;25,00;25,44;2100;2100;
2026-07-07 16:49:35;3176243;RUNNING;3;4;1,310;1,307;1,322;1,301;1,306;1,302;1,306;1,321;1,312;1,309;5,002;5,002;5,000;4,998;4,999;4,999;5,002;5,001;5,002;4,997;24,75;24,06;24,94;25,94;25,00;25,44;2100;2100;
2026-07-07 16:49:36;3177243;RUNNING;3;4;1,310;1,307;1,321;1,300;1,306;1,302;1,306;1,320;1,312;1,309;5,002;5,000;5,000;5,000;5,000;4,999;5,000;5,001;5,002;4,999;24,75;24,00;24,94;25,94;25,00;25,50;2100;2100;
2026-07-07 16:49:37;3178243;RUNNING;3;4;1,310;1,307;1,322;1,301;1,306;1,302;1,306;1,321;1,312;1,310;5,002;5,000;5,000;5,000;5,000;4,999;5,002;5,001;5,002;4,999;24,69;24,06;24,94;25,94;25,00;25,44;2100;2100;
2026-07-07 16:49:38;3179243;RUNNING;3;4;1,310;1,307;1,321;1,301;1,306;1,302;1,306;1,321;1,312;1,310;5,002;5,000;5,002;5,002;5,000;5,001;5,000;5,001;5,002;4,999;24,75;24,06;24,94;25,94;25,00;25,50;2100;2100;
2026-07-07 16:49:39;3180243;RUNNING;3;4;1,310;1,307;1,322;1,301;1,306;1,302;1,306;1,321;1,312;1,310;5,002;5,002;5,002;5,000;5,000;5,001;5,000;5,001;5,002;4,999;24,69;24,06;24,94;25,94;25,00;25,44;2100;2100;
2026-07-07 16:49:40;3181243;RUNNING;3;4;1,310;1,307;1,321;1,301;1,306;1,301;1,306;1,321;1,312;1,308;5,000;5,000;5,000;5,000;4,999;4,999;5,000;5,001;5,002;4,999;24,75;24,06;24,94;25,94;25,00;25,50;2100;2100;
2026-07-07 16:49:41;3182243;RUNNING;3;4;1,310;1,308;1,322;1,300;1,306;1,301;1,305;1,321;1,312;1,310;5,002;5,000;5,000;5,000;5,000;5,001;5,002;5,001;5,002;4,999;24,75;24,06;24,94;25,94;25,00;25,44;2100;2100;
2026-07-07 16:49:42;3183243;RUNNING;3;4;1,310;1,307;1,321;1,301;1,305;1,301;1,306;1,320;1,312;1,310;5,002;5,000;5,000;5,000;5,000;5,001;5,002;5,001;5,002;4,999;24,75;24,00;24,94;25,94;25,00;25,50;2100;2100;
2026-07-07 16:49:43;3184243;RUNNING;3;4;1,310;1,307;1,322;1,301;1,306;1,302;1,306;1,320;1,313;1,308;5,000;5,000;5,002;5,000;4,999;4,999;5,002;5,001;5,002;4,999;24,75;24,00;24,94;25,94;25,00;25,44;2100;2100;
2026-07-07 16:49:44;3185243;RUNNING;3;4;1,310;1,307;1,322;1,301;1,305;1,302;1,306;1,321;1,312;1,308;5,002;5,000;5,000;5,000;5,000;4,999;5,000;5,002;5,002;4,999;24,75;24,00;24,94;25,94;25,00;25,50;2100;2100;
2026-07-07 16:49:45;3186243;RUNNING;3;4;1,310;1,308;1,322;1,301;1,305;1,302;1,306;1,321;1,313;1,308;5,002;5,000;5,000;5,000;4,999;5,001;5,002;5,001;5,002;4,999;24,75;24,06;24,94;25,94;25,00;25,50;2100;2100;
2026-07-07 16:49:46;3187243;RUNNING;3;4;1,310;1,307;1,321;1,301;1,306;1,302;1,306;1,321;1,312;1,310;5,002;5,000;5,000;5,000;5,000;5,001;5,002;5,001;5,002;4,999;24,75;24,00;24,94;25,94;25,00;25,44;2100;2100;
2026-07-07 16:49:47;3188243;RUNNING;3;4;1,310;1,307;1,322;1,301;1,306;1,302;1,306;1,321;1,312;1,309;5,002;5,002;5,000;5,000;4,999;5,001;5,000;5,002;5,002;4,999;24,75;24,06;24,94;25,94;25,00;25,50;2100;1800;
2026-07-07 16:49:48;3189243;RUNNING;3;4;1,310;1,307;1,322;1,300;1,306;1,302;1,306;1,321;1,312;1,310;5,002;5,000;5,000;5,000;5,000;5,001;5,002;5,001;5,000;4,999;24,75;24,00;24,94;25,94;25,00;25,44;2100;2100;
2026-07-07 16:49:49;3190243;RUNNING;3;4;1,310;1,307;1,322;1,301;1,306;1,302;1,306;1,320;1,312;1,310;5,002;5,000;5,000;5,000;5,000;5,001;5,002;5,001;5,002;4,999;24,75;24,00;24,94;25,94;25,00;25,44;2100;2100;
2026-07-07 16:49:50;3191243;RUNNING;3;4;1,310;1,307;1,321;1,301;1,306;1,302;1,306;1,320;1,312;1,309;5,002;5,002;5,002;4,998;5,000;5,001;5,002;5,001;5,002;4,999;24,75;24,00;24,94;25,94;25,00;25,50;2100;2100;
2026-07-07 16:49:51;3192243;RUNNING;3;4;1,310;1,307;1,322;1,301;1,306;1,302;1,305;1,321;1,313;1,310;5,002;5,000;5,000;5,000;4,999;5,001;5,002;5,002;5,002;4,999;24,75;24,06;24,94;25,94;25,00;25,44;2100;2100;
2026-07-07 16:49:52;3193243;RUNNING;3;4;1,310;1,307;1,322;1,301;1,306;1,302;1,307;1,320;1,312;1,310;5,002;5,000;5,002;5,000;4,999;5,001;5,002;5,001;5,002;4,999;24,75;24,00;24,94;25,94;25,00;25,44;2100;2100;
2026-07-07 16:49:53;3194243;RUNNING;3;4;1,310;1,308;1,322;1,301;1,305;1,301;1,306;1,320;1,312;1,309;5,002;5,002;5,000;5,000;4,999;4,999;5,002;5,001;5,002;4,997;24,69;24,00;24,94;25,94;25,00;25,44;1800;2100;
2026-07-07 16:49:54;3195243;RUNNING;3;4;1,310;1,307;1,322;1,301;1,305;1,301;1,306;1,321;1,313;1,308;5,002;5,000;5,000;5,000;4,999;4,999;5,002;5,001;5,002;4,999;24,69;24,06;24,94;25,87;25,00;25,44;2100;2100;
2026-07-07 16:49:55;3196243;RUNNING;3;4;1,310;1,307;1,322;1,300;1,305;1,301;1,306;1,321;1,312;1,309;5,002;5,000;5,000;5,000;4,999;5,001;5,002;5,002;5,000;4,999;24,75;24,06;24,94;25,87;25,00;25,50;2100;2100;
2026-07-07 16:49:56;3197243;RUNNING;3;4;1,310;1,307;1,321;1,301;1,305;1,302;1,306;1,321;1,312;1,308;5,000;5,000;5,000;5,000;4,999;5,001;5,002;5,002;5,002;4,999;24,75;24,00;24,94;25,87;25,00;25,44;2100;1800;
2026-07-07 16:49:57;3198243;RUNNING;3;4;1,310;1,307;1,321;1,301;1,306;1,301;1,306;1,321;1,312;1,310;5,000;5,002;5,000;5,000;5,000;5,001;5,002;5,002;5,002;4,999;24,69;24,00;24,94;25,87;25,00;25,50;2100;2100;
2026-07-07 16:49:58;3199243;RUNNING;3;4;1,310;1,308;1,321;1,301;1,306;1,302;1,307;1,321;1,312;1,308;5,002;5,000;5,002;5,000;4,999;4,999;5,000;5,001;5,002;4,999;24,69;24,00;24,94;25,94;25,00;25,44;2100;2100;
2026-07-07 16:49:59;3200243;RUNNING;3;4;1,310;1,307;1,321;1,301;1,306;1,302;1,306;1,321;1,312;1,310;5,002;5,000;5,000;5,000;4,999;4,999;5,000;5,001;5,002;4,999;24,75;24,00;24,94;25,94;25,00;25,44;2100;2100;
2026-07-07 16:50:00;3201243;RUNNING;3;4;1,310;1,307;1,321;1,301;1,305;1,302;1,305;1,321;1,312;1,309;5,002;5,002;5,000;5,000;5,000;5,001;5,000;5,001;4,999;4,999;24,75;24,06;24,94;25,94;25,00;25,44;2100;2100;
2026-07-07 16:50:01;3202243;RUNNING;3;4;1,310;1,308;1,322;1,301;1,306;1,302;1,306;1,321;1,312;1,309;5,002;5,000;5,000;5,002;4,999;4,999;5,000;5,002;5,000;4,999;24,75;24,00;24,94;25,94;25,00;25,44;2100;2100;
2026-07-07 16:50:02;3203243;RUNNING;3;4;1,310;1,308;1,322;1,301;1,305;1,302;1,306;1,320;1,312;1,310;5,002;5,000;5,000;5,000;4,999;4,999;5,002;4,999;5,002;4,999;24,75;24,00;24,94;25,94;25,00;25,44;2400;2100;
2026-07-07 16:50:03;3204243;RUNNING;3;4;1,310;1,308;1,321;1,301;1,306;1,301;1,306;1,320;1,313;1,310;5,002;5,002;5,000;5,002;5,000;5,001;5,000;4,999;5,002;4,999;24,75;24,06;24,94;25,87;25,00;25,44;2100;2100;
2026-07-07 16:50:04;3205243;RUNNING;3;4;1,310;1,307;1,321;1,300;1,306;1,302;1,306;1,320;1,312;1,310;5,002;5,000;5,000;5,002;4,999;5,001;5,000;4,999;5,004;4,999;24,75;24,00;24,94;25,94;25,00;25,44;2100;2100;
2026-07-07 16:50:05;3206243;RUNNING;3;4;1,310;1,307;1,322;1,301;1,305;1,302;1,306;1,319;1,312;1,310;5,002;5,002;5,000;5,002;4,999;5,001;5,002;5,001;5,002;4,999;24,69;24,00;24,94;25,94;25,00;25,44;2100;2100;
2026-07-07 16:50:06;3207243;RUNNING;3;4;1,310;1,307;1,322;1,301;1,306;1,302;1,307;1,320;1,312;1,309;5,002;5,002;5,000;5,002;4,999;4,999;5,002;4,999;5,002;4,999;24,75;24,06;24,94;25,87;25,00;25,44;2100;2100;
2026-07-07 16:50:07;3208243;RUNNING;3;4;1,310;1,307;1,321;1,301;1,305;1,301;1,306;1,320;1,312;1,309;5,002;5,002;5,002;5,000;4,999;5,001;5,002;4,999;5,002;4,999;24,75;24,06;24,94;25,94;25,00;25,50;2100;2100;
2026-07-07 16:50:08;3209243;RUNNING;3;4;1,310;1,307;1,321;1,300;1,306;1,302;1,306;1,320;1,312;1,310;5,002;5,002;5,000;5,003;5,000;4,999;5,000;4,999;5,002;4,999;24,75;24,00;24,94;25,94;25,00;25,50;2100;2100;
2026-07-07 16:50:09;3210243;RUNNING;3;4;1,310;1,307;1,322;1,301;1,306;1,302;1,307;1,320;1,312;1,309;5,000;5,000;5,000;4,998;4,999;5,001;5,000;4,999;5,002;4,999;24,69;24,00;24,94;25,94;25,00;25,44;1800;2100;
2026-07-07 16:50:10;3211243;RUNNING;3;4;1,310;1,308;1,322;1,301;1,305;1,302;1,306;1,320;1,313;1,309;5,002;5,000;5,002;5,000;4,999;5,001;5,002;4,999;5,002;4,999;24,75;24,06;24,94;25,94;25,00;25,44;2100;2100;
2026-07-07 16:50:11;3212243;RUNNING;3;4;1,310;1,307;1,322;1,301;1,306;1,302;1,306;1,320;1,312;1,309;5,002;5,000;5,000;5,002;5,000;4,999;5,002;4,999;5,002;4,999;24,75;24,06;24,94;25,94;25,00;25,44;2100;2100;
2026-07-07 16:50:12;3213243;RUNNING;3;4;1,310;1,307;1,322;1,301;1,306;1,302;1,306;1,319;1,312;1,309;5,002;5,002;5,000;5,000;4,999;5,001;5,002;4,999;5,000;4,999;24,75;24,06;24,94;25,94;25,00;25,50;2100;2100;
2026-07-07 16:50:13;3214243;RUNNING;3;4;1,310;1,307;1,322;1,301;1,306;1,301;1,306;1,320;1,312;1,310;5,002;4,998;5,000;5,000;5,000;5,001;5,000;4,999;5,002;5,001;24,75;24,00;24,94;25,94;25,00;25,50;2100;2100;
2026-07-07 16:50:14;3215243;RUNNING;3;4;1,310;1,308;1,322;1,301;1,306;1,302;1,306;1,320;1,312;1,309;5,000;5,002;5,000;5,000;4,999;5,001;5,000;4,999;5,002;4,999;24,75;24,06;24,94;25,94;25,00;25,50;2100;2100;
2026-07-07 16:50:15;3216243;RUNNING;3;4;1,310;1,307;1,322;1,301;1,306;1,302;1,306;1,320;1,312;1,310;5,002;5,000;5,000;5,000;4,999;5,001;5,000;5,001;5,002;4,999;24,75;24,06;24,94;25,94;25,00;25,44;2100;1800;
2026-07-07 16:50:16;3217243;RUNNING;3;4;1,310;1,307;1,322;1,301;1,307;1,301;1,306;1,320;1,312;1,310;5,002;5,002;5,000;5,000;5,000;5,001;5,000;4,999;5,002;4,999;24,75;24,06;24,94;25,94;25,00;25,50;2100;2100;
2026-07-07 16:50:17;3218243;RUNNING;3;4;1,310;1,307;1,321;1,301;1,306;1,302;1,306;1,320;1,313;1,310;5,000;5,002;5,000;5,000;5,000;4,999;5,002;4,997;5,002;4,999;24,75;24,06;24,94;25,94;25,00;25,44;2100;2100;
2026-07-07 16:50:18;3219243;RUNNING;3;4;1,310;1,307;1,321;1,301;1,305;1,302;1,306;1,320;1,312;1,310;5,002;5,002;5,002;5,002;4,999;5,001;5,002;4,999;5,002;4,999;24,75;24,06;24,94;25,94;25,00;25,50;1800;2100;
2026-07-07 16:50:19;3220243;RUNNING;3;4;1,310;1,307;1,322;1,301;1,306;1,302;1,306;1,320;1,312;1,310;5,000;5,002;5,000;5,002;5,000;5,001;5,002;4,999;5,002;4,999;24,75;24,06;24,94;25,94;25,00;25,50;2100;2100;
2026-07-07 16:50:20;3221243;RUNNING;3;4;1,310;1,307;1,322;1,301;1,306;1,302;1,306;1,320;1,312;1,308;5,002;5,002;5,000;5,000;5,000;5,001;5,002;4,999;5,002;4,999;24,75;24,06;25,00;25,94;25,00;25,50;2100;2100;
2026-07-07 16:50:21;3222243;RUNNING;3;4;1,311;1,307;1,322;1,301;1,306;1,301;1,306;1,320;1,313;1,310;5,002;5,002;5,002;5,000;4,999;5,001;5,000;4,999;5,002;5,001;24,75;24,06;25,00;25,94;25,00;25,50;2100;2100;
2026-07-07 16:50:22;3223243;RUNNING;3;4;1,311;1,308;1,322;1,301;1,306;1,302;1,306;1,319;1,312;1,310;5,002;5,002;5,000;5,000;5,000;5,001;5,002;4,999;5,002;5,001;24,75;24,06;24,94;25,94;25,00;25,50;2100;2400;
2026-07-07 16:50:23;3224243;RUNNING;3;4;1,310;1,307;1,322;1,301;1,306;1,301;1,306;1,320;1,313;1,310;5,002;5,002;5,002;5,000;4,999;5,001;5,003;4,999;5,002;5,001;24,75;24,06;24,94;25,94;25,00;25,50;2100;2100;
2026-07-07 16:50:24;3225243;RUNNING;3;4;1,310;1,307;1,322;1,301;1,305;1,301;1,306;1,319;1,312;1,310;5,002;5,002;5,000;5,002;4,999;5,001;5,002;4,999;5,002;5,003;24,75;24,06;24,94;25,94;25,00;25,50;2100;2100;
2026-07-07 16:50:25;3226243;RUNNING;3;4;1,310;1,307;1,322;1,301;1,305;1,302;1,306;1,320;1,313;1,310;5,000;5,000;5,000;5,000;5,000;5,001;5,002;4,999;5,002;5,001;24,75;24,06;24,94;25,94;25,00;25,50;2100;2100;
2026-07-07 16:50:26;3227243;RUNNING;3;4;1,310;1,308;1,322;1,301;1,306;1,302;1,306;1,320;1,312;1,310;5,002;5,002;5,000;5,000;5,000;4,999;5,002;4,999;5,002;5,003;24,75;24,06;24,94;25,94;25,00;25,50;2100;2100;
2026-07-07 16:50:27;3228243;RUNNING;3;4;1,310;1,307;1,322;1,301;1,306;1,302;1,306;1,320;1,312;1,310;5,002;5,000;5,000;5,002;5,000;5,001;5,002;4,999;5,002;5,003;24,75;24,06;24,94;25,94;25,00;25,50;2100;2100;
2026-07-07 16:50:28;3229243;RUNNING;3;4;1,310;1,307;1,322;1,301;1,306;1,302;1,307;1,320;1,312;1,311;5,002;5,002;5,000;5,002;4,999;5,001;5,000;4,999;5,002;5,003;24,69;24,06;24,94;25,94;25,00;25,50;2100;2100;
2026-07-07 16:50:29;3230243;RUNNING;3;4;1,310;1,307;1,321;1,301;1,306;1,301;1,306;1,320;1,312;1,310;5,002;5,000;4,999;5,000;4,999;4,999;5,002;4,999;5,002;5,003;24,75;24,06;24,94;25,94;25,00;25,50;2100;1800;
2026-07-07 16:50:30;3231243;RUNNING;3;4;1,310;1,307;1,322;1,301;1,305;1,301;1,305;1,320;1,312;1,310;5,002;5,000;5,000;5,000;4,999;4,999;5,000;4,999;5,002;5,001;24,75;24,06;24,94;25,94;25,06;25,50;2100;2100;
2026-07-07 16:50:31;3232243;RUNNING;3;4;1,310;1,307;1,322;1,301;1,305;1,301;1,305;1,320;1,312;1,311;5,002;5,002;5,000;5,000;5,000;5,001;5,002;4,999;5,000;5,003;24,75;24,06;24,94;25,94;25,06;25,50;2100;2400;
2026-07-07 16:50:32;3233243;RUNNING;3;4;1,310;1,308;1,322;1,301;1,306;1,302;1,306;1,320;1,312;1,310;5,002;5,000;5,000;5,000;4,999;4,999;5,000;4,999;5,000;5,001;24,75;24,06;24,94;25,94;25,06;25,50;2100;2100;
2026-07-07 16:50:33;3234243;RUNNING;3;4;1,310;1,307;1,321;1,301;1,306;1,301;1,306;1,320;1,312;1,311;5,002;5,000;5,000;5,000;4,999;4,999;5,002;4,999;5,002;5,001;24,75;24,06;24,94;25,94;25,06;25,50;2100;2100;
2026-07-07 16:50:34;3235243;RUNNING;3;4;1,310;1,308;1,322;1,301;1,306;1,302;1,306;1,320;1,312;1,310;5,000;5,000;5,000;5,000;5,000;5,001;5,000;4,999;5,002;5,003;24,75;24,06;24,94;25,94;25,06;25,50;1800;1800;
2026-07-07 16:50:35;3236243;RUNNING;3;4;1,310;1,308;1,321;1,300;1,305;1,302;1,306;1,320;1,312;1,310;5,002;5,002;5,000;5,000;5,000;4,999;5,000;4,999;5,002;5,003;24,75;24,06;24,94;25,94;25,06;25,50;2100;2100;
2026-07-07 16:50:36;3237243;RUNNING;3;4;1,310;1,307;1,321;1,300;1,306;1,302;1,305;1,320;1,312;1,310;5,000;5,002;5,002;5,000;4,999;4,999;5,002;4,999;5,002;5,001;24,75;24,06;24,94;25,94;25,06;25,50;2400;2100;
2026-07-07 16:50:37;3238243;RUNNING;3;4;1,310;1,307;1,322;1,301;1,306;1,302;1,306;1,320;1,312;1,309;5,002;5,002;5,000;5,000;5,000;5,001;5,002;4,999;5,002;5,003;24,75;24,06;24,94;25,94;25,00;25,50;2100;2100;
2026-07-07 16:50:38;3239243;RUNNING;3;4;1,310;1,307;1,322;1,301;1,306;1,302;1,305;1,320;1,311;1,311;5,002;5,000;5,000;5,000;5,000;5,001;5,002;5,001;5,002;5,001;24,75;24,06;25,00;25,94;25,06;25,50;2100;2100;
2026-07-07 16:50:39;3240243;RUNNING;3;4;1,310;1,307;1,322;1,301;1,306;1,301;1,306;1,320;1,312;1,310;5,002;5,002;5,002;5,000;5,000;5,001;5,000;4,999;5,002;5,001;24,75;24,06;24,94;25,94;25,06;25,50;2100;2100;
2026-07-07 16:50:40;3241243;RUNNING;3;4;1,294;1,305;1,322;1,301;1,306;1,302;1,305;1,320;1,312;1,310;4,941;4,992;5,000;5,000;4,999;5,001;5,002;4,999;5,002;5,001;24,75;24,06;25,00;25,94;25,06;25,50;2100;2100;
2026-07-07 16:50:41;3242243;RUNNING;3;4;1,273;1,284;1,319;1,301;1,306;1,301;1,306;1,320;1,312;1,309;4,860;4,910;4,993;5,000;4,999;4,999;5,002;4,999;5,002;4,999;24,75;24,06;24,94;25,94;25,00;25,50;2100;2100;
2026-07-07 16:50:42;3243243;RUNNING;3;4;1,251;1,261;1,298;1,298;1,306;1,302;1,306;1,320;1,313;1,309;4,777;4,828;4,910;4,993;5,000;5,001;5,002;4,999;5,002;5,001;24,75;24,06;25,00;25,94;25,06;25,50;1800;2100;
2026-07-07 16:50:43;3244243;RUNNING;3;4;1,229;1,239;1,276;1,277;1,303;1,302;1,306;1,320;1,312;1,309;4,695;4,744;4,827;4,909;4,992;4,999;5,002;4,999;4,999;5,001;24,75;24,06;24,94;25,94;25,00;25,50;2100;2100;
2026-07-07 16:50:44;3245243;RUNNING;3;4;1,207;1,218;1,254;1,255;1,281;1,300;1,306;1,320;1,312;1,310;4,612;4,660;4,745;4,826;4,909;4,992;5,002;4,999;5,002;4,999;24,75;24,06;25,00;25,94;25,06;25,50;2100;2100;
2026-07-07 16:50:45;3246243;RUNNING;3;4;1,186;1,197;1,231;1,233;1,260;1,279;1,304;1,320;1,312;1,310;4,529;4,578;4,661;4,744;4,827;4,911;4,993;4,999;5,002;4,999;24,75;24,06;25,00;25,94;25,06;25,50;2100;2100;
2026-07-07 16:50:46;3247243;RUNNING;3;4;1,164;1,175;1,209;1,212;1,238;1,256;1,282;1,318;1,312;1,310;4,446;4,495;4,578;4,660;4,742;4,828;4,911;4,992;5,002;4,999;24,75;24,06;25,00;25,94;25,06;25,50;2100;2100;
2026-07-07 16:50:47;3248244;RUNNING;3;4;1,142;1,153;1,188;1,191;1,217;1,235;1,261;1,296;1,310;1,309;4,365;4,411;4,496;4,578;4,658;4,745;4,831;4,909;4,994;5,001;24,75;24,06;25,00;25,94;25,06;25,50;2100;2400;
2026-07-07 16:50:48;3249244;RUNNING;3;4;1,120;1,131;1,166;1,168;1,194;1,213;1,239;1,274;1,289;1,308;4,284;4,329;4,413;4,496;4,575;4,662;4,747;4,826;4,912;4,991;24,75;24,06;25,00;25,94;25,06;25,50;2100;2100;
2026-07-07 16:50:49;3250244;RUNNING;3;4;1,098;1,110;1,143;1,147;1,173;1,192;1,217;1,252;1,267;1,285;4,201;4,246;4,331;4,412;4,493;4,579;4,664;4,745;4,829;4,909;24,75;24,06;25,00;25,94;25,00;25,50;2100;2100;
2026-07-07 16:50:50;3251244;RUNNING;3;4;1,076;1,088;1,121;1,125;1,151;1,169;1,195;1,230;1,245;1,264;4,118;4,162;4,249;4,329;4,410;4,496;4,582;4,662;4,746;4,826;24,75;24,06;25,00;25,94;25,06;25,50;1800;2100;
2026-07-07 16:50:51;3252244;RUNNING;3;4;1,054;1,066;1,099;1,103;1,129;1,148;1,173;1,208;1,223;1,242;4,035;4,080;4,164;4,247;4,328;4,414;4,501;4,580;4,665;4,745;24,75;24,06;25,00;25,94;25,00;25,50;1800;2100;
2026-07-07 16:50:52;3253244;RUNNING;3;4;1,033;1,044;1,077;1,082;1,108;1,126;1,151;1,186;1,201;1,220;3,952;3,998;4,082;4,163;4,245;4,333;4,418;4,497;4,581;4,662;24,75;24,06;25,00;25,94;25,06;25,50;1800;2100;
2026-07-07 16:50:53;3254244;RUNNING;3;4;1,011;1,022;1,055;1,060;1,086;1,105;1,129;1,164;1,179;1,198;3,869;3,913;3,999;4,080;4,162;4,250;4,337;4,416;4,498;4,581;24,75;24,06;25,00;25,94;25,06;25,50;1800;2100;
2026-07-07 16:50:54;3255244;RUNNING;3;4;0,989;1,001;1,033;1,038;1,064;1,083;1,108;1,142;1,157;1,177;3,788;3,831;3,915;3,998;4,080;4,167;4,254;4,334;4,417;4,498;24,75;24,06;25,00;25,94;25,06;25,50;2100;2100;
2026-07-07 16:50:55;3256244;RUNNING;3;4;0,967;0,979;1,011;1,017;1,043;1,062;1,086;1,120;1,136;1,155;3,705;3,747;3,833;3,914;3,998;4,085;4,171;4,253;4,335;4,418;24,75;24,12;25,00;25,94;25,06;25,50;2100;2100;
2026-07-07 16:50:56;3257244;RUNNING;3;4;0,945;0,956;0,989;0,995;1,021;1,040;1,064;1,098;1,114;1,132;3,623;3,665;3,750;3,830;3,913;4,004;4,089;4,168;4,252;4,335;24,75;24,12;25,00;25,94;25,06;25,50;2100;1800;
2026-07-07 16:50:57;3258244;RUNNING;3;4;0,924;0,935;0,967;0,973;0,999;1,018;1,043;1,076;1,092;1,111;3,540;3,582;3,668;3,748;3,831;3,919;4,008;4,086;4,169;4,252;24,75;24,12;25,00;25,94;25,06;25,50;2100;1800;
2026-07-07 16:50:58;3259244;RUNNING;3;4;0,902;0,913;0,945;0,952;0,978;0,997;1,021;1,054;1,070;1,090;3,457;3,500;3,585;3,665;3,748;3,836;3,925;4,003;4,088;4,169;24,75;24,12;25,00;25,94;25,06;25,50;1800;2100;
2026-07-07 16:50:59;3260244;RUNNING;3;4;0,880;0,891;0,924;0,930;0,956;0,974;0,999;1,032;1,048;1,067;3,374;3,414;3,503;3,583;3,665;3,755;3,842;3,920;4,005;4,087;24,75;24,12;25,00;25,94;25,06;25,50;1800;1800;
2026-07-07 16:51:00;3261244;RUNNING;3;4;0,857;0,868;0,902;0,909;0,933;0,952;0,978;1,010;1,027;1,046;3,291;3,331;3,418;3,499;3,583;3,672;3,761;3,837;3,922;4,006;24,75;24,12;25,00;25,94;25,06;25,50;1800;1800;
2026-07-07 16:51:01;3262244;RUNNING;3;4;0,836;0,848;0,879;0,887;0,912;0,931;0,955;0,988;1,005;1,023;3,210;3,247;3,336;3,415;3,501;3,590;3,679;3,756;3,840;3,921;24,75;24,12;25,00;25,94;25,06;25,50;1800;1800;
2026-07-07 16:51:02;3263244;RUNNING;3;4;0,814;0,826;0,857;0,865;0,891;0,909;0,934;0,966;0,983;1,002;3,129;3,165;3,252;3,332;3,416;3,509;3,598;3,673;3,757;3,840;24,75;24,12;25,00;25,94;25,06;25,50;1800;1800;
2026-07-07 16:51:03;3264244;RUNNING;3;4;0,793;0,804;0,835;0,843;0,868;0,888;0,912;0,944;0,961;0,980;3,044;3,083;3,169;3,250;3,333;3,424;3,515;3,591;3,676;3,757;24,75;24,12;25,00;25,94;25,06;25,50;1500;1800;
2026-07-07 16:51:04;3265244;RUNNING;3;4;0,771;0,782;0,814;0,821;0,847;0,866;0,891;0,922;0,940;0,959;2,961;3,000;3,087;3,166;3,250;3,341;3,432;3,510;3,594;3,676;24,75;24,12;25,00;25,94;25,06;25,50;1500;1500;
2026-07-07 16:51:05;3266244;RUNNING;3;4;0,749;0,761;0,792;0,800;0,825;0,844;0,869;0,900;0,918;0,937;2,880;2,914;3,004;3,084;3,166;3,260;3,350;3,425;3,511;3,593;24,81;24,12;25,06;25,94;25,06;25,50;1800;1800;
2026-07-07 16:51:06;3267244;RUNNING;3;4;0,727;0,739;0,769;0,778;0,802;0,822;0,847;0,878;0,896;0,915;2,799;2,832;2,922;2,999;3,085;3,178;3,267;3,343;3,426;3,511;24,75;24,12;25,06;25,94;25,06;25,50;1800;1500;
2026-07-07 16:51:07;3268244;RUNNING;3;4;0,705;0,717;0,747;0,756;0,781;0,801;0,825;0,856;0,874;0,894;2,716;2,747;2,837;2,915;3,001;3,095;3,186;3,259;3,345;3,427;24,81;24,12;25,06;25,94;25,06;25,50;1500;1500;
2026-07-07 16:51:08;3269244;RUNNING;3;4;0,683;0,695;0,725;0,734;0,759;0,780;0,803;0,834;0,851;0,871;2,634;2,665;2,755;2,831;2,919;3,012;3,105;3,176;3,262;3,345;24,81;24,12;25,06;25,94;25,06;25,50;1500;1500;
2026-07-07 16:51:09;3270244;RUNNING;3;4;0,662;0,673;0,703;0,713;0,738;0,759;0,781;0,811;0,830;0,848;2,550;2,581;2,671;2,751;2,836;2,929;3,022;3,096;3,181;3,262;24,75;24,12;25,06;25,87;25,06;25,50;1500;1500;
2026-07-07 16:51:10;3271244;RUNNING;3;4;0,640;0,652;0,680;0,691;0,716;0,736;0,759;0,790;0,808;0,827;2,468;2,498;2,588;2,666;2,753;2,846;2,940;3,013;3,099;3,181;24,81;24,12;25,06;25,87;25,06;25,50;1500;1500;
2026-07-07 16:51:11;3272244;RUNNING;3;4;0,618;0,630;0,659;0,670;0,694;0,714;0,738;0,768;0,786;0,806;2,385;2,416;2,505;2,582;2,669;2,764;2,857;2,930;3,014;3,098;24,81;24,12;25,06;25,87;25,06;25,50;1500;1500;
2026-07-07 16:51:12;3273244;RUNNING;3;4;0,597;0,608;0,637;0,649;0,672;0,692;0,716;0,746;0,764;0,783;2,302;2,332;2,423;2,498;2,586;2,681;2,774;2,846;2,933;3,015;24,81;24,12;25,06;25,94;25,06;25,50;1500;1200;
2026-07-07 16:51:13;3274244;RUNNING;3;4;0,575;0,587;0,615;0,627;0,651;0,671;0,695;0,724;0,743;0,761;2,221;2,249;2,339;2,416;2,504;2,598;2,693;2,763;2,850;2,932;24,81;24,12;25,06;25,87;25,06;25,50;1200;1500;
2026-07-07 16:51:14;3275244;RUNNING;3;4;0,554;0,565;0,594;0,605;0,629;0,649;0,673;0,702;0,720;0,741;2,140;2,165;2,257;2,333;2,421;2,515;2,611;2,682;2,768;2,849;24,81;24,12;25,06;25,87;25,06;25,50;1200;1500;
2026-07-07 16:51:15;3276244;RUNNING;3;4;0,532;0,543;0,572;0,584;0,607;0,627;0,651;0,680;0,699;0,718;2,055;2,083;2,174;2,251;2,339;2,434;2,528;2,599;2,687;2,767;24,81;24,12;25,06;25,87;25,06;25,50;1200;1200;
2026-07-07 16:51:16;3277244;RUNNING;3;4;0,510;0,522;0,550;0,562;0,586;0,606;0,629;0,658;0,677;0,696;1,974;1,999;2,092;2,167;2,256;2,351;2,445;2,516;2,601;2,686;24,81;24,12;25,06;25,87;25,06;25,50;1200;1200;
2026-07-07 16:51:17;3278244;RUNNING;3;4;0,489;0,500;0,527;0,540;0,565;0,585;0,608;0,636;0,656;0,675;1,891;1,917;2,005;2,085;2,174;2,269;2,364;2,433;2,519;2,603;24,81;24,12;25,06;25,87;25,06;25,50;1500;1200;
2026-07-07 16:51:18;3279244;RUNNING;3;4;0,467;0,478;0,506;0,519;0,543;0,563;0,586;0,614;0,634;0,653;1,810;1,834;1,925;2,002;2,093;2,186;2,283;2,351;2,436;2,518;24,81;24,12;25,06;25,87;25,06;25,50;900;1200;
2026-07-07 16:51:19;3280244;RUNNING;3;4;0,445;0,457;0,484;0,498;0,521;0,542;0,564;0,593;0,612;0,631;1,728;1,750;1,842;1,920;2,008;2,105;2,200;2,270;2,353;2,435;24,81;24,19;25,06;25,87;25,06;25,50;1200;1200;
2026-07-07 16:51:20;3281244;RUNNING;3;4;0,424;0,435;0,463;0,476;0,499;0,519;0,544;0,571;0,591;0,609;1,647;1,668;1,760;1,836;1,926;2,022;2,118;2,187;2,273;2,354;24,81;24,19;25,06;25,87;25,06;25,50;900;900;
2026-07-07 16:51:21;3282244;RUNNING;3;4;0,402;0,413;0,441;0,454;0,478;0,498;0,522;0,549;0,569;0,588;1,562;1,584;1,678;1,754;1,842;1,942;2,037;2,105;2,190;2,271;24,81;24,12;25,06;25,81;25,06;25,50;900;1200;
2026-07-07 16:51:22;3283244;RUNNING;3;4;0,380;0,392;0,419;0,433;0,456;0,477;0,500;0,527;0,547;0,566;1,481;1,499;1,595;1,672;1,761;1,857;1,954;2,020;2,107;2,188;24,81;24,12;25,06;25,81;25,06;25,50;1200;900;
2026-07-07 16:51:23;3284244;RUNNING;3;4;0,359;0,370;0,397;0,411;0,435;0,456;0,478;0,505;0,524;0,545;1,398;1,417;1,511;1,588;1,679;1,774;1,871;1,939;2,026;2,106;24,81;24,19;25,06;25,81;25,06;25,50;900;900;
2026-07-07 16:51:24;3285244;RUNNING;3;4;0,337;0,348;0,375;0,390;0,413;0,434;0,456;0,483;0,503;0,523;1,317;1,335;1,430;1,503;1,594;1,693;1,792;1,856;1,943;2,023;24,81;24,19;25,06;25,81;25,06;25,50;900;900;
2026-07-07 16:51:25;3286244;RUNNING;3;4;0,315;0,327;0,354;0,368;0,392;0,412;0,435;0,462;0,482;0,500;1,234;1,250;1,348;1,421;1,512;1,611;1,709;1,774;1,861;1,940;24,81;24,19;25,06;25,81;25,06;25,44;900;900;
2026-07-07 16:51:26;3287244;RUNNING;3;4;0,294;0,305;0,332;0,347;0,370;0,391;0,413;0,440;0,460;0,479;1,153;1,168;1,264;1,339;1,429;1,527;1,627;1,693;1,776;1,859;24,87;24,19;25,06;25,81;25,00;25,44;900;900;
2026-07-07 16:51:27;3288244;RUNNING;3;4;0,272;0,283;0,310;0,326;0,349;0,369;0,392;0,418;0,439;0,458;1,070;1,084;1,181;1,257;1,349;1,447;1,546;1,610;1,695;1,776;24,87;24,19;25,06;25,81;25,00;25,50;900;900;
2026-07-07 16:51:28;3289244;RUNNING;3;4;0,251;0,261;0,288;0,304;0,327;0,348;0,370;0,396;0,416;0,436;0,988;1,001;1,097;1,173;1,266;1,364;1,465;1,527;1,614;1,695;24,87;24,19;25,12;25,81;25,00;25,44;900;900;
2026-07-07 16:51:29;3290244;RUNNING;3;4;0,229;0,240;0,266;0,283;0,306;0,326;0,349;0,374;0,395;0,414;0,905;0,919;1,017;1,090;1,182;1,283;1,382;1,445;1,530;1,612;24,87;24,19;25,06;25,81;25,00;25,44;900;600;
2026-07-07 16:51:30;3291244;RUNNING;3;4;0,208;0,218;0,245;0,261;0,284;0,305;0,328;0,352;0,373;0,393;0,824;0,835;0,934;1,006;1,099;1,199;1,299;1,362;1,449;1,532;24,87;24,19;25,12;25,81;25,00;25,44;900;900;
2026-07-07 16:51:31;3292244;RUNNING;3;4;0,187;0,197;0,223;0,240;0,262;0,283;0,306;0,331;0,352;0,371;0,741;0,751;0,852;0,924;1,017;1,116;1,218;1,281;1,366;1,446;24,87;24,19;25,12;25,81;25,00;25,44;900;900;
2026-07-07 16:51:32;3293244;RUNNING;3;4;0,165;0,175;0,201;0,218;0,241;0,262;0,285;0,309;0,330;0,350;0,660;0,668;0,769;0,841;0,936;1,035;1,136;1,198;1,283;1,366;24,87;24,19;25,12;25,81;25,00;25,44;600;900;
2026-07-07 16:51:33;3294244;RUNNING;3;4;0,143;0,153;0,179;0,196;0,219;0,241;0,263;0,287;0,308;0,328;0,577;0,584;0,685;0,759;0,852;0,954;1,053;1,116;1,201;1,283;24,87;24,19;25,12;25,81;25,00;25,50;600;600;
2026-07-07 16:51:34;3295244;RUNNING;3;4;0,122;0,132;0,158;0,175;0,198;0,220;0,241;0,265;0,286;0,306;0,496;0,502;0,603;0,677;0,771;0,869;0,972;1,033;1,118;1,200;24,87;24,19;25,12;25,81;25,00;25,44;600;600;
2026-07-07 16:51:35;3296244;RUNNING;3;4;0,100;0,110;0,135;0,154;0,177;0,198;0,220;0,243;0,265;0,285;0,414;0,420;0,522;0,593;0,687;0,789;0,891;0,948;1,037;1,117;24,87;24,19;25,12;25,75;25,00;25,44;600;900;
2026-07-07 16:51:36;3297244;RUNNING;3;4;0,079;0,089;0,113;0,133;0,155;0,176;0,199;0,222;0,243;0,263;0,330;0,337;0,438;0,509;0,604;0,706;0,808;0,868;0,954;1,035;24,87;24,19;25,12;25,75;25,00;25,44;600;600;
2026-07-07 16:51:37;3298244;RUNNING;3;4;0,057;0,067;0,092;0,111;0,134;0,155;0,177;0,200;0,221;0,241;0,248;0,255;0,353;0,427;0,520;0,623;0,727;0,785;0,872;0,952;24,87;24,19;25,12;25,75;25,00;25,44;600;600;
2026-07-07 16:51:38;3299244;RUNNING;3;4;0,036;0,046;0,070;0,091;0,112;0,133;0,155;0,178;0,200;0,219;0,167;0,171;0,273;0,344;0,439;0,540;0,644;0,702;0,789;0,869;24,87;24,19;25,12;25,81;25,00;25,44;600;900;
2026-07-07 16:51:39;3300244;RUNNING;3;4;0,020;0,024;0,049;0,068;0,091;0,112;0,134;0,156;0,178;0,199;0,108;0,086;0,188;0,260;0,357;0,457;0,562;0,619;0,706;0,788;24,94;24,25;25,12;25,75;25,00;25,44;600;600;
2026-07-07 16:51:40;3301343;RUNNING;3;4;0,000;0,000;0,025;0,045;0,067;0,089;0,110;0,133;0,154;0,174;0,000;0,000;0,097;0,169;0,265;0,367;0,474;0,529;0,616;0,696;24,94;24,25;25,12;25,75;25,00;25,44;600;900;
2026-07-07 16:51:41;3302343;RUNNING;3;4;0,000;0,000;0,000;0,023;0,046;0,067;0,089;0,111;0,133;0,153;0,000;0,000;0,000;0,088;0,184;0,286;0,391;0,448;0,533;0,615;24,94;24,25;25,12;25,75;25,00;25,44;600;600;
2026-07-07 16:51:42;3303343;RUNNING;3;4;0,000;0,000;0,000;0,000;0,024;0,046;0,068;0,089;0,111;0,131;0,000;0,000;0,000;0,000;0,100;0,204;0,309;0,365;0,450;0,534;24,87;24,25;25,12;25,75;24,94;25,44;600;600;
2026-07-07 16:51:43;3304343;RUNNING;3;4;0,000;0,000;0,000;0,000;0,000;0,024;0,046;0,068;0,090;0,109;0,000;0,000;0,000;0,000;0,000;0,119;0,228;0,283;0,370;0,451;24,94;24,19;25,12;25,75;24,94;25,44;600;900;
2026-07-07 16:51:44;3305343;RUNNING;3;4;0,000;0,000;0,000;0,000;0,000;0,000;0,026;0,046;0,067;0,088;0,000;0,000;0,000;0,000;0,000;0,000;0,143;0,200;0,287;0,369;24,94;24,25;25,12;25,69;24,94;25,37;600;900;
2026-07-07 16:51:45;3306343;RUNNING;3;4;0,000;0,000;0,000;0,000;0,000;0,000;0,000;0,023;0,046;0,066;0,000;0,000;0,000;0,000;0,000;0,000;0,000;0,119;0,206;0,285;24,94;24,25;25,12;25,69;24,94;25,37;600;600;
2026-07-07 16:51:46;3307343;RUNNING;3;4;0,000;0,000;0,000;0,000;0,000;0,000;0,000;0,000;0,025;0,044;0,000;0,000;0,000;0,000;0,000;0,000;0,000;0,000;0,123;0,202;24,94;24,25;25,12;25,69;24,94;25,37;600;900;
2026-07-07 16:51:47;3308343;RUNNING;3;4;0,000;0,000;0,000;0,000;0,000;0,000;0,000;0,000;0,000;0,024;0,000;0,000;0,000;0,000;0,000;0,000;0,000;0,000;0,000;0,122;24,94;24,25;25,12;25,69;24,94;25,37;600;900;
2026-07-07 16:51:48;3309343;RUNNING;3;4;0,000;0,000;0,000;0,000;0,000;0,000;0,000;0,000;0,000;0,000;0,000;0,000;0,000;0,000;0,000;0,000;0,000;0,000;0,000;0,000;24,94;24,25;25,12;25,69;24,94;25,37;600;600;
2026-07-07 16:51:49;3310343;RUNNING;3;4;0,000;0,000;0,000;0,000;0,000;0,000;0,000;0,000;0,000;0,000;0,000;0,000;0,000;0,000;0,000;0,000;0,000;0,000;0,000;0,000;24,94;24,25;25,12;25,69;24,94;25,37;600;600;
2026-07-07 16:51:50;3311343;RUNNING;3;4;0,000;0,000;0,000;0,000;0,000;0,000;0,000;0,000;0,000;0,000;0,000;0,000;0,000;0,000;0,000;0,000;0,000;0,000;0,000;0,000;24,94;24,25;25,12;25,62;24,87;25,37;600;900;
2026-07-07 16:51:51;3312343;RUNNING;3;4;0,000;0,000;0,000;0,000;0,000;0,000;0,000;0,000;0,000;0,000;0,000;0,000;0,000;0,000;0,000;0,000;0,000;0,000;0,000;0,000;24,94;24,25;25,12;25,62;24,87;25,37;600;600;
2026-07-07 16:51:52;3313343;RUNNING;3;4;0,000;0,000;0,000;0,000;0,000;0,000;0,000;0,000;0,000;0,000;0,000;0,000;0,000;0,000;0,000;0,000;0,000;0,000;0,000;0,000;24,94;24,25;25,12;25,62;24,87;25,37;600;600;
2026-07-07 16:51:53;3314343;RUNNING;3;4;0,000;0,000;0,000;0,000;0,000;0,000;0,000;0,000;0,000;0,000;0,000;0,000;0,000;0,000;0,000;0,000;0,000;0,000;0,000;0,000;24,94;24,25;25,12;25,62;24,87;25,37;600;900;
2026-07-07 16:51:54;3315343;RUNNING;3;4;0,000;0,000;0,000;0,000;0,000;0,000;0,000;0,000;0,000;0,000;0,000;0,000;0,000;0,000;0,000;0,000;0,000;0,000;0,000;0,000;24,94;24,25;25,12;25,62;24,87;25,31;600;600;
2026-07-07 16:51:55;3316343;RUNNING;3;4;0,000;0,000;0,000;0,000;0,000;0,000;0,000;0,000;0,000;0,000;0,000;0,000;0,000;0,000;0,000;0,000;0,000;0,000;0,000;0,000;24,94;24,25;25,12;25,62;24,87;25,31;600;600;
2026-07-07 16:51:56;3317343;RUNNING;3;4;0,000;0,000;0,000;0,000;0,000;0,000;0,000;0,000;0,000;0,000;0,000;0,000;0,000;0,000;0,000;0,000;0,000;0,000;0,000;0,000;24,94;24,25;25,12;25,62;24,87;25,31;600;900;
2026-07-07 16:51:57;3318343;RUNNING;3;4;0,000;0,000;0,000;0,000;0,000;0,000;0,000;0,000;0,000;0,000;0,000;0,000;0,000;0,000;0,000;0,000;0,000;0,000;0,000;0,000;24,94;24,25;25,12;25,62;24,81;25,31;600;600;
2026-07-07 16:51:58;3319343;RUNNING;3;4;0,000;0,000;0,000;0,000;0,000;0,000;0,000;0,000;0,000;0,000;0,000;0,000;0,000;0,000;0,000;0,000;0,000;0,000;0,000;0,000;24,94;24,25;25,12;25,56;24,81;25,31;900;600;
2026-07-07 16:51:59;3320343;RUNNING;3;4;0,000;0,000;0,000;0,000;0,000;0,000;0,000;0,000;0,000;0,000;0,000;0,000;0,000;0,000;0,000;0,000;0,000;0,000;0,000;0,000;24,94;24,25;25,12;25,56;24,81;25,31;900;900;
2026-07-07 16:52:00;3321343;RUNNING;3;4;0,000;0,000;0,000;0,000;0,000;0,000;0,000;0,000;0,000;0,000;0,000;0,000;0,000;0,000;0,000;0,000;0,000;0,000;0,000;0,000;24,94;24,25;25,12;25,56;24,81;25,31;900;600;
2026-07-07 16:52:01;3322343;RUNNING;3;4;0,000;0,000;0,000;0,000;0,000;0,000;0,000;0,000;0,000;0,000;0,000;0,000;0,000;0,000;0,000;0,000;0,000;0,000;0,000;0,000;24,94;24,25;25,12;25,56;24,81;25,31;900;600;
2026-07-07 16:52:02;3323343;RUNNING;3;4;0,000;0,000;0,000;0,000;0,000;0,000;0,000;0,000;0,000;0,000;0,000;0,000;0,000;0,000;0,000;0,000;0,000;0,000;0,000;0,000;24,94;24,25;25,12;25,56;24,81;25,25;900;900;
2026-07-07 16:52:03;3324343;RUNNING;3;4;0,000;0,000;0,000;0,000;0,000;0,000;0,000;0,000;0,000;0,000;0,000;0,000;0,000;0,000;0,000;0,000;0,000;0,000;0,000;0,000;25,00;24,25;25,12;25,56;24,81;25,25;900;600;
2026-07-07 16:52:04;3325343;RUNNING;3;4;0,000;0,000;0,000;0,000;0,000;0,000;0,000;0,000;0,000;0,000;0,000;0,000;0,000;0,000;0,000;0,000;0,000;0,000;0,000;0,000;24,94;24,25;25,12;25,56;24,75;25,25;900;600;
2026-07-07 16:52:05;3326343;RUNNING;3;4;0,000;0,000;0,000;0,000;0,000;0,000;0,000;0,000;0,000;0,000;0,000;0,000;0,000;0,000;0,000;0,000;0,000;0,000;0,000;0,000;24,94;24,25;25,12;25,56;24,75;25,25;900;900;
2026-07-07 16:52:06;3327343;RUNNING;3;4;0,000;0,000;0,000;0,000;0,000;0,000;0,000;0,000;0,000;0,000;0,000;0,000;0,000;0,000;0,000;0,000;0,000;0,000;0,000;0,000;25,00;24,25;25,12;25,56;24,75;25,25;900;600;
2026-07-07 16:52:07;3328343;RUNNING;3;4;0,000;0,000;0,000;0,000;0,000;0,000;0,000;0,000;0,000;0,000;0,000;0,000;0,000;0,000;0,000;0,000;0,000;0,000;0,000;0,000;25,00;24,25;25,12;25,56;24,75;25,25;900;600;
2026-07-07 16:52:08;3329343;RUNNING;3;4;0,000;0,000;0,000;0,000;0,000;0,000;0,000;0,000;0,000;0,000;0,000;0,000;0,000;0,000;0,000;0,000;0,000;0,000;0,000;0,000;25,00;24,25;25,12;25,50;24,75;25,25;900;900;
2026-07-07 16:52:09;3330343;RUNNING;3;4;0,000;0,000;0,000;0,000;0,000;0,000;0,000;0,000;0,000;0,000;0,000;0,000;0,000;0,000;0,000;0,000;0,000;0,000;0,000;0,000;25,00;24,25;25,06;25,50;24,75;25,25;900;600;
2026-07-07 16:52:10;3331343;RUNNING;3;4;0,000;0,000;0,000;0,000;0,000;0,000;0,000;0,000;0,000;0,000;0,000;0,000;0,000;0,000;0,000;0,000;0,000;0,000;0,000;0,000;25,00;24,25;25,12;25,50;24,75;25,25;600;600;
2026-07-07 16:52:11;3332343;RUNNING;3;4;0,000;0,000;0,000;0,000;0,000;0,000;0,000;0,000;0,000;0,000;0,000;0,000;0,000;0,000;0,000;0,000;0,000;0,000;0,000;0,000;25,00;24,25;25,12;25,50;24,69;25,19;600;900;
2026-07-07 16:52:12;3333343;RUNNING;3;4;0,000;0,000;0,000;0,000;0,000;0,000;0,000;0,000;0,000;0,000;0,000;0,000;0,000;0,000;0,000;0,000;0,000;0,000;0,000;0,000;25,00;24,25;25,12;25,50;24,69;25,19;600;600;
2026-07-07 16:52:13;3334343;RUNNING;3;4;0,000;0,000;0,000;0,000;0,000;0,000;0,000;0,000;0,000;0,000;0,000;0,000;0,000;0,000;0,000;0,000;0,000;0,000;0,000;0,000;25,00;24,25;25,12;25,50;24,69;25,19;600;600;
2026-07-07 16:52:14;3335343;RUNNING;3;4;0,000;0,000;0,000;0,000;0,000;0,000;0,000;0,000;0,000;0,000;0,000;0,000;0,000;0,000;0,000;0,000;0,000;0,000;0,000;0,000;25,00;24,25;25,12;25,50;24,69;25,19;600;900;
2026-07-07 16:52:15;3336343;RUNNING;3;4;0,000;0,000;0,000;0,000;0,000;0,000;0,000;0,000;0,000;0,000;0,000;0,000;0,000;0,000;0,000;0,000;0,000;0,000;0,000;0,000;25,00;24,25;25,12;25,50;24,69;25,19;600;900;
2026-07-07 16:52:16;3337343;RUNNING;3;4;0,000;0,000;0,000;0,000;0,000;0,000;0,000;0,000;0,000;0,000;0,000;0,000;0,000;0,000;0,000;0,000;0,000;0,000;0,000;0,000;25,00;24,25;25,12;25,50;24,69;25,19;600;600;
2026-07-07 16:52:17;3338343;RUNNING;3;4;0,000;0,000;0,000;0,000;0,000;0,000;0,000;0,000;0,000;0,000;0,000;0,000;0,000;0,000;0,000;0,000;0,000;0,000;0,000;0,000;25,00;24,25;25,12;25,50;24,69;25,19;600;600;
2026-07-07 16:52:18;3339343;RUNNING;3;4;0,000;0,000;0,000;0,000;0,000;0,000;0,000;0,000;0,000;0,000;0,000;0,000;0,000;0,000;0,000;0,000;0,000;0,000;0,000;0,000;25,00;24,25;25,12;25,50;24,69;25,19;600;900;
2026-07-07 16:52:19;3340343;RUNNING;3;4;0,000;0,000;0,000;0,000;0,000;0,000;0,000;0,000;0,000;0,000;0,000;0,000;0,000;0,000;0,000;0,000;0,000;0,000;0,000;0,000;25,00;24,25;25,06;25,44;24,69;25,12;600;600;
2026-07-07 16:52:20;3341343;RUNNING;3;4;0,000;0,000;0,000;0,000;0,000;0,000;0,000;0,000;0,000;0,000;0,000;0,000;0,000;0,000;0,000;0,000;0,000;0,000;0,000;0,000;25,00;24,25;25,12;25,44;24,69;25,12;600;600;
2026-07-07 16:52:21;3342343;RUNNING;3;4;0,000;0,000;0,000;0,000;0,000;0,000;0,000;0,000;0,000;0,000;0,000;0,000;0,000;0,000;0,000;0,000;0,000;0,000;0,000;0,000;25,00;24,25;25,12;25,44;24,62;25,12;600;900;
2026-07-07 16:52:22;3343343;RUNNING;3;4;0,000;0,000;0,000;0,000;0,000;0,000;0,000;0,000;0,000;0,000;0,000;0,000;0,000;0,000;0,000;0,000;0,000;0,000;0,000;0,000;25,00;24,25;25,12;25,44;24,62;25,12;600;600;
2026-07-07 16:52:23;3344343;RUNNING;3;4;0,000;0,000;0,000;0,000;0,000;0,000;0,000;0,000;0,000;0,000;0,000;0,000;0,000;0,000;0,000;0,000;0,000;0,000;0,000;0,000;25,00;24,25;25,12;25,44;24,62;25,12;900;600;
2026-07-07 16:52:24;3345343;RUNNING;3;4;0,000;0,000;0,000;0,000;0,000;0,000;0,000;0,000;0,000;0,000;0,000;0,000;0,000;0,000;0,000;0,000;0,000;0,000;0,000;0,000;25,00;24,25;25,06;25,44;24,62;25,12;900;900;
2026-07-07 16:52:25;3346343;RUNNING;3;4;0,000;0,000;0,000;0,000;0,000;0,000;0,000;0,000;0,000;0,000;0,000;0,000;0,000;0,000;0,000;0,000;0,000;0,000;0,000;0,000;25,00;24,25;25,12;25,44;24,62;25,12;900;600;
2026-07-07 16:52:26;3347343;RUNNING;3;4;0,000;0,000;0,000;0,000;0,000;0,000;0,000;0,000;0,000;0,000;0,000;0,000;0,000;0,000;0,000;0,000;0,000;0,000;0,000;0,000;25,00;24,25;25,06;25,37;24,62;25,12;900;600;
2026-07-07 16:52:27;3348343;RUNNING;3;4;0,000;0,000;0,000;0,000;0,000;0,000;0,000;0,000;0,000;0,000;0,000;0,000;0,000;0,000;0,000;0,000;0,000;0,000;0,000;0,000;25,00;24,25;25,06;25,37;24,62;25,12;900;900;
2026-07-07 16:52:28;3349343;RUNNING;3;4;0,000;0,000;0,000;0,000;0,000;0,000;0,000;0,000;0,000;0,000;0,000;0,000;0,000;0,000;0,000;0,000;0,000;0,000;0,000;0,000;25,00;24,25;25,06;25,37;24,56;25,06;900;600;
2026-07-07 16:52:29;3350343;RUNNING;3;4;0,000;0,000;0,000;0,000;0,000;0,000;0,000;0,000;0,000;0,000;0,000;0,000;0,000;0,000;0,000;0,000;0,000;0,000;0,000;0,000;25,00;24,25;25,12;25,37;24,56;25,12;900;600;
2026-07-07 16:52:30;3351343;RUNNING;3;4;0,000;0,000;0,000;0,000;0,000;0,000;0,000;0,000;0,000;0,000;0,000;0,000;0,000;0,000;0,000;0,000;0,000;0,000;0,000;0,000;25,00;24,25;25,06;25,37;24,56;25,12;900;900;
2026-07-07 16:52:31;3352343;RUNNING;3;4;0,000;0,000;0,000;0,000;0,000;0,000;0,000;0,000;0,000;0,000;0,000;0,000;0,000;0,000;0,000;0,000;0,000;0,000;0,000;0,000;25,00;24,25;25,12;25,37;24,62;25,06;900;900;
2026-07-07 16:52:32;3353343;RUNNING;3;4;0,000;0,000;0,000;0,000;0,000;0,000;0,000;0,000;0,000;0,000;0,000;0,000;0,000;0,000;0,000;0,000;0,000;0,000;0,000;0,000;25,06;24,25;25,06;25,37;24,62;25,06;1200;600;
2026-07-07 16:52:33;3354343;RUNNING;3;4;0,000;0,000;0,000;0,000;0,000;0,000;0,000;0,000;0,000;0,000;0,000;0,000;0,000;0,000;0,000;0,000;0,000;0,000;0,000;0,000;25,00;24,25;25,06;25,37;24,56;25,06;600;900;
2026-07-07 16:52:34;3355343;RUNNING;3;4;0,000;0,000;0,000;0,000;0,000;0,000;0,000;0,000;0,000;0,000;0,000;0,000;0,000;0,000;0,000;0,000;0,000;0,000;0,000;0,000;25,00;24,25;25,06;25,37;24,56;25,06;600;900;
2026-07-07 16:52:35;3356343;RUNNING;3;4;0,000;0,000;0,000;0,000;0,000;0,000;0,000;0,000;0,000;0,000;0,000;0,000;0,000;0,000;0,000;0,000;0,000;0,000;0,000;0,000;25,06;24,25;25,06;25,37;24,56;25,06;600;600;
2026-07-07 16:52:36;3357343;RUNNING;3;4;0,000;0,000;0,000;0,000;0,000;0,000;0,000;0,000;0,000;0,000;0,000;0,000;0,000;0,000;0,000;0,000;0,000;0,000;0,000;0,000;25,00;24,25;25,06;25,37;24,56;25,06;600;600;
2026-07-07 16:52:37;3358343;RUNNING;3;4;0,000;0,000;0,000;0,000;0,000;0,000;0,000;0,000;0,000;0,000;0,000;0,000;0,000;0,000;0,000;0,000;0,000;0,000;0,000;0,000;25,06;24,25;25,06;25,37;24,56;25,06;600;900;
2026-07-07 16:52:38;3359343;RUNNING;3;4;0,000;0,000;0,000;0,000;0,000;0,000;0,000;0,000;0,000;0,000;0,000;0,000;0,000;0,000;0,000;0,000;0,000;0,000;0,000;0,000;25,00;24,25;25,06;25,37;24,56;25,06;600;600;
2026-07-07 16:52:39;3360343;RUNNING;3;4;0,000;0,000;0,000;0,000;0,000;0,000;0,000;0,000;0,000;0,000;0,000;0,000;0,000;0,000;0,000;0,000;0,000;0,000;0,000;0,000;25,06;24,25;25,06;25,31;24,56;25,06;600;600;
2026-07-07 16:52:40;3361343;RUNNING;3;4;0,000;0,000;0,000;0,000;0,000;0,000;0,000;0,000;0,000;0,000;0,000;0,000;0,000;0,000;0,000;0,000;0,000;0,000;0,000;0,000;25,00;24,25;25,06;25,31;24,56;25,06;600;900;
2026-07-07 16:52:41;3362343;RUNNING;3;4;0,000;0,000;0,000;0,000;0,000;0,000;0,000;0,000;0,000;0,000;0,000;0,000;0,000;0,000;0,000;0,000;0,000;0,000;0,000;0,000;25,06;24,25;25,06;25,31;24,56;25,06;600;600;
2026-07-07 16:52:42;3363343;RUNNING;3;4;0,000;0,000;0,000;0,000;0,000;0,000;0,000;0,000;0,000;0,000;0,000;0,000;0,000;0,000;0,000;0,000;0,000;0,000;0,000;0,000;25,06;24,25;25,06;25,31;24,50;25,06;600;600;
2026-07-07 16:52:43;3364343;RUNNING;3;4;0,000;0,000;0,000;0,000;0,000;0,000;0,000;0,000;0,000;0,000;0,000;0,000;0,000;0,000;0,000;0,000;0,000;0,000;0,000;0,000;25,06;24,25;25,06;25,31;24,50;25,00;600;900;
2026-07-07 16:52:44;3365343;RUNNING;3;4;0,000;0,000;0,000;0,000;0,000;0,000;0,000;0,000;0,000;0,000;0,000;0,000;0,000;0,000;0,000;0,000;0,000;0,000;0,000;0,000;25,06;24,25;25,06;25,31;24,50;25,00;600;600;
2026-07-07 16:52:45;3366343;RUNNING;3;4;0,000;0,000;0,000;0,000;0,000;0,000;0,000;0,000;0,000;0,000;0,000;0,000;0,000;0,000;0,000;0,000;0,000;0,000;0,000;0,000;25,06;24,25;25,06;25,31;24,50;25,00;600;600;
2026-07-07 16:52:46;3367343;RUNNING;3;4;0,000;0,000;0,000;0,000;0,000;0,000;0,000;0,000;0,000;0,000;0,000;0,000;0,000;0,000;0,000;0,000;0,000;0,000;0,000;0,000;25,06;24,25;25,06;25,31;24,50;25,00;600;900;
2026-07-07 16:52:47;3368343;RUNNING;3;4;0,000;0,000;0,000;0,000;0,000;0,000;0,000;0,000;0,000;0,000;0,000;0,000;0,000;0,000;0,000;0,000;0,000;0,000;0,000;0,000;25,06;24,25;25,06;25,31;24,50;25,00;600;900;
2026-07-07 16:52:48;3369343;RUNNING;3;4;0,000;0,000;0,000;0,000;0,000;0,000;0,000;0,000;0,000;0,000;0,000;0,000;0,000;0,000;0,000;0,000;0,000;0,000;0,000;0,000;25,06;24,25;25,06;25,31;24,50;25,00;600;600;
2026-07-07 16:52:49;3370343;RUNNING;3;4;0,000;0,000;0,000;0,000;0,000;0,000;0,000;0,000;0,000;0,000;0,000;0,000;0,000;0,000;0,000;0,000;0,000;0,000;0,000;0,000;25,00;24,19;25,06;25,31;24,50;25,00;600;900;
2026-07-07 16:52:50;3371343;RUNNING;3;4;0,000;0,000;0,000;0,000;0,000;0,000;0,000;0,000;0,000;0,000;0,000;0,000;0,000;0,000;0,000;0,000;0,000;0,000;0,000;0,000;25,06;24,25;25,06;25,31;24,50;25,00;600;900;
2026-07-07 16:52:51;3372343;RUNNING;3;4;0,000;0,000;0,000;0,000;0,000;0,000;0,000;0,000;0,000;0,000;0,000;0,000;0,000;0,000;0,000;0,000;0,000;0,000;0,000;0,000;25,06;24,25;25,06;25,31;24,50;25,00;600;600;
2026-07-07 16:52:52;3373343;RUNNING;3;4;0,000;0,000;0,000;0,000;0,000;0,000;0,000;0,000;0,000;0,000;0,000;0,000;0,000;0,000;0,000;0,000;0,000;0,000;0,000;0,000;25,06;24,19;25,06;25,31;24,50;25,00;600;600;
2026-07-07 16:52:53;3374343;RUNNING;3;4;0,000;0,000;0,000;0,000;0,000;0,000;0,000;0,000;0,000;0,000;0,000;0,000;0,000;0,000;0,000;0,000;0,000;0,000;0,000;0,000;25,06;24,25;25,06;25,25;24,50;25,00;600;900;
2026-07-07 16:52:54;3375343;RUNNING;3;4;0,000;0,000;0,000;0,000;0,000;0,000;0,000;0,000;0,000;0,000;0,000;0,000;0,000;0,000;0,000;0,000;0,000;0,000;0,000;0,000;25,06;24,25;25,06;25,25;24,44;25,00;600;600;
2026-07-07 16:52:55;3376343;RUNNING;3;4;0,000;0,000;0,000;0,000;0,000;0,000;0,000;0,000;0,000;0,000;0,000;0,000;0,000;0,000;0,000;0,000;0,000;0,000;0,000;0,000;25,06;24,19;25,06;25,25;24,50;25,00;600;600;
2026-07-07 16:52:56;3377343;RUNNING;3;4;0,000;0,000;0,000;0,000;0,000;0,000;0,000;0,000;0,000;0,000;0,000;0,000;0,000;0,000;0,000;0,000;0,000;0,000;0,000;0,000;25,06;24,25;25,06;25,25;24,50;25,00;600;900;
2026-07-07 16:52:57;3378343;RUNNING;3;4;0,000;0,000;0,000;0,000;0,000;0,000;0,000;0,000;0,000;0,000;0,000;0,000;0,000;0,000;0,000;0,000;0,000;0,000;0,000;0,000;25,06;24,25;25,00;25,25;24,44;24,94;600;600;
2026-07-07 16:52:58;3379343;RUNNING;3;4;0,000;0,000;0,000;0,000;0,000;0,000;0,000;0,000;0,000;0,000;0,000;0,000;0,000;0,000;0,000;0,000;0,000;0,000;0,000;0,000;25,06;24,25;25,06;25,25;24,44;24,94;600;600;
2026-07-07 16:52:59;3380343;RUNNING;3;4;0,000;0,000;0,000;0,000;0,000;0,000;0,000;0,000;0,000;0,000;0,000;0,000;0,000;0,000;0,000;0,000;0,000;0,000;0,000;0,000;25,00;24,19;25,06;25,25;24,44;24,94;600;900;
2026-07-07 16:53:00;3381343;RUNNING;3;4;0,000;0,000;0,000;0,000;0,000;0,000;0,000;0,000;0,000;0,000;0,000;0,000;0,000;0,000;0,000;0,000;0,000;0,000;0,000;0,000;25,06;24,25;25,06;25,25;24,44;24,94;600;900;
2026-07-07 16:53:01;3382343;RUNNING;3;4;0,000;0,000;0,000;0,000;0,000;0,000;0,000;0,000;0,000;0,000;0,000;0,000;0,000;0,000;0,000;0,000;0,000;0,000;0,000;0,000;25,06;24,19;25,06;25,25;24,44;24,94;600;600;
2026-07-07 16:53:02;3383343;RUNNING;3;4;0,000;0,000;0,000;0,000;0,000;0,000;0,000;0,000;0,000;0,000;0,000;0,000;0,000;0,000;0,000;0,000;0,000;0,000;0,000;0,000;25,06;24,25;25,06;25,25;24,44;24,94;600;900;
2026-07-07 16:53:03;3384343;RUNNING;3;4;0,000;0,000;0,000;0,000;0,000;0,000;0,000;0,000;0,000;0,000;0,000;0,000;0,000;0,000;0,000;0,000;0,000;0,000;0,000;0,000;25,06;24,19;25,00;25,25;24,44;24,94;600;900;
2026-07-07 16:53:04;3385343;RUNNING;3;4;0,000;0,000;0,000;0,000;0,000;0,000;0,000;0,000;0,000;0,000;0,000;0,000;0,000;0,000;0,000;0,000;0,000;0,000;0,000;0,000;25,06;24,19;25,00;25,19;24,44;24,94;600;600;
2026-07-07 16:53:05;3386343;RUNNING;3;4;0,000;0,000;0,000;0,000;0,000;0,000;0,000;0,000;0,000;0,000;0,000;0,000;0,000;0,000;0,000;0,000;0,000;0,000;0,000;0,000;25,06;24,25;25,06;25,25;24,44;24,94;600;600;
2026-07-07 16:53:06;3387343;RUNNING;3;4;0,000;0,000;0,000;0,000;0,000;0,000;0,000;0,000;0,000;0,000;0,000;0,000;0,000;0,000;0,000;0,000;0,000;0,000;0,000;0,000;25,06;24,19;25,06;25,25;24,44;24,94;600;900;
2026-07-07 16:53:07;3388343;RUNNING;3;4;0,000;0,000;0,000;0,000;0,000;0,000;0,000;0,000;0,000;0,000;0,000;0,000;0,000;0,000;0,000;0,000;0,000;0,000;0,000;0,000;25,06;24,19;25,06;25,19;24,44;24,94;600;600;
2026-07-07 16:53:08;3389343;RUNNING;3;4;0,000;0,000;0,000;0,000;0,000;0,000;0,000;0,000;0,000;0,000;0,000;0,000;0,000;0,000;0,000;0,000;0,000;0,000;0,000;0,000;25,06;24,19;25,06;25,19;24,37;24,94;600;600;
2026-07-07 16:53:09;3390343;RUNNING;3;4;0,000;0,000;0,000;0,000;0,000;0,000;0,000;0,000;0,000;0,000;0,000;0,000;0,000;0,000;0,000;0,000;0,000;0,000;0,000;0,000;25,06;24,19;25,06;25,19;24,44;24,94;600;900;
2026-07-07 16:53:10;3391343;RUNNING;3;4;0,000;0,000;0,000;0,000;0,000;0,000;0,000;0,000;0,000;0,000;0,000;0,000;0,000;0,000;0,000;0,000;0,000;0,000;0,000;0,000;25,06;24,19;25,06;25,19;24,37;24,87;600;600;
2026-07-07 16:53:11;3392343;RUNNING;3;4;0,000;0,000;0,000;0,000;0,000;0,000;0,000;0,000;0,000;0,000;0,000;0,000;0,000;0,000;0,000;0,000;0,000;0,000;0,000;0,000;25,06;24,19;25,00;25,19;24,37;24,87;600;600;
2026-07-07 16:53:12;3393343;RUNNING;3;4;0,000;0,000;0,000;0,000;0,000;0,000;0,000;0,000;0,000;0,000;0,000;0,000;0,000;0,000;0,000;0,000;0,000;0,000;0,000;0,000;25,06;24,19;25,06;25,19;24,37;24,87;600;900;
2026-07-07 16:53:13;3394343;RUNNING;3;4;0,000;0,000;0,000;0,000;0,000;0,000;0,000;0,000;0,000;0,000;0,000;0,000;0,000;0,000;0,000;0,000;0,000;0,000;0,000;0,000;25,06;24,19;25,06;25,19;24,37;24,87;600;900;
2026-07-07 16:53:14;3395343;RUNNING;3;4;0,000;0,000;0,000;0,000;0,000;0,000;0,000;0,000;0,000;0,000;0,000;0,000;0,000;0,000;0,000;0,000;0,000;0,000;0,000;0,000;25,06;24,19;25,00;25,19;24,37;24,87;600;600;
2026-07-07 16:53:15;3396343;RUNNING;3;4;0,000;0,000;0,000;0,000;0,000;0,000;0,000;0,000;0,000;0,000;0,000;0,000;0,000;0,000;0,000;0,000;0,000;0,000;0,000;0,000;25,06;24,19;25,06;25,19;24,37;24,87;600;600;
2026-07-07 16:53:16;3397343;RUNNING;3;4;0,000;0,000;0,000;0,000;0,000;0,000;0,000;0,000;0,000;0,000;0,000;0,000;0,000;0,000;0,000;0,000;0,000;0,000;0,000;0,000;25,06;24,19;25,00;25,19;24,37;24,87;600;900;
2026-07-07 16:53:17;3398343;RUNNING;3;4;0,000;0,000;0,000;0,000;0,000;0,000;0,000;0,000;0,000;0,000;0,000;0,000;0,000;0,000;0,000;0,000;0,000;0,000;0,000;0,000;25,06;24,19;25,06;25,19;24,37;24,87;600;600;
2026-07-07 16:53:18;3399343;RUNNING;3;4;0,000;0,000;0,000;0,000;0,000;0,000;0,000;0,000;0,000;0,000;0,000;0,000;0,000;0,000;0,000;0,000;0,000;0,000;0,000;0,000;25,06;24,19;25,06;25,19;24,37;24,87;600;900;
2026-07-07 16:53:19;3400343;RUNNING;3;4;0,000;0,000;0,000;0,000;0,000;0,000;0,000;0,000;0,000;0,000;0,000;0,000;0,000;0,000;0,000;0,000;0,000;0,000;0,000;0,000;25,06;24,19;25,00;25,19;24,31;24,87;600;900;
2026-07-07 16:53:20;3401343;RUNNING;3;4;0,000;0,000;0,000;0,000;0,000;0,000;0,000;0,000;0,000;0,000;0,000;0,000;0,000;0,000;0,000;0,000;0,000;0,000;0,000;0,000;25,06;24,19;25,00;25,12;24,37;24,87;600;600;
2026-07-07 16:53:21;3402343;RUNNING;3;4;0,000;0,000;0,000;0,000;0,000;0,000;0,000;0,000;0,000;0,000;0,000;0,000;0,000;0,000;0,000;0,000;0,000;0,000;0,000;0,000;25,06;24,19;25,00;25,19;24,31;24,87;600;600;
2026-07-07 16:53:22;3403343;RUNNING;3;4;0,000;0,000;0,000;0,000;0,000;0,000;0,000;0,000;0,000;0,000;0,000;0,000;0,000;0,000;0,000;0,000;0,000;0,000;0,000;0,000;25,06;24,19;25,00;25,19;24,31;24,87;600;1200;
2026-07-07 16:53:23;3404343;RUNNING;3;4;0,000;0,000;0,000;0,000;0,000;0,000;0,000;0,000;0,000;0,000;0,000;0,000;0,000;0,000;0,000;0,000;0,000;0,000;0,000;0,000;25,06;24,19;25,06;25,19;24,31;24,81;600;900;
2026-07-07 16:53:24;3405343;RUNNING;3;4;0,000;0,000;0,000;0,000;0,000;0,000;0,000;0,000;0,000;0,000;0,000;0,000;0,000;0,000;0,000;0,000;0,000;0,000;0,000;0,000;25,06;24,19;25,00;25,19;24,31;24,81;600;600;
2026-07-07 16:53:25;3406343;RUNNING;3;4;0,000;0,000;0,000;0,000;0,000;0,000;0,000;0,000;0,000;0,000;0,000;0,000;0,000;0,000;0,000;0,000;0,000;0,000;0,000;0,000;25,06;24,19;25,00;25,12;24,31;24,87;600;900;
2026-07-07 16:53:26;3407343;RUNNING;3;4;0,000;0,000;0,000;0,000;0,000;0,000;0,000;0,000;0,000;0,000;0,000;0,000;0,000;0,000;0,000;0,000;0,000;0,000;0,000;0,000;25,06;24,19;25,00;25,12;24,31;24,81;600;900;
2026-07-07 16:53:27;3408343;RUNNING;3;4;0,000;0,000;0,000;0,000;0,000;0,000;0,000;0,000;0,000;0,000;0,000;0,000;0,000;0,000;0,000;0,000;0,000;0,000;0,000;0,000;25,06;24,19;25,00;25,12;24,31;24,81;600;600;
2026-07-07 16:53:28;3409343;RUNNING;3;4;0,000;0,000;0,000;0,000;0,000;0,000;0,000;0,000;0,000;0,000;0,000;0,000;0,000;0,000;0,000;0,000;0,000;0,000;0,000;0,000;25,06;24,19;25,00;25,12;24,31;24,81;600;600;
2026-07-07 16:53:29;3410343;RUNNING;3;4;0,000;0,000;0,000;0,000;0,000;0,000;0,000;0,000;0,000;0,000;0,000;0,000;0,000;0,000;0,000;0,000;0,000;0,000;0,000;0,000;25,06;24,19;25,00;25,12;24,31;24,81;600;900;
2026-07-07 16:53:30;3411343;RUNNING;3;4;0,000;0,000;0,000;0,000;0,000;0,000;0,000;0,000;0,000;0,000;0,000;0,000;0,000;0,000;0,000;0,000;0,000;0,000;0,000;0,000;25,06;24,19;25,00;25,12;24,31;24,81;600;900;
2026-07-07 16:53:31;3412343;RUNNING;3;4;0,000;0,000;0,000;0,000;0,000;0,000;0,000;0,000;0,000;0,000;0,000;0,000;0,000;0,000;0,000;0,000;0,000;0,000;0,000;0,000;25,06;24,19;25,00;25,12;24,31;24,81;600;600;
2026-07-07 16:53:32;3413343;RUNNING;3;4;0,000;0,000;0,000;0,000;0,000;0,000;0,000;0,000;0,000;0,000;0,000;0,000;0,000;0,000;0,000;0,000;0,000;0,000;0,000;0,000;25,06;24,19;25,00;25,12;24,31;24,81;600;900;
2026-07-07 16:53:33;3414343;RUNNING;3;4;0,000;0,000;0,000;0,000;0,000;0,000;0,000;0,000;0,000;0,000;0,000;0,000;0,000;0,000;0,000;0,000;0,000;0,000;0,000;0,000;25,06;24,19;25,00;25,12;24,25;24,81;600;900;
2026-07-07 16:53:34;3415343;RUNNING;3;4;0,000;0,000;0,000;0,000;0,000;0,000;0,000;0,000;0,000;0,000;0,000;0,000;0,000;0,000;0,000;0,000;0,000;0,000;0,000;0,000;25,06;24,19;25,00;25,12;24,31;24,81;600;600;
2026-07-07 16:53:35;3416343;RUNNING;3;4;0,000;0,000;0,000;0,000;0,000;0,000;0,000;0,000;0,000;0,000;0,000;0,000;0,000;0,000;0,000;0,000;0,000;0,000;0,000;0,000;25,06;24,19;25,00;25,12;24,31;24,81;600;600;
2026-07-07 16:53:36;3417343;RUNNING;3;4;0,000;0,000;0,000;0,000;0,000;0,000;0,000;0,000;0,000;0,000;0,000;0,000;0,000;0,000;0,000;0,000;0,000;0,000;0,000;0,000;25,06;24,19;25,00;25,12;24,31;24,81;600;900;
2026-07-07 16:53:37;3418343;RUNNING;3;4;0,000;0,000;0,000;0,000;0,000;0,000;0,000;0,000;0,000;0,000;0,000;0,000;0,000;0,000;0,000;0,000;0,000;0,000;0,000;0,000;25,06;24,19;25,00;25,12;24,25;24,81;600;600;
2026-07-07 16:53:38;3419343;RUNNING;3;4;0,000;0,000;0,000;0,000;0,000;0,000;0,000;0,000;0,000;0,000;0,000;0,000;0,000;0,000;0,000;0,000;0,000;0,000;0,000;0,000;25,06;24,12;25,00;25,06;24,25;24,81;600;600;
2026-07-07 16:53:39;3420343;RUNNING;3;4;0,000;0,000;0,000;0,000;0,000;0,000;0,000;0,000;0,000;0,000;0,000;0,000;0,000;0,000;0,000;0,000;0,000;0,000;0,000;0,000;25,06;24,19;25,00;25,12;24,25;24,81;600;900;
2026-07-07 16:53:40;3421343;RUNNING;3;4;0,000;0,000;0,000;0,000;0,000;0,000;0,000;0,000;0,000;0,000;0,000;0,000;0,000;0,000;0,000;0,000;0,000;0,000;0,000;0,000;25,06;24,19;25,00;25,12;24,25;24,81;600;900;
2026-07-07 16:53:41;3422343;RUNNING;3;4;0,000;0,000;0,000;0,000;0,000;0,000;0,000;0,000;0,000;0,000;0,000;0,000;0,000;0,000;0,000;0,000;0,000;0,000;0,000;0,000;25,06;24,12;25,00;25,06;24,25;24,75;600;600;
2026-07-07 16:53:42;3423343;RUNNING;3;4;0,000;0,000;0,000;0,000;0,000;0,000;0,000;0,000;0,000;0,000;0,000;0,000;0,000;0,000;0,000;0,000;0,000;0,000;0,000;0,000;25,06;24,19;25,00;25,06;24,25;24,75;600;600;
2026-07-07 16:53:43;3424343;RUNNING;3;4;0,000;0,000;0,000;0,000;0,000;0,000;0,000;0,000;0,000;0,000;0,000;0,000;0,000;0,000;0,000;0,000;0,000;0,000;0,000;0,000;25,06;24,12;25,00;25,06;24,25;24,75;600;900;
2026-07-07 16:53:44;3425343;RUNNING;3;4;0,000;0,000;0,000;0,000;0,000;0,000;0,000;0,000;0,000;0,000;0,000;0,000;0,000;0,000;0,000;0,000;0,000;0,000;0,000;0,000;25,06;24,19;25,00;25,06;24,25;24,75;900;900;
2026-07-07 16:53:45;3426343;RUNNING;3;4;0,000;0,000;0,000;0,000;0,000;0,000;0,000;0,000;0,000;0,000;0,000;0,000;0,000;0,000;0,000;0,000;0,000;0,000;0,000;0,000;25,06;24,19;25,00;25,06;24,25;24,75;600;600;
2026-07-07 16:53:46;3427343;RUNNING;3;4;0,000;0,000;0,000;0,000;0,000;0,000;0,000;0,000;0,000;0,000;0,000;0,000;0,000;0,000;0,000;0,000;0,000;0,000;0,000;0,000;25,06;24,19;25,00;25,06;24,25;24,75;600;600;
2026-07-07 16:53:47;3428343;RUNNING;3;4;0,000;0,000;0,000;0,000;0,000;0,000;0,000;0,000;0,000;0,000;0,000;0,000;0,000;0,000;0,000;0,000;0,000;0,000;0,000;0,000;25,06;24,12;25,00;25,06;24,25;24,75;600;900;
2026-07-07 16:53:48;3429343;RUNNING;3;4;0,000;0,000;0,000;0,000;0,000;0,000;0,000;0,000;0,000;0,000;0,000;0,000;0,000;0,000;0,000;0,000;0,000;0,000;0,000;0,000;25,06;24,19;25,00;25,06;24,25;24,75;600;600;
2026-07-07 16:53:49;3430343;RUNNING;3;4;0,000;0,000;0,000;0,000;0,000;0,000;0,000;0,000;0,000;0,000;0,000;0,000;0,000;0,000;0,000;0,000;0,000;0,000;0,000;0,000;25,06;24,12;25,00;25,06;24,25;24,75;600;600;
2026-07-07 16:53:50;3431343;RUNNING;3;4;0,000;0,000;0,000;0,000;0,000;0,000;0,000;0,000;0,000;0,000;0,000;0,000;0,000;0,000;0,000;0,000;0,000;0,000;0,000;0,000;25,06;24,12;25,00;25,06;24,25;24,75;600;900;
2026-07-07 16:53:51;3432343;RUNNING;3;4;0,000;0,000;0,000;0,000;0,000;0,000;0,000;0,000;0,000;0,000;0,000;0,000;0,000;0,000;0,000;0,000;0,000;0,000;0,000;0,000;25,06;24,12;25,00;25,06;24,25;24,75;600;900;
2026-07-07 16:53:52;3433343;RUNNING;3;4;0,000;0,000;0,000;0,000;0,000;0,000;0,000;0,000;0,000;0,000;0,000;0,000;0,000;0,000;0,000;0,000;0,000;0,000;0,000;0,000;25,06;24,12;25,00;25,06;24,19;24,75;600;600;
2026-07-07 16:53:53;3434343;RUNNING;3;4;0,000;0,000;0,000;0,000;0,000;0,000;0,000;0,000;0,000;0,000;0,000;0,000;0,000;0,000;0,000;0,000;0,000;0,000;0,000;0,000;25,06;24,12;25,00;25,06;24,19;24,75;600;600;
2026-07-07 16:53:54;3435343;RUNNING;3;4;0,000;0,000;0,000;0,000;0,000;0,000;0,000;0,000;0,000;0,000;0,000;0,000;0,000;0,000;0,000;0,000;0,000;0,000;0,000;0,000;25,06;24,12;25,00;25,06;24,25;24,75;600;900;
2026-07-07 16:53:55;3436343;RUNNING;3;4;0,000;0,000;0,000;0,000;0,000;0,000;0,000;0,000;0,000;0,000;0,000;0,000;0,000;0,000;0,000;0,000;0,000;0,000;0,000;0,000;25,06;24,12;25,00;25,06;24,19;24,75;600;600;
2026-07-07 16:53:56;3437343;RUNNING;3;4;0,000;0,000;0,000;0,000;0,000;0,000;0,000;0,000;0,000;0,000;0,000;0,000;0,000;0,000;0,000;0,000;0,000;0,000;0,000;0,000;25,06;24,12;25,00;25,06;24,19;24,75;600;600;
2026-07-07 16:53:57;3438343;RUNNING;3;4;0,000;0,000;0,000;0,000;0,000;0,000;0,000;0,000;0,000;0,000;0,000;0,000;0,000;0,000;0,000;0,000;0,000;0,000;0,000;0,000;25,06;24,12;25,00;25,06;24,19;24,75;600;900;
2026-07-07 16:53:58;3439343;RUNNING;3;4;0,000;0,000;0,000;0,000;0,000;0,000;0,000;0,000;0,000;0,000;0,000;0,000;0,000;0,000;0,000;0,000;0,000;0,000;0,000;0,000;25,06;24,12;25,00;25,06;24,19;24,69;600;900;
2026-07-07 16:53:59;3440343;RUNNING;3;4;0,000;0,000;0,000;0,000;0,000;0,000;0,000;0,000;0,000;0,000;0,000;0,000;0,000;0,000;0,000;0,000;0,000;0,000;0,000;0,000;25,06;24,12;25,00;25,06;24,19;24,69;600;600;
2026-07-07 16:54:00;3441343;RUNNING;3;4;0,000;0,000;0,000;0,000;0,000;0,000;0,000;0,000;0,000;0,000;0,000;0,000;0,000;0,000;0,000;0,000;0,000;0,000;0,000;0,000;25,06;24,12;25,00;25,06;24,19;24,69;900;600;
2026-07-07 16:54:01;3442343;RUNNING;3;4;0,000;0,000;0,000;0,000;0,000;0,000;0,000;0,000;0,000;0,000;0,000;0,000;0,000;0,000;0,000;0,000;0,000;0,000;0,000;0,000;25,06;24,12;25,00;25,00;24,19;24,69;900;900;
2026-07-07 16:54:02;3443343;RUNNING;3;4;0,000;0,000;0,000;0,000;0,000;0,000;0,000;0,000;0,000;0,000;0,000;0,000;0,000;0,000;0,000;0,000;0,000;0,000;0,000;0,000;25,06;24,12;25,00;25,00;24,19;24,69;900;600;
2026-07-07 16:54:03;3444343;RUNNING;3;4;0,000;0,000;0,000;0,000;0,000;0,000;0,000;0,000;0,000;0,000;0,000;0,000;0,000;0,000;0,000;0,000;0,000;0,000;0,000;0,000;25,06;24,12;24,94;25,00;24,19;24,69;900;600;
2026-07-07 16:54:04;3445343;RUNNING;3;4;0,000;0,000;0,000;0,000;0,000;0,000;0,000;0,000;0,000;0,000;0,000;0,000;0,000;0,000;0,000;0,000;0,000;0,000;0,000;0,000;25,06;24,12;24,94;25,00;24,19;24,69;900;900;
2026-07-07 16:54:05;3446343;RUNNING;3;4;0,000;0,000;0,000;0,000;0,000;0,000;0,000;0,000;0,000;0,000;0,000;0,000;0,000;0,000;0,000;0,000;0,000;0,000;0,000;0,000;25,06;24,12;24,94;25,00;24,19;24,69;900;900;
2026-07-07 16:54:06;3447343;RUNNING;3;4;0,000;0,000;0,000;0,000;0,000;0,000;0,000;0,000;0,000;0,000;0,000;0,000;0,000;0,000;0,000;0,000;0,000;0,000;0,000;0,000;25,06;24,12;24,94;25,00;24,19;24,69;900;600;
2026-07-07 16:54:07;3448343;RUNNING;3;4;0,000;0,000;0,000;0,000;0,000;0,000;0,000;0,000;0,000;0,000;0,000;0,000;0,000;0,000;0,000;0,000;0,000;0,000;0,000;0,000;25,06;24,12;24,94;25,00;24,19;24,69;900;600;
2026-07-07 16:54:08;3449343;RUNNING;3;4;0,000;0,000;0,000;0,000;0,000;0,000;0,000;0,000;0,000;0,000;0,000;0,000;0,000;0,000;0,000;0,000;0,000;0,000;0,000;0,000;25,00;24,12;24,94;25,00;24,19;24,69;900;900;
2026-07-07 16:54:09;3450343;RUNNING;3;4;0,000;0,000;0,000;0,000;0,000;0,000;0,000;0,000;0,000;0,000;0,000;0,000;0,000;0,000;0,000;0,000;0,000;0,000;0,000;0,000;25,06;24,12;24,94;25,00;24,19;24,69;600;600;
2026-07-07 16:54:10;3451343;RUNNING;3;4;0,000;0,000;0,000;0,000;0,000;0,000;0,000;0,000;0,000;0,000;0,000;0,000;0,000;0,000;0,000;0,000;0,000;0,000;0,000;0,000;25,06;24,12;25,00;25,00;24,19;24,69;600;600;
2026-07-07 16:54:11;3452343;RUNNING;3;4;0,000;0,000;0,000;0,000;0,000;0,000;0,000;0,000;0,000;0,000;0,000;0,000;0,000;0,000;0,000;0,000;0,000;0,000;0,000;0,000;25,06;24,12;25,00;25,00;24,19;24,69;600;900;
2026-07-07 16:54:12;3453343;RUNNING;3;4;0,000;0,000;0,000;0,000;0,000;0,000;0,000;0,000;0,000;0,000;0,000;0,000;0,000;0,000;0,000;0,000;0,000;0,000;0,000;0,000;25,00;24,12;24,94;25,00;24,19;24,69;600;900;
2026-07-07 16:54:13;3454343;RUNNING;3;4;0,000;0,000;0,000;0,000;0,000;0,000;0,000;0,000;0,000;0,000;0,000;0,000;0,000;0,000;0,000;0,000;0,000;0,000;0,000;0,000;25,06;24,12;24,94;25,00;24,19;24,69;600;600;
2026-07-07 16:54:14;3455343;RUNNING;3;4;0,000;0,000;0,000;0,000;0,000;0,000;0,000;0,000;0,000;0,000;0,000;0,000;0,000;0,000;0,000;0,000;0,000;0,000;0,000;0,000;25,06;24,06;24,94;25,00;24,12;24,69;600;600;
2026-07-07 16:54:15;3456343;RUNNING;3;4;0,000;0,000;0,000;0,000;0,000;0,000;0,000;0,000;0,000;0,000;0,000;0,000;0,000;0,000;0,000;0,000;0,000;0,000;0,000;0,000;25,06;24,12;24,94;25,00;24,12;24,69;600;900;
2026-07-07 16:54:16;3457343;RUNNING;3;4;0,000;0,000;0,000;0,000;0,000;0,000;0,000;0,000;0,000;0,000;0,000;0,000;0,000;0,000;0,000;0,000;0,000;0,000;0,000;0,000;25,06;24,12;24,94;24,94;24,12;24,62;600;900;
2026-07-07 16:54:17;3458343;RUNNING;3;4;0,000;0,000;0,000;0,000;0,000;0,000;0,000;0,000;0,000;0,000;0,000;0,000;0,000;0,000;0,000;0,000;0,000;0,000;0,000;0,000;25,06;24,12;24,94;25,00;24,12;24,69;600;600;
2026-07-07 16:54:18;3459343;RUNNING;3;4;0,000;0,000;0,000;0,000;0,000;0,000;0,000;0,000;0,000;0,000;0,000;0,000;0,000;0,000;0,000;0,000;0,000;0,000;0,000;0,000;25,06;24,06;24,94;25,00;24,12;24,69;900;600;
2026-07-07 16:54:19;3460343;RUNNING;3;4;0,000;0,000;0,000;0,000;0,000;0,000;0,000;0,000;0,000;0,000;0,000;0,000;0,000;0,000;0,000;0,000;0,000;0,000;0,000;0,000;25,06;24,06;24,94;24,94;24,12;24,69;900;900;
2026-07-07 16:54:20;3461343;RUNNING;3;4;0,000;0,000;0,000;0,000;0,000;0,000;0,000;0,000;0,000;0,000;0,000;0,000;0,000;0,000;0,000;0,000;0,000;0,000;0,000;0,000;25,06;24,12;24,94;25,00;24,12;24,62;900;600;
2026-07-07 16:54:21;3462343;RUNNING;3;4;0,000;0,000;0,000;0,000;0,000;0,000;0,000;0,000;0,000;0,000;0,000;0,000;0,000;0,000;0,000;0,000;0,000;0,000;0,000;0,000;25,06;24,06;24,94;25,00;24,12;24,69;900;600;
2026-07-07 16:54:22;3463343;RUNNING;3;4;0,000;0,000;0,000;0,000;0,000;0,000;0,000;0,000;0,000;0,000;0,000;0,000;0,000;0,000;0,000;0,000;0,000;0,000;0,000;0,000;25,06;24,06;24,94;25,00;24,12;24,62;900;600;
2026-07-07 16:54:23;3464343;RUNNING;3;4;0,000;0,000;0,000;0,000;0,000;0,000;0,000;0,000;0,000;0,000;0,000;0,000;0,000;0,000;0,000;0,000;0,000;0,000;0,000;0,000;25,06;24,06;24,94;24,94;24,12;24,62;900;900;
2026-07-07 16:54:24;3465343;RUNNING;3;4;0,000;0,000;0,000;0,000;0,000;0,000;0,000;0,000;0,000;0,000;0,000;0,000;0,000;0,000;0,000;0,000;0,000;0,000;0,000;0,000;25,06;24,06;24,94;24,94;24,12;24,62;900;600;
2026-07-07 16:54:25;3466343;RUNNING;3;4;0,000;0,000;0,000;0,000;0,000;0,000;0,000;0,000;0,000;0,000;0,000;0,000;0,000;0,000;0,000;0,000;0,000;0,000;0,000;0,000;25,06;24,06;24,94;24,94;24,12;24,62;900;600;
2026-07-07 16:54:26;3467343;RUNNING;3;4;0,000;0,000;0,000;0,000;0,000;0,000;0,000;0,000;0,000;0,000;0,000;0,000;0,000;0,000;0,000;0,000;0,000;0,000;0,000;0,000;25,06;24,06;24,94;24,94;24,12;24,62;900;900;
2026-07-07 16:54:27;3468343;RUNNING;3;4;0,000;0,000;0,000;0,000;0,000;0,000;0,000;0,000;0,000;0,000;0,000;0,000;0,000;0,000;0,000;0,000;0,000;0,000;0,000;0,000;25,06;24,06;24,94;24,94;24,12;24,62;900;900;
2026-07-07 16:54:28;3469343;RUNNING;3;4;0,000;0,000;0,000;0,000;0,000;0,000;0,000;0,000;0,000;0,000;0,000;0,000;0,000;0,000;0,000;0,000;0,000;0,000;0,000;0,000;25,06;24,06;24,94;24,94;24,12;24,62;600;600;
2026-07-07 16:54:29;3470343;RUNNING;3;4;0,000;0,000;0,000;0,000;0,000;0,000;0,000;0,000;0,000;0,000;0,000;0,000;0,000;0,000;0,000;0,000;0,000;0,000;0,000;0,000;25,00;24,06;24,94;24,94;24,12;24,62;600;600;
2026-07-07 16:54:30;3471343;RUNNING;3;4;0,000;0,000;0,000;0,000;0,000;0,000;0,000;0,000;0,000;0,000;0,000;0,000;0,000;0,000;0,000;0,000;0,000;0,000;0,000;0,000;25,06;24,06;24,94;24,94;24,12;24,62;600;900;
2026-07-07 16:54:31;3472343;RUNNING;3;4;0,000;0,000;0,000;0,000;0,000;0,000;0,000;0,000;0,000;0,000;0,000;0,000;0,000;0,000;0,000;0,000;0,000;0,000;0,000;0,000;25,00;24,06;24,94;24,94;24,06;24,62;600;900;
2026-07-07 16:54:32;3473343;RUNNING;3;4;0,000;0,000;0,000;0,000;0,000;0,000;0,000;0,000;0,000;0,000;0,000;0,000;0,000;0,000;0,000;0,000;0,000;0,000;0,000;0,000;25,00;24,06;24,94;24,94;24,12;24,62;900;600;
2026-07-07 16:54:33;3474343;RUNNING;3;4;0,000;0,000;0,000;0,000;0,000;0,000;0,000;0,000;0,000;0,000;0,000;0,000;0,000;0,000;0,000;0,000;0,000;0,000;0,000;0,000;25,06;24,06;24,94;24,94;24,12;24,62;600;600;
2026-07-07 16:54:34;3475343;RUNNING;3;4;0,000;0,000;0,000;0,000;0,000;0,000;0,000;0,000;0,000;0,000;0,000;0,000;0,000;0,000;0,000;0,000;0,000;0,000;0,000;0,000;25,06;24,06;24,94;24,94;24,12;24,62;600;900;
2026-07-07 16:54:35;3476343;RUNNING;3;4;0,000;0,000;0,000;0,000;0,000;0,000;0,000;0,000;0,000;0,000;0,000;0,000;0,000;0,000;0,000;0,000;0,000;0,000;0,000;0,000;25,00;24,06;24,94;24,94;24,12;24,62;600;900;
2026-07-07 16:54:36;3477343;RUNNING;3;4;0,000;0,000;0,000;0,000;0,000;0,000;0,000;0,000;0,000;0,000;0,000;0,000;0,000;0,000;0,000;0,000;0,000;0,000;0,000;0,000;25,06;24,06;24,94;24,94;24,12;24,62;600;600;
2026-07-07 16:54:37;3478343;RUNNING;3;4;0,000;0,000;0,000;0,000;0,000;0,000;0,000;0,000;0,000;0,000;0,000;0,000;0,000;0,000;0,000;0,000;0,000;0,000;0,000;0,000;25,06;24,06;24,94;24,94;24,06;24,56;600;600;
2026-07-07 16:54:38;3479343;RUNNING;3;4;0,000;0,000;0,000;0,000;0,000;0,000;0,000;0,000;0,000;0,000;0,000;0,000;0,000;0,000;0,000;0,000;0,000;0,000;0,000;0,000;25,00;24,06;24,94;24,94;24,06;24,56;600;900;
2026-07-07 16:54:39;3480343;RUNNING;3;4;0,000;0,000;0,000;0,000;0,000;0,000;0,000;0,000;0,000;0,000;0,000;0,000;0,000;0,000;0,000;0,000;0,000;0,000;0,000;0,000;25,00;24,06;24,94;24,94;24,06;24,56;600;900;
2026-07-07 16:54:40;3481343;RUNNING;3;4;0,000;0,000;0,000;0,000;0,000;0,000;0,000;0,000;0,000;0,000;0,000;0,000;0,000;0,000;0,000;0,000;0,000;0,000;0,000;0,000;25,06;24,06;24,94;24,87;24,06;24,56;600;600;
2026-07-07 16:54:41;3482343;RUNNING;3;4;0,000;0,000;0,000;0,000;0,000;0,000;0,000;0,000;0,000;0,000;0,000;0,000;0,000;0,000;0,000;0,000;0,000;0,000;0,000;0,000;25,06;24,06;24,87;24,94;24,06;24,56;600;600;
2026-07-07 16:54:42;3483343;RUNNING;3;4;0,000;0,000;0,000;0,000;0,000;0,000;0,000;0,000;0,000;0,000;0,000;0,000;0,000;0,000;0,000;0,000;0,000;0,000;0,000;0,000;25,00;24,06;24,94;24,94;24,06;24,56;600;900;
2026-07-07 16:54:43;3484343;RUNNING;3;4;0,000;0,000;0,000;0,000;0,000;0,000;0,000;0,000;0,000;0,000;0,000;0,000;0,000;0,000;0,000;0,000;0,000;0,000;0,000;0,000;25,06;24,06;24,94;24,87;24,06;24,56;600;600;
2026-07-07 16:54:44;3485343;RUNNING;3;4;0,000;0,000;0,000;0,000;0,000;0,000;0,000;0,000;0,000;0,000;0,000;0,000;0,000;0,000;0,000;0,000;0,000;0,000;0,000;0,000;25,00;24,06;24,94;24,87;24,06;24,56;600;600;
2026-07-07 16:54:45;3486343;RUNNING;3;4;0,000;0,000;0,000;0,000;0,000;0,000;0,000;0,000;0,000;0,000;0,000;0,000;0,000;0,000;0,000;0,000;0,000;0,000;0,000;0,000;25,06;24,06;24,94;24,87;24,06;24,56;900;900;
2026-07-07 16:54:46;3487343;RUNNING;3;4;0,000;0,000;0,000;0,000;0,000;0,000;0,000;0,000;0,000;0,000;0,000;0,000;0,000;0,000;0,000;0,000;0,000;0,000;0,000;0,000;25,06;24,06;24,87;24,87;24,06;24,56;900;900;
2026-07-07 16:54:47;3488343;RUNNING;3;4;0,000;0,000;0,000;0,000;0,000;0,000;0,000;0,000;0,000;0,000;0,000;0,000;0,000;0,000;0,000;0,000;0,000;0,000;0,000;0,000;25,00;24,06;24,94;24,87;24,06;24,56;900;600;
2026-07-07 16:54:48;3489343;RUNNING;3;4;0,000;0,000;0,000;0,000;0,000;0,000;0,000;0,000;0,000;0,000;0,000;0,000;0,000;0,000;0,000;0,000;0,000;0,000;0,000;0,000;25,00;24,06;24,94;24,87;24,06;24,56;900;600;
2026-07-07 16:54:49;3490343;RUNNING;3;4;0,000;0,000;0,000;0,000;0,000;0,000;0,000;0,000;0,000;0,000;0,000;0,000;0,000;0,000;0,000;0,000;0,000;0,000;0,000;0,000;25,00;24,06;24,94;24,87;24,06;24,56;900;900;
2026-07-07 16:54:50;3491343;RUNNING;3;4;0,000;0,000;0,000;0,000;0,000;0,000;0,000;0,000;0,000;0,000;0,000;0,000;0,000;0,000;0,000;0,000;0,000;0,000;0,000;0,000;25,00;24,06;24,94;24,87;24,06;24,56;900;900;
2026-07-07 16:54:51;3492343;RUNNING;3;4;0,000;0,000;0,000;0,000;0,000;0,000;0,000;0,000;0,000;0,000;0,000;0,000;0,000;0,000;0,000;0,000;0,000;0,000;0,000;0,000;25,00;24,06;24,94;24,87;24,06;24,56;900;600;
2026-07-07 16:54:52;3493343;RUNNING;3;4;0,000;0,000;0,000;0,000;0,000;0,000;0,000;0,000;0,000;0,000;0,000;0,000;0,000;0,000;0,000;0,000;0,000;0,000;0,000;0,000;25,06;24,06;24,94;24,87;24,06;24,56;900;600;
2026-07-07 16:54:53;3494343;RUNNING;3;4;0,000;0,000;0,000;0,000;0,000;0,000;0,000;0,000;0,000;0,000;0,000;0,000;0,000;0,000;0,000;0,000;0,000;0,000;0,000;0,000;25,00;24,00;24,94;24,87;24,06;24,56;900;900;
2026-07-07 16:54:54;3495343;RUNNING;3;4;0,000;0,000;0,000;0,000;0,000;0,000;0,000;0,000;0,000;0,000;0,000;0,000;0,000;0,000;0,000;0,000;0,000;0,000;0,000;0,000;25,00;24,06;24,94;24,87;24,06;24,56;900;600;
2026-07-07 16:54:55;3496343;RUNNING;3;4;0,000;0,000;0,000;0,000;0,000;0,000;0,000;0,000;0,000;0,000;0,000;0,000;0,000;0,000;0,000;0,000;0,000;0,000;0,000;0,000;25,00;24,06;24,94;24,87;24,06;24,56;900;600;
2026-07-07 16:54:56;3497343;RUNNING;3;4;0,000;0,000;0,000;0,000;0,000;0,000;0,000;0,000;0,000;0,000;0,000;0,000;0,000;0,000;0,000;0,000;0,000;0,000;0,000;0,000;25,00;24,06;24,94;24,87;24,06;24,56;900;900;
2026-07-07 16:54:57;3498343;RUNNING;3;4;0,000;0,000;0,000;0,000;0,000;0,000;0,000;0,000;0,000;0,000;0,000;0,000;0,000;0,000;0,000;0,000;0,000;0,000;0,000;0,000;25,00;24,00;24,87;24,87;24,06;24,56;600;900;
2026-07-07 16:54:58;3499343;RUNNING;3;4;0,000;0,000;0,000;0,000;0,000;0,000;0,000;0,000;0,000;0,000;0,000;0,000;0,000;0,000;0,000;0,000;0,000;0,000;0,000;0,000;25,00;24,00;24,87;24,87;24,06;24,50;600;600;
2026-07-07 16:54:59;3500343;RUNNING;3;4;0,000;0,000;0,000;0,000;0,000;0,000;0,000;0,000;0,000;0,000;0,000;0,000;0,000;0,000;0,000;0,000;0,000;0,000;0,000;0,000;25,00;24,06;24,94;24,87;24,06;24,56;600;600;
2026-07-07 16:55:00;3501343;RUNNING;3;4;0,000;0,000;0,000;0,000;0,000;0,000;0,000;0,000;0,000;0,000;0,000;0,000;0,000;0,000;0,000;0,000;0,000;0,000;0,000;0,000;25,00;24,00;24,87;24,87;24,06;24,50;600;600;
2026-07-07 16:55:01;3502343;RUNNING;3;4;0,000;0,000;0,000;0,000;0,000;0,000;0,000;0,000;0,000;0,000;0,000;0,000;0,000;0,000;0,000;0,000;0,000;0,000;0,000;0,000;25,00;24,00;24,87;24,87;24,06;24,50;600;900;
2026-07-07 16:55:02;3503343;RUNNING;3;4;0,000;0,000;0,000;0,000;0,000;0,000;0,000;0,000;0,000;0,000;0,000;0,000;0,000;0,000;0,000;0,000;0,000;0,000;0,000;0,000;25,00;24,06;24,87;24,81;24,06;24,50;600;600;
2026-07-07 16:55:03;3504343;RUNNING;3;4;0,000;0,000;0,000;0,000;0,000;0,000;0,000;0,000;0,000;0,000;0,000;0,000;0,000;0,000;0,000;0,000;0,000;0,000;0,000;0,000;25,00;24,00;24,94;24,87;24,06;24,50;600;600;
2026-07-07 16:55:04;3505343;RUNNING;3;4;0,000;0,000;0,000;0,000;0,000;0,000;0,000;0,000;0,000;0,000;0,000;0,000;0,000;0,000;0,000;0,000;0,000;0,000;0,000;0,000;25,00;24,00;24,87;24,81;24,00;24,50;600;600;
2026-07-07 16:55:05;3506343;RUNNING;3;4;0,000;0,000;0,000;0,000;0,000;0,000;0,000;0,000;0,000;0,000;0,000;0,000;0,000;0,000;0,000;0,000;0,000;0,000;0,000;0,000;25,00;24,00;24,87;24,81;24,06;24,50;600;900;
2026-07-07 16:55:06;3507343;RUNNING;3;4;0,000;0,000;0,000;0,000;0,000;0,000;0,000;0,000;0,000;0,000;0,000;0,000;0,000;0,000;0,000;0,000;0,000;0,000;0,000;0,000;25,00;24,00;24,87;24,81;24,00;24,50;600;600;
2026-07-07 16:55:07;3508343;RUNNING;3;4;0,000;0,000;0,000;0,000;0,000;0,000;0,000;0,000;0,000;0,000;0,000;0,000;0,000;0,000;0,000;0,000;0,000;0,000;0,000;0,000;25,00;24,00;24,87;24,81;24,00;24,50;600;600;
2026-07-07 16:55:08;3509343;RUNNING;3;4;0,000;0,000;0,000;0,000;0,000;0,000;0,000;0,000;0,000;0,000;0,000;0,000;0,000;0,000;0,000;0,000;0,000;0,000;0,000;0,000;25,00;24,06;24,87;24,81;24,00;24,50;600;600;
2026-07-07 16:55:09;3510343;RUNNING;3;4;0,000;0,000;0,000;0,000;0,000;0,000;0,000;0,000;0,000;0,000;0,000;0,000;0,000;0,000;0,000;0,000;0,000;0,000;0,000;0,000;25,00;24,00;24,87;24,81;24,06;24,50;600;900;
2026-07-07 16:55:10;3511343;RUNNING;3;4;0,000;0,000;0,000;0,000;0,000;0,000;0,000;0,000;0,000;0,000;0,000;0,000;0,000;0,000;0,000;0,000;0,000;0,000;0,000;0,000;25,00;24,00;24,87;24,81;24,00;24,50;900;900;
2026-07-07 16:55:11;3512343;RUNNING;3;4;0,000;0,000;0,000;0,000;0,000;0,000;0,000;0,000;0,000;0,000;0,000;0,000;0,000;0,000;0,000;0,000;0,000;0,000;0,000;0,000;25,00;24,00;24,87;24,81;24,00;24,50;900;600;
2026-07-07 16:55:12;3513343;RUNNING;3;4;0,000;0,000;0,000;0,000;0,000;0,000;0,000;0,000;0,000;0,000;0,000;0,000;0,000;0,000;0,000;0,000;0,000;0,000;0,000;0,000;25,00;24,00;24,87;24,81;24,00;24,50;900;600;
2026-07-07 16:55:13;3514343;RUNNING;3;4;0,000;0,000;0,000;0,000;0,000;0,000;0,000;0,000;0,000;0,000;0,000;0,000;0,000;0,000;0,000;0,000;0,000;0,000;0,000;0,000;25,00;24,00;24,87;24,81;24,00;24,50;900;900;
2026-07-07 16:55:14;3515343;RUNNING;3;4;0,000;0,000;0,000;0,000;0,000;0,000;0,000;0,000;0,000;0,000;0,000;0,000;0,000;0,000;0,000;0,000;0,000;0,000;0,000;0,000;25,00;24,00;24,87;24,81;24,00;24,50;600;900;
2026-07-07 16:55:15;3516343;RUNNING;3;4;0,000;0,000;0,000;0,000;0,000;0,000;0,000;0,000;0,000;0,000;0,000;0,000;0,000;0,000;0,000;0,000;0,000;0,000;0,000;0,000;25,00;24,00;24,81;24,81;24,00;24,50;600;600;
2026-07-07 16:55:16;3517343;RUNNING;3;4;0,000;0,000;0,000;0,000;0,000;0,000;0,000;0,000;0,000;0,000;0,000;0,000;0,000;0,000;0,000;0,000;0,000;0,000;0,000;0,000;25,00;24,00;24,87;24,81;24,00;24,50;600;600;
2026-07-07 16:55:17;3518343;RUNNING;3;4;0,000;0,000;0,000;0,000;0,000;0,000;0,000;0,000;0,000;0,000;0,000;0,000;0,000;0,000;0,000;0,000;0,000;0,000;0,000;0,000;25,00;24,00;24,87;24,81;24,00;24,50;600;900;
2026-07-07 16:55:18;3519343;RUNNING;3;4;0,000;0,000;0,000;0,000;0,000;0,000;0,000;0,000;0,000;0,000;0,000;0,000;0,000;0,000;0,000;0,000;0,000;0,000;0,000;0,000;25,00;24,00;24,81;24,81;24,00;24,50;600;900;
2026-07-07 16:55:19;3520343;RUNNING;3;4;0,000;0,000;0,000;0,000;0,000;0,000;0,000;0,000;0,000;0,000;0,000;0,000;0,000;0,000;0,000;0,000;0,000;0,000;0,000;0,000;25,00;24,00;24,87;24,81;24,00;24,50;600;600;
2026-07-07 16:55:20;3521343;RUNNING;3;4;0,000;0,000;0,000;0,000;0,000;0,000;0,000;0,000;0,000;0,000;0,000;0,000;0,000;0,000;0,000;0,000;0,000;0,000;0,000;0,000;25,00;24,00;24,87;24,81;24,00;24,50;600;600;
2026-07-07 16:55:21;3522343;RUNNING;3;4;0,000;0,000;0,000;0,000;0,000;0,000;0,000;0,000;0,000;0,000;0,000;0,000;0,000;0,000;0,000;0,000;0,000;0,000;0,000;0,000;25,00;24,00;24,87;24,75;24,00;24,50;900;600;
2026-07-07 16:55:22;3523343;RUNNING;3;4;0,000;0,000;0,000;0,000;0,000;0,000;0,000;0,000;0,000;0,000;0,000;0,000;0,000;0,000;0,000;0,000;0,000;0,000;0,000;0,000;25,00;24,00;24,87;24,81;24,00;24,50;900;900;
2026-07-07 16:55:23;3524343;RUNNING;3;4;0,000;0,000;0,000;0,000;0,000;0,000;0,000;0,000;0,000;0,000;0,000;0,000;0,000;0,000;0,000;0,000;0,000;0,000;0,000;0,000;25,00;24,00;24,81;24,75;24,00;24,50;900;600;
2026-07-07 16:55:24;3525343;RUNNING;3;4;0,000;0,000;0,000;0,000;0,000;0,000;0,000;0,000;0,000;0,000;0,000;0,000;0,000;0,000;0,000;0,000;0,000;0,000;0,000;0,000;25,00;24,00;24,87;24,81;24,00;24,50;600;600;
2026-07-07 16:55:25;3526343;RUNNING;3;4;0,000;0,000;0,000;0,000;0,000;0,000;0,000;0,000;0,000;0,000;0,000;0,000;0,000;0,000;0,000;0,000;0,000;0,000;0,000;0,000;25,00;24,00;24,87;24,75;24,00;24,50;600;600;
2026-07-07 16:55:26;3527343;RUNNING;3;4;0,000;0,000;0,000;0,000;0,000;0,000;0,000;0,000;0,000;0,000;0,000;0,000;0,000;0,000;0,000;0,000;0,000;0,000;0,000;0,000;25,00;24,00;24,87;24,81;24,00;24,50;600;900;
2026-07-07 16:55:27;3528343;RUNNING;3;4;0,000;0,000;0,000;0,000;0,000;0,000;0,000;0,000;0,000;0,000;0,000;0,000;0,000;0,000;0,000;0,000;0,000;0,000;0,000;0,000;25,00;24,00;24,87;24,75;24,00;24,50;600;900;
2026-07-07 16:55:28;3529343;RUNNING;3;4;0,000;0,000;0,000;0,000;0,000;0,000;0,000;0,000;0,000;0,000;0,000;0,000;0,000;0,000;0,000;0,000;0,000;0,000;0,000;0,000;25,00;24,00;24,81;24,75;24,00;24,50;600;600;
2026-07-07 16:55:29;3530343;RUNNING;3;4;0,000;0,000;0,000;0,000;0,000;0,000;0,000;0,000;0,000;0,000;0,000;0,000;0,000;0,000;0,000;0,000;0,000;0,000;0,000;0,000;25,00;24,00;24,81;24,75;24,00;24,50;600;600;
2026-07-07 16:55:30;3531343;RUNNING;3;4;0,000;0,000;0,000;0,000;0,000;0,000;0,000;0,000;0,000;0,000;0,000;0,000;0,000;0,000;0,000;0,000;0,000;0,000;0,000;0,000;25,00;24,00;24,81;24,75;24,00;24,50;600;900;
2026-07-07 16:55:31;3532343;RUNNING;3;4;0,000;0,000;0,000;0,000;0,000;0,000;0,000;0,000;0,000;0,000;0,000;0,000;0,000;0,000;0,000;0,000;0,000;0,000;0,000;0,000;25,00;24,00;24,81;24,75;24,00;24,44;600;900;
2026-07-07 16:55:32;3533343;RUNNING;3;4;0,000;0,000;0,000;0,000;0,000;0,000;0,000;0,000;0,000;0,000;0,000;0,000;0,000;0,000;0,000;0,000;0,000;0,000;0,000;0,000;25,00;24,00;24,81;24,75;24,00;24,44;600;600;
2026-07-07 16:55:33;3534343;RUNNING;3;4;0,000;0,000;0,000;0,000;0,000;0,000;0,000;0,000;0,000;0,000;0,000;0,000;0,000;0,000;0,000;0,000;0,000;0,000;0,000;0,000;25,00;24,00;24,81;24,75;23,94;24,44;900;600;
2026-07-07 16:55:34;3535343;RUNNING;3;4;0,000;0,000;0,000;0,000;0,000;0,000;0,000;0,000;0,000;0,000;0,000;0,000;0,000;0,000;0,000;0,000;0,000;0,000;0,000;0,000;25,00;24,00;24,81;24,75;23,94;24,44;900;600;
2026-07-07 16:55:35;3536343;RUNNING;3;4;0,000;0,000;0,000;0,000;0,000;0,000;0,000;0,000;0,000;0,000;0,000;0,000;0,000;0,000;0,000;0,000;0,000;0,000;0,000;0,000;25,00;24,00;24,81;24,75;24,00;24,44;900;900;
2026-07-07 16:55:36;3537343;RUNNING;3;4;0,000;0,000;0,000;0,000;0,000;0,000;0,000;0,000;0,000;0,000;0,000;0,000;0,000;0,000;0,000;0,000;0,000;0,000;0,000;0,000;25,00;24,00;24,81;24,75;24,00;24,44;900;600;
2026-07-07 16:55:37;3538343;RUNNING;3;4;0,000;0,000;0,000;0,000;0,000;0,000;0,000;0,000;0,000;0,000;0,000;0,000;0,000;0,000;0,000;0,000;0,000;0,000;0,000;0,000;25,00;24,00;24,81;24,75;24,00;24,44;900;600;
2026-07-07 16:55:38;3539343;RUNNING;3;4;0,000;0,000;0,000;0,000;0,000;0,000;0,000;0,000;0,000;0,000;0,000;0,000;0,000;0,000;0,000;0,000;0,000;0,000;0,000;0,000;25,00;24,00;24,81;24,75;23,94;24,44;900;600;
2026-07-07 16:55:39;3540343;RUNNING;3;4;0,000;0,000;0,000;0,000;0,000;0,000;0,000;0,000;0,000;0,000;0,000;0,000;0,000;0,000;0,000;0,000;0,000;0,000;0,000;0,000;25,00;24,00;24,81;24,75;23,94;24,44;600;900;
2026-07-07 16:55:40;3541343;RUNNING;3;4;0,000;0,000;0,000;0,000;0,000;0,000;0,000;0,000;0,000;0,000;0,000;0,000;0,000;0,000;0,000;0,000;0,000;0,000;0,000;0,000;25,00;24,00;24,81;24,75;23,94;24,44;600;900;
2026-07-07 16:55:41;3542343;RUNNING;3;4;0,000;0,000;0,000;0,000;0,000;0,000;0,000;0,000;0,000;0,000;0,000;0,000;0,000;0,000;0,000;0,000;0,000;0,000;0,000;0,000;25,00;24,00;24,81;24,75;23,94;24,44;600;600;
2026-07-07 16:55:42;3543343;RUNNING;3;4;0,000;0,000;0,000;0,000;0,000;0,000;0,000;0,000;0,000;0,000;0,000;0,000;0,000;0,000;0,000;0,000;0,000;0,000;0,000;0,000;25,00;24,00;24,81;24,75;23,94;24,44;600;600;
2026-07-07 16:55:43;3544343;RUNNING;3;4;0,000;0,000;0,000;0,000;0,000;0,000;0,000;0,000;0,000;0,000;0,000;0,000;0,000;0,000;0,000;0,000;0,000;0,000;0,000;0,000;25,00;24,00;24,81;24,75;23,94;24,44;600;600;
2026-07-07 16:55:44;3545343;RUNNING;3;4;0,000;0,000;0,000;0,000;0,000;0,000;0,000;0,000;0,000;0,000;0,000;0,000;0,000;0,000;0,000;0,000;0,000;0,000;0,000;0,000;25,00;24,00;24,81;24,75;23,94;24,44;900;900;
2026-07-07 16:55:45;3546343;RUNNING;3;4;0,000;0,000;0,000;0,000;0,000;0,000;0,000;0,000;0,000;0,000;0,000;0,000;0,000;0,000;0,000;0,000;0,000;0,000;0,000;0,000;25,00;24,00;24,81;24,75;23,94;24,44;900;600;
2026-07-07 16:55:46;3547343;RUNNING;3;4;0,000;0,000;0,000;0,000;0,000;0,000;0,000;0,000;0,000;0,000;0,000;0,000;0,000;0,000;0,000;0,000;0,000;0,000;0,000;0,000;24,94;24,00;24,81;24,75;23,94;24,44;900;600;
2026-07-07 16:55:47;3548343;RUNNING;3;4;0,000;0,000;0,000;0,000;0,000;0,000;0,000;0,000;0,000;0,000;0,000;0,000;0,000;0,000;0,000;0,000;0,000;0,000;0,000;0,000;25,00;24,00;24,81;24,75;23,94;24,44;900;600;
2026-07-07 16:55:48;3549343;RUNNING;3;4;0,000;0,000;0,000;0,000;0,000;0,000;0,000;0,000;0,000;0,000;0,000;0,000;0,000;0,000;0,000;0,000;0,000;0,000;0,000;0,000;25,00;24,00;24,81;24,75;23,94;24,44;600;900;
2026-07-07 16:55:49;3550343;RUNNING;3;4;0,000;0,000;0,000;0,000;0,000;0,000;0,000;0,000;0,000;0,000;0,000;0,000;0,000;0,000;0,000;0,000;0,000;0,000;0,000;0,000;25,00;24,00;24,81;24,69;23,94;24,44;600;900;
2026-07-07 16:55:50;3551343;RUNNING;3;4;0,000;0,000;0,000;0,000;0,000;0,000;0,000;0,000;0,000;0,000;0,000;0,000;0,000;0,000;0,000;0,000;0,000;0,000;0,000;0,000;24,94;24,00;24,81;24,75;23,94;24,44;600;600;
2026-07-07 16:55:51;3552343;RUNNING;3;4;0,000;0,000;0,000;0,000;0,000;0,000;0,000;0,000;0,000;0,000;0,000;0,000;0,000;0,000;0,000;0,000;0,000;0,000;0,000;0,000;24,94;24,00;24,81;24,69;23,94;24,44;600;600;
2026-07-07 16:55:52;3553343;RUNNING;3;4;0,000;0,000;0,000;0,000;0,000;0,000;0,000;0,000;0,000;0,000;0,000;0,000;0,000;0,000;0,000;0,000;0,000;0,000;0,000;0,000;24,94;24,00;24,81;24,69;23,94;24,44;900;900;
2026-07-07 16:55:53;3554343;RUNNING;3;4;0,000;0,000;0,000;0,000;0,000;0,000;0,000;0,000;0,000;0,000;0,000;0,000;0,000;0,000;0,000;0,000;0,000;0,000;0,000;0,000;25,00;24,00;24,81;24,75;23,94;24,44;600;900;
2026-07-07 16:55:54;3555343;RUNNING;3;4;0,000;0,000;0,000;0,000;0,000;0,000;0,000;0,000;0,000;0,000;0,000;0,000;0,000;0,000;0,000;0,000;0,000;0,000;0,000;0,000;24,94;24,00;24,81;24,75;23,94;24,44;600;600;
2026-07-07 16:55:55;3556343;RUNNING;3;4;0,000;0,000;0,000;0,000;0,000;0,000;0,000;0,000;0,000;0,000;0,000;0,000;0,000;0,000;0,000;0,000;0,000;0,000;0,000;0,000;25,00;23,94;24,81;24,75;23,94;24,44;600;600;
2026-07-07 16:55:56;3557343;RUNNING;3;4;0,000;0,000;0,000;0,000;0,000;0,000;0,000;0,000;0,000;0,000;0,000;0,000;0,000;0,000;0,000;0,000;0,000;0,000;0,000;0,000;24,94;24,00;24,81;24,69;23,94;24,44;600;600;
2026-07-07 16:55:57;3558343;RUNNING;3;4;0,000;0,000;0,000;0,000;0,000;0,000;0,000;0,000;0,000;0,000;0,000;0,000;0,000;0,000;0,000;0,000;0,000;0,000;0,000;0,000;24,94;24,00;24,81;24,69;23,94;24,44;900;900;
2026-07-07 16:55:58;3559343;RUNNING;3;4;0,000;0,000;0,000;0,000;0,000;0,000;0,000;0,000;0,000;0,000;0,000;0,000;0,000;0,000;0,000;0,000;0,000;0,000;0,000;0,000;24,94;24,00;24,75;24,69;23,94;24,44;900;900;
2026-07-07 16:55:59;3560343;RUNNING;3;4;0,000;0,000;0,000;0,000;0,000;0,000;0,000;0,000;0,000;0,000;0,000;0,000;0,000;0,000;0,000;0,000;0,000;0,000;0,000;0,000;25,00;24,00;24,81;24,69;23,94;24,44;900;600;
2026-07-07 16:56:00;3561343;RUNNING;3;4;0,000;0,000;0,000;0,000;0,000;0,000;0,000;0,000;0,000;0,000;0,000;0,000;0,000;0,000;0,000;0,000;0,000;0,000;0,000;0,000;24,94;23,94;24,75;24,69;23,94;24,44;900;600;
2026-07-07 16:56:01;3562343;RUNNING;3;4;0,000;0,000;0,000;0,000;0,000;0,000;0,000;0,000;0,000;0,000;0,000;0,000;0,000;0,000;0,000;0,000;0,000;0,000;0,000;0,000;25,00;24,00;24,81;24,69;23,94;24,44;900;900;
2026-07-07 16:56:02;3563343;RUNNING;3;4;0,000;0,000;0,000;0,000;0,000;0,000;0,000;0,000;0,000;0,000;0,000;0,000;0,000;0,000;0,000;0,000;0,000;0,000;0,000;0,000;24,94;24,00;24,75;24,69;23,94;24,37;600;900;
2026-07-07 16:56:03;3564343;RUNNING;3;4;0,000;0,000;0,000;0,000;0,000;0,000;0,000;0,000;0,000;0,000;0,000;0,000;0,000;0,000;0,000;0,000;0,000;0,000;0,000;0,000;24,94;24,00;24,81;24,69;23,94;24,37;600;600;
2026-07-07 16:56:04;3565343;RUNNING;3;4;0,000;0,000;0,000;0,000;0,000;0,000;0,000;0,000;0,000;0,000;0,000;0,000;0,000;0,000;0,000;0,000;0,000;0,000;0,000;0,000;24,94;24,00;24,75;24,69;23,94;24,44;600;600;
2026-07-07 16:56:05;3566343;RUNNING;3;4;0,000;0,000;0,000;0,000;0,000;0,000;0,000;0,000;0,000;0,000;0,000;0,000;0,000;0,000;0,000;0,000;0,000;0,000;0,000;0,000;24,94;24,00;24,75;24,69;23,94;24,37;600;600;
2026-07-07 16:56:06;3567343;RUNNING;3;4;0,000;0,000;0,000;0,000;0,000;0,000;0,000;0,000;0,000;0,000;0,000;0,000;0,000;0,000;0,000;0,000;0,000;0,000;0,000;0,000;24,94;24,00;24,75;24,69;23,94;24,44;600;900;
2026-07-07 16:56:07;3568343;RUNNING;3;4;0,000;0,000;0,000;0,000;0,000;0,000;0,000;0,000;0,000;0,000;0,000;0,000;0,000;0,000;0,000;0,000;0,000;0,000;0,000;0,000;24,94;24,00;24,81;24,69;23,94;24,37;600;900;
2026-07-07 16:56:08;3569343;RUNNING;3;4;0,000;0,000;0,000;0,000;0,000;0,000;0,000;0,000;0,000;0,000;0,000;0,000;0,000;0,000;0,000;0,000;0,000;0,000;0,000;0,000;24,94;24,00;24,75;24,69;23,94;24,37;600;600;
2026-07-07 16:56:09;3570343;RUNNING;3;4;0,000;0,000;0,000;0,000;0,000;0,000;0,000;0,000;0,000;0,000;0,000;0,000;0,000;0,000;0,000;0,000;0,000;0,000;0,000;0,000;24,94;23,94;24,75;24,69;23,94;24,37;600;600;
2026-07-07 16:56:10;3571343;RUNNING;3;4;0,000;0,000;0,000;0,000;0,000;0,000;0,000;0,000;0,000;0,000;0,000;0,000;0,000;0,000;0,000;0,000;0,000;0,000;0,000;0,000;24,94;24,00;24,75;24,69;23,94;24,37;600;900;
2026-07-07 16:56:11;3572343;RUNNING;3;4;0,000;0,000;0,000;0,000;0,000;0,000;0,000;0,000;0,000;0,000;0,000;0,000;0,000;0,000;0,000;0,000;0,000;0,000;0,000;0,000;24,94;24,00;24,75;24,69;23,94;24,37;600;900;
2026-07-07 16:56:12;3573343;RUNNING;3;4;0,000;0,000;0,000;0,000;0,000;0,000;0,000;0,000;0,000;0,000;0,000;0,000;0,000;0,000;0,000;0,000;0,000;0,000;0,000;0,000;24,94;24,00;24,75;24,69;23,94;24,37;600;900;
2026-07-07 16:56:13;3574343;RUNNING;3;4;0,000;0,000;0,000;0,000;0,000;0,000;0,000;0,000;0,000;0,000;0,000;0,000;0,000;0,000;0,000;0,000;0,000;0,000;0,000;0,000;24,94;24,00;24,75;24,69;23,94;24,37;900;600;
2026-07-07 16:56:14;3575343;RUNNING;3;4;0,000;0,000;0,000;0,000;0,000;0,000;0,000;0,000;0,000;0,000;0,000;0,000;0,000;0,000;0,000;0,000;0,000;0,000;0,000;0,000;24,94;24,00;24,75;24,69;23,94;24,37;900;600;
2026-07-07 16:56:15;3576343;RUNNING;3;4;0,000;0,000;0,000;0,000;0,000;0,000;0,000;0,000;0,000;0,000;0,000;0,000;0,000;0,000;0,000;0,000;0,000;0,000;0,000;0,000;24,94;24,00;24,75;24,62;23,94;24,37;900;900;
2026-07-07 16:56:16;3577343;RUNNING;3;4;0,000;0,000;0,000;0,000;0,000;0,000;0,000;0,000;0,000;0,000;0,000;0,000;0,000;0,000;0,000;0,000;0,000;0,000;0,000;0,000;24,94;24,00;24,75;24,69;23,94;24,37;600;900;
2026-07-07 16:56:17;3578343;RUNNING;3;4;0,000;0,000;0,000;0,000;0,000;0,000;0,000;0,000;0,000;0,000;0,000;0,000;0,000;0,000;0,000;0,000;0,000;0,000;0,000;0,000;24,94;24,00;24,75;24,62;23,94;24,37;600;900;
2026-07-07 16:56:18;3579343;RUNNING;3;4;0,000;0,000;0,000;0,000;0,000;0,000;0,000;0,000;0,000;0,000;0,000;0,000;0,000;0,000;0,000;0,000;0,000;0,000;0,000;0,000;24,94;24,00;24,75;24,62;23,94;24,37;900;600;
2026-07-07 16:56:19;3580343;RUNNING;3;4;0,000;0,000;0,000;0,000;0,000;0,000;0,000;0,000;0,000;0,000;0,000;0,000;0,000;0,000;0,000;0,000;0,000;0,000;0,000;0,000;24,94;24,00;24,75;24,69;23,94;24,37;600;600;
2026-07-07 16:56:20;3581343;RUNNING;3;4;0,000;0,000;0,000;0,000;0,000;0,000;0,000;0,000;0,000;0,000;0,000;0,000;0,000;0,000;0,000;0,000;0,000;0,000;0,000;0,000;24,94;24,00;24,75;24,62;23,94;24,37;600;600;
2026-07-07 16:56:21;3582343;RUNNING;3;4;0,000;0,000;0,000;0,000;0,000;0,000;0,000;0,000;0,000;0,000;0,000;0,000;0,000;0,000;0,000;0,000;0,000;0,000;0,000;0,000;24,94;24,00;24,75;24,62;23,94;24,37;600;900;
2026-07-07 16:56:22;3583343;RUNNING;3;4;0,000;0,000;0,000;0,000;0,000;0,000;0,000;0,000;0,000;0,000;0,000;0,000;0,000;0,000;0,000;0,000;0,000;0,000;0,000;0,000;24,94;23,94;24,75;24,62;23,94;24,37;600;900;
2026-07-07 16:56:23;3584343;RUNNING;3;4;0,000;0,000;0,000;0,000;0,000;0,000;0,000;0,000;0,000;0,000;0,000;0,000;0,000;0,000;0,000;0,000;0,000;0,000;0,000;0,000;24,94;24,00;24,75;24,62;23,94;24,37;900;600;
2026-07-07 16:56:24;3585343;RUNNING;3;4;0,000;0,000;0,000;0,000;0,000;0,000;0,000;0,000;0,000;0,000;0,000;0,000;0,000;0,000;0,000;0,000;0,000;0,000;0,000;0,000;24,94;24,00;24,75;24,62;23,94;24,37;900;600;
2026-07-07 16:56:25;3586343;RUNNING;3;4;0,000;0,000;0,000;0,000;0,000;0,000;0,000;0,000;0,000;0,000;0,000;0,000;0,000;0,000;0,000;0,000;0,000;0,000;0,000;0,000;24,94;24,00;24,75;24,62;23,94;24,37;900;600;
2026-07-07 16:56:26;3587343;RUNNING;3;4;0,000;0,000;0,000;0,000;0,000;0,000;0,000;0,000;0,000;0,000;0,000;0,000;0,000;0,000;0,000;0,000;0,000;0,000;0,000;0,000;24,94;24,00;24,75;24,62;23,94;24,37;900;900;
2026-07-07 16:56:27;3588343;RUNNING;3;4;0,000;0,000;0,000;0,000;0,000;0,000;0,000;0,000;0,000;0,000;0,000;0,000;0,000;0,000;0,000;0,000;0,000;0,000;0,000;0,000;24,94;24,00;24,75;24,69;23,94;24,37;900;900;
2026-07-07 16:56:28;3589343;RUNNING;3;4;0,000;0,000;0,000;0,000;0,000;0,000;0,000;0,000;0,000;0,000;0,000;0,000;0,000;0,000;0,000;0,000;0,000;0,000;0,000;0,000;24,94;23,94;24,75;24,62;23,94;24,37;600;600;
2026-07-07 16:56:29;3590343;RUNNING;3;4;0,000;0,000;0,000;0,000;0,000;0,000;0,000;0,000;0,000;0,000;0,000;0,000;0,000;0,000;0,000;0,000;0,000;0,000;0,000;0,000;24,94;23,94;24,75;24,62;23,94;24,37;600;600;
2026-07-07 16:56:30;3591343;RUNNING;3;4;0,000;0,000;0,000;0,000;0,000;0,000;0,000;0,000;0,000;0,000;0,000;0,000;0,000;0,000;0,000;0,000;0,000;0,000;0,000;0,000;24,94;23,94;24,75;24,62;23,94;24,37;600;600;
2026-07-07 16:56:31;3592343;RUNNING;3;4;0,000;0,000;0,000;0,000;0,000;0,000;0,000;0,000;0,000;0,000;0,000;0,000;0,000;0,000;0,000;0,000;0,000;0,000;0,000;0,000;24,94;24,00;24,75;24,62;23,87;24,37;600;900;
2026-07-07 16:56:32;3593343;RUNNING;3;4;0,000;0,000;0,000;0,000;0,000;0,000;0,000;0,000;0,000;0,000;0,000;0,000;0,000;0,000;0,000;0,000;0,000;0,000;0,000;0,000;24,94;23,94;24,75;24,62;23,87;24,37;600;600;
2026-07-07 16:56:33;3594343;RUNNING;3;4;0,000;0,000;0,000;0,000;0,000;0,000;0,000;0,000;0,000;0,000;0,000;0,000;0,000;0,000;0,000;0,000;0,000;0,000;0,000;0,000;24,94;24,00;24,75;24,62;23,94;24,37;600;600;
2026-07-07 16:56:34;3595343;RUNNING;3;4;0,000;0,000;0,000;0,000;0,000;0,000;0,000;0,000;0,000;0,000;0,000;0,000;0,000;0,000;0,000;0,000;0,000;0,000;0,000;0,000;24,94;23,94;24,75;24,62;23,94;24,37;900;600;
2026-07-07 16:56:35;3596343;RUNNING;3;4;0,000;0,000;0,000;0,000;0,000;0,000;0,000;0,000;0,000;0,000;0,000;0,000;0,000;0,000;0,000;0,000;0,000;0,000;0,000;0,000;24,94;23,94;24,75;24,62;23,94;24,31;900;900;
2026-07-07 16:56:36;3597343;RUNNING;3;4;0,000;0,000;0,000;0,000;0,000;0,000;0,000;0,000;0,000;0,000;0,000;0,000;0,000;0,000;0,000;0,000;0,000;0,000;0,000;0,000;24,94;23,94;24,75;24,62;23,87;24,37;900;900;
2026-07-07 16:56:37;3598343;RUNNING;3;4;0,000;0,000;0,000;0,000;0,000;0,000;0,000;0,000;0,000;0,000;0,000;0,000;0,000;0,000;0,000;0,000;0,000;0,000;0,000;0,000;24,94;23,94;24,75;24,62;23,87;24,37;600;600;
2026-07-07 16:56:38;3599343;RUNNING;3;4;0,000;0,000;0,000;0,000;0,000;0,000;0,000;0,000;0,000;0,000;0,000;0,000;0,000;0,000;0,000;0,000;0,000;0,000;0,000;0,000;24,94;23,94;24,75;24,62;23,87;24,37;600;600;
2026-07-07 16:56:39;3600343;RUNNING;3;4;0,000;0,000;0,000;0,000;0,000;0,000;0,000;0,000;0,000;0,000;0,000;0,000;0,000;0,000;0,000;0,000;0,000;0,000;0,000;0,000;24,94;23,94;24,75;24,62;23,87;24,31;600;600;
2026-07-07 16:56:40;3601343;RUNNING;3;4;0,000;0,000;0,000;0,000;0,000;0,000;0,000;0,000;0,000;0,000;0,000;0,000;0,000;0,000;0,000;0,000;0,000;0,000;0,000;0,000;24,94;23,94;24,75;24,62;23,87;24,37;600;900;
2026-07-07 16:56:41;3602343;RUNNING;3;4;0,000;0,000;0,000;0,000;0,000;0,000;0,000;0,000;0,000;0,000;0,000;0,000;0,000;0,000;0,000;0,000;0,000;0,000;0,000;0,000;24,94;23,94;24,75;24,62;23,87;24,31;600;900;
2026-07-07 16:56:42;3603343;RUNNING;3;4;0,000;0,000;0,000;0,000;0,000;0,000;0,000;0,000;0,000;0,000;0,000;0,000;0,000;0,000;0,000;0,000;0,000;0,000;0,000;0,000;24,94;23,94;24,75;24,62;23,87;24,31;900;600;
2026-07-07 16:56:43;3604343;RUNNING;3;4;0,000;0,000;0,000;0,000;0,000;0,000;0,000;0,000;0,000;0,000;0,000;0,000;0,000;0,000;0,000;0,000;0,000;0,000;0,000;0,000;24,94;23,94;24,75;24,62;23,87;24,31;900;900;
2026-07-07 16:56:44;3605343;RUNNING;3;4;0,000;0,000;0,000;0,000;0,000;0,000;0,000;0,000;0,000;0,000;0,000;0,000;0,000;0,000;0,000;0,000;0,000;0,000;0,000;0,000;24,94;23,94;24,75;24,62;23,87;24,37;900;600;
2026-07-07 16:56:45;3606343;RUNNING;3;4;0,000;0,000;0,000;0,000;0,000;0,000;0,000;0,000;0,000;0,000;0,000;0,000;0,000;0,000;0,000;0,000;0,000;0,000;0,000;0,000;24,94;23,94;24,75;24,62;23,87;24,31;900;900;
2026-07-07 16:56:46;3607343;RUNNING;3;4;0,000;0,000;0,000;0,000;0,000;0,000;0,000;0,000;0,000;0,000;0,000;0,000;0,000;0,000;0,000;0,000;0,000;0,000;0,000;0,000;24,94;23,94;24,75;24,62;23,87;24,31;900;900;
2026-07-07 16:56:47;3608343;RUNNING;3;4;0,000;0,000;0,000;0,000;0,000;0,000;0,000;0,000;0,000;0,000;0,000;0,000;0,000;0,000;0,000;0,000;0,000;0,000;0,000;0,000;24,94;23,94;24,75;24,62;23,87;24,31;600;600;
2026-07-07 16:56:48;3609395;DONE;3;4;0,000;0,000;0,000;0,000;0,000;0,000;0,000;0,000;0,000;0,000;0,000;0,000;0,000;0,000;0,000;0,000;0,000;0,000;0,000;0,000;24,94;23,94;24,75;24,62;23,87;24,31;717;717;
2026-07-07 16:56:49;3610494;DONE;3;4;0,000;0,000;0,000;0,000;0,000;0,000;0,000;0,000;0,000;0,000;0,000;0,000;0,000;0,000;0,000;0,000;0,000;0,000;0,000;0,000;24,94;23,94;24,75;24,62;23,87;24,31;600;600;
2026-07-07 16:56:50;3611494;DONE;3;4;0,000;0,000;0,000;0,000;0,000;0,000;0,000;0,000;0,000;0,000;0,000;0,000;0,000;0,000;0,000;0,000;0,000;0,000;0,000;0,000;24,94;23,94;24,75;24,62;23,87;24,31;900;600;
2026-07-07 16:56:51;3612494;DONE;3;4;0,000;0,000;0,000;0,000;0,000;0,000;0,000;0,000;0,000;0,000;0,000;0,000;0,000;0,000;0,000;0,000;0,000;0,000;0,000;0,000;24,94;23,94;24,75;24,62;23,87;24,31;900;600;
2026-07-07 16:56:52;3613494;DONE;3;4;0,000;0,000;0,000;0,000;0,000;0,000;0,000;0,000;0,000;0,000;0,000;0,000;0,000;0,000;0,000;0,000;0,000;0,000;0,000;0,000;24,87;23,94;24,75;24,62;23,87;24,31;900;900;
2026-07-07 16:56:53;3614494;DONE;3;4;0,000;0,000;0,000;0,000;0,000;0,000;0,000;0,000;0,000;0,000;0,000;0,000;0,000;0,000;0,000;0,000;0,000;0,000;0,000;0,000;24,94;23,94;24,75;24,62;23,87;24,31;900;900;
2026-07-07 16:56:54;3615494;DONE;3;4;0,000;0,000;0,000;0,000;0,000;0,000;0,000;0,000;0,000;0,000;0,000;0,000;0,000;0,000;0,000;0,000;0,000;0,000;0,000;0,000;24,94;23,94;24,75;24,62;23,87;24,31;600;600;
2026-07-07 16:56:55;3616494;DONE;3;4;0,000;0,000;0,000;0,000;0,000;0,000;0,000;0,000;0,000;0,000;0,000;0,000;0,000;0,000;0,000;0,000;0,000;0,000;0,000;0,000;24,94;23,94;24,75;24,62;23,87;24,31;600;600;
2026-07-07 16:56:56;3617494;DONE;3;4;0,000;0,000;0,000;0,000;0,000;0,000;0,000;0,000;0,000;0,000;0,000;0,000;0,000;0,000;0,000;0,000;0,000;0,000;0,000;0,000;24,94;23,94;24,75;24,56;23,87;24,31;600;600;
2026-07-07 16:56:57;3618494;DONE;3;4;0,000;0,000;0,000;0,000;0,000;0,000;0,000;0,000;0,000;0,000;0,000;0,000;0,000;0,000;0,000;0,000;0,000;0,000;0,000;0,000;24,94;23,94;24,75;24,62;23,87;24,31;600;900;
2026-07-07 16:56:59;3619494;DONE;3;4;0,000;0,000;0,000;0,000;0,000;0,000;0,000;0,000;0,000;0,000;0,000;0,000;0,000;0,000;0,000;0,000;0,000;0,000;0,000;0,000;24,94;23,94;24,75;24,56;23,87;24,31;600;900;
2026-07-07 16:56:59;3620494;DONE;3;4;0,000;0,000;0,000;0,000;0,000;0,000;0,000;0,000;0,000;0,000;0,000;0,000;0,000;0,000;0,000;0,000;0,000;0,000;0,000;0,000;24,94;23,94;24,75;24,56;23,87;24,31;600;600;
2026-07-07 16:57:00;3621494;DONE;3;4;0,000;0,000;0,000;0,000;0,000;0,000;0,000;0,000;0,000;0,000;0,000;0,000;0,000;0,000;0,000;0,000;0,000;0,000;0,000;0,000;24,94;23,94;24,75;24,56;23,87;24,31;900;600;
2026-07-07 16:57:01;3622494;DONE;3;4;0,000;0,000;0,000;0,000;0,000;0,000;0,000;0,000;0,000;0,000;0,000;0,000;0,000;0,000;0,000;0,000;0,000;0,000;0,000;0,000;24,87;23,94;24,69;24,56;23,87;24,31;900;600;
2026-07-07 16:57:02;3623494;DONE;3;4;0,000;0,000;0,000;0,000;0,000;0,000;0,000;0,000;0,000;0,000;0,000;0,000;0,000;0,000;0,000;0,000;0,000;0,000;0,000;0,000;24,87;23,94;24,75;24,56;23,87;24,31;900;900;
2026-07-07 16:57:03;3624494;DONE;3;4;0,000;0,000;0,000;0,000;0,000;0,000;0,000;0,000;0,000;0,000;0,000;0,000;0,000;0,000;0,000;0,000;0,000;0,000;0,000;0,000;24,94;23,94;24,75;24,62;23,87;24,31;600;900;
2026-07-07 16:57:04;3625494;DONE;3;4;0,000;0,000;0,000;0,000;0,000;0,000;0,000;0,000;0,000;0,000;0,000;0,000;0,000;0,000;0,000;0,000;0,000;0,000;0,000;0,000;24,94;23,94;24,69;24,56;23,81;24,31;600;600;
2026-07-07 16:57:05;3626494;DONE;3;4;0,000;0,000;0,000;0,000;0,000;0,000;0,000;0,000;0,000;0,000;0,000;0,000;0,000;0,000;0,000;0,000;0,000;0,000;0,000;0,000;24,94;23,94;24,69;24,56;23,87;24,31;600;600;
2026-07-07 16:57:06;3627494;DONE;3;4;0,000;0,000;0,000;0,000;0,000;0,000;0,000;0,000;0,000;0,000;0,000;0,000;0,000;0,000;0,000;0,000;0,000;0,000;0,000;0,000;24,87;23,94;24,69;24,56;23,87;24,31;600;900;
2026-07-07 16:57:07;3628494;DONE;3;4;0,000;0,000;0,000;0,000;0,000;0,000;0,000;0,000;0,000;0,000;0,000;0,000;0,000;0,000;0,000;0,000;0,000;0,000;0,000;0,000;24,87;23,94;24,69;24,56;23,87;24,31;600;900;
2026-07-07 16:57:08;3629494;DONE;3;4;0,000;0,000;0,000;0,000;0,000;0,000;0,000;0,000;0,000;0,000;0,000;0,000;0,000;0,000;0,000;0,000;0,000;0,000;0,000;0,000;24,94;23,94;24,75;24,56;23,81;24,31;900;600;
2026-07-07 16:57:10;3630494;DONE;3;4;0,000;0,000;0,000;0,000;0,000;0,000;0,000;0,000;0,000;0,000;0,000;0,000;0,000;0,000;0,000;0,000;0,000;0,000;0,000;0,000;24,87;23,94;24,69;24,56;23,87;24,31;900;600;
2026-07-07 16:57:10;3631494;DONE;3;4;0,000;0,000;0,000;0,000;0,000;0,000;0,000;0,000;0,000;0,000;0,000;0,000;0,000;0,000;0,000;0,000;0,000;0,000;0,000;0,000;24,94;23,94;24,69;24,56;23,87;24,31;900;600;
2026-07-07 16:57:11;3632494;DONE;3;4;0,000;0,000;0,000;0,000;0,000;0,000;0,000;0,000;0,000;0,000;0,000;0,000;0,000;0,000;0,000;0,000;0,000;0,000;0,000;0,000;24,94;23,94;24,69;24,56;23,87;24,31;600;900;
2026-07-07 16:57:13;3633494;DONE;3;4;0,000;0,000;0,000;0,000;0,000;0,000;0,000;0,000;0,000;0,000;0,000;0,000;0,000;0,000;0,000;0,000;0,000;0,000;0,000;0,000;24,94;23,94;24,69;24,56;23,87;24,31;600;900;
2026-07-07 16:57:13;3634494;DONE;3;4;0,000;0,000;0,000;0,000;0,000;0,000;0,000;0,000;0,000;0,000;0,000;0,000;0,000;0,000;0,000;0,000;0,000;0,000;0,000;0,000;24,87;23,94;24,69;24,56;23,81;24,31;600;900;
2026-07-07 16:57:14;3635494;DONE;3;4;0,000;0,000;0,000;0,000;0,000;0,000;0,000;0,000;0,000;0,000;0,000;0,000;0,000;0,000;0,000;0,000;0,000;0,000;0,000;0,000;24,87;23,94;24,69;24,56;23,87;24,31;600;600;
2026-07-07 16:57:15;3636494;DONE;3;4;0,000;0,000;0,000;0,000;0,000;0,000;0,000;0,000;0,000;0,000;0,000;0,000;0,000;0,000;0,000;0,000;0,000;0,000;0,000;0,000;24,87;23,94;24,69;24,56;23,87;24,31;600;600;
2026-07-07 16:57:16;3637494;DONE;3;4;0,000;0,000;0,000;0,000;0,000;0,000;0,000;0,000;0,000;0,000;0,000;0,000;0,000;0,000;0,000;0,000;0,000;0,000;0,000;0,000;24,94;23,94;24,69;24,56;23,87;24,31;900;600;
2026-07-07 16:57:17;3638494;DONE;3;4;0,000;0,000;0,000;0,000;0,000;0,000;0,000;0,000;0,000;0,000;0,000;0,000;0,000;0,000;0,000;0,000;0,000;0,000;0,000;0,000;24,87;23,94;24,69;24,56;23,87;24,31;900;900;
2026-07-07 16:57:18;3639494;DONE;3;4;0,000;0,000;0,000;0,000;0,000;0,000;0,000;0,000;0,000;0,000;0,000;0,000;0,000;0,000;0,000;0,000;0,000;0,000;0,000;0,000;24,87;23,94;24,69;24,56;23,87;24,31;900;900;
2026-07-07 16:57:19;3640494;DONE;3;4;0,000;0,000;0,000;0,000;0,000;0,000;0,000;0,000;0,000;0,000;0,000;0,000;0,000;0,000;0,000;0,000;0,000;0,000;0,000;0,000;24,87;23,94;24,69;24,56;23,81;24,25;600;600;
2026-07-07 16:57:20;3641494;DONE;3;4;0,000;0,000;0,000;0,000;0,000;0,000;0,000;0,000;0,000;0,000;0,000;0,000;0,000;0,000;0,000;0,000;0,000;0,000;0,000;0,000;24,87;23,94;24,69;24,56;23,81;24,31;600;600;
2026-07-07 16:57:21;3642494;DONE;3;4;0,000;0,000;0,000;0,000;0,000;0,000;0,000;0,000;0,000;0,000;0,000;0,000;0,000;0,000;0,000;0,000;0,000;0,000;0,000;0,000;24,87;23,94;24,69;24,50;23,81;24,31;600;600;
2026-07-07 16:57:22;3643494;DONE;3;4;0,000;0,000;0,000;0,000;0,000;0,000;0,000;0,000;0,000;0,000;0,000;0,000;0,000;0,000;0,000;0,000;0,000;0,000;0,000;0,000;24,94;23,94;24,69;24,56;23,81;24,31;600;900;
2026-07-07 16:57:23;3644494;DONE;3;4;0,000;0,000;0,000;0,000;0,000;0,000;0,000;0,000;0,000;0,000;0,000;0,000;0,000;0,000;0,000;0,000;0,000;0,000;0,000;0,000;24,87;23,94;24,69;24,50;23,87;24,31;600;900;
2026-07-07 16:57:24;3645494;DONE;3;4;0,000;0,000;0,000;0,000;0,000;0,000;0,000;0,000;0,000;0,000;0,000;0,000;0,000;0,000;0,000;0,000;0,000;0,000;0,000;0,000;24,87;23,94;24,69;24,56;23,81;24,25;900;600;
2026-07-07 16:57:25;3646494;DONE;3;4;0,000;0,000;0,000;0,000;0,000;0,000;0,000;0,000;0,000;0,000;0,000;0,000;0,000;0,000;0,000;0,000;0,000;0,000;0,000;0,000;24,87;23,94;24,69;24,56;23,87;24,25;900;600;
2026-07-07 16:57:26;3647494;DONE;3;4;0,000;0,000;0,000;0,000;0,000;0,000;0,000;0,000;0,000;0,000;0,000;0,000;0,000;0,000;0,000;0,000;0,000;0,000;0,000;0,000;24,87;23,94;24,69;24,50;23,87;24,31;900;600;
2026-07-07 16:57:27;3648494;DONE;3;4;0,000;0,000;0,000;0,000;0,000;0,000;0,000;0,000;0,000;0,000;0,000;0,000;0,000;0,000;0,000;0,000;0,000;0,000;0,000;0,000;24,87;23,87;24,69;24,56;23,87;24,31;600;600;
2026-07-07 16:57:28;3649494;DONE;3;4;0,000;0,000;0,000;0,000;0,000;0,000;0,000;0,000;0,000;0,000;0,000;0,000;0,000;0,000;0,000;0,000;0,000;0,000;0,000;0,000;24,87;23,94;24,69;24,56;23,87;24,31;600;900;
2026-07-07 16:57:29;3650494;DONE;3;4;0,000;0,000;0,000;0,000;0,000;0,000;0,000;0,000;0,000;0,000;0,000;0,000;0,000;0,000;0,000;0,000;0,000;0,000;0,000;0,000;24,87;23,87;24,69;24,50;23,87;24,31;600;900;
2026-07-07 16:57:30;3651494;DONE;3;4;0,000;0,000;0,000;0,000;0,000;0,000;0,000;0,000;0,000;0,000;0,000;0,000;0,000;0,000;0,000;0,000;0,000;0,000;0,000;0,000;24,87;23,94;24,69;24,56;23,81;24,31;900;600;
2026-07-07 16:57:31;3652494;DONE;3;4;0,000;0,000;0,000;0,000;0,000;0,000;0,000;0,000;0,000;0,000;0,000;0,000;0,000;0,000;0,000;0,000;0,000;0,000;0,000;0,000;24,87;23,94;24,69;24,56;23,81;24,31;900;600;
2026-07-07 16:57:32;3653494;DONE;3;4;0,000;0,000;0,000;0,000;0,000;0,000;0,000;0,000;0,000;0,000;0,000;0,000;0,000;0,000;0,000;0,000;0,000;0,000;0,000;0,000;24,87;23,94;24,69;24,56;23,81;24,25;900;600;
2026-07-07 16:57:33;3654494;DONE;3;4;0,000;0,000;0,000;0,000;0,000;0,000;0,000;0,000;0,000;0,000;0,000;0,000;0,000;0,000;0,000;0,000;0,000;0,000;0,000;0,000;24,87;23,94;24,69;24,56;23,81;24,25;600;600;
2026-07-07 16:57:34;3655494;DONE;3;4;0,000;0,000;0,000;0,000;0,000;0,000;0,000;0,000;0,000;0,000;0,000;0,000;0,000;0,000;0,000;0,000;0,000;0,000;0,000;0,000;24,87;23,94;24,69;24,56;23,81;24,25;600;900;
2026-07-07 16:57:35;3656494;DONE;3;4;0,000;0,000;0,000;0,000;0,000;0,000;0,000;0,000;0,000;0,000;0,000;0,000;0,000;0,000;0,000;0,000;0,000;0,000;0,000;0,000;24,87;23,94;24,69;24,50;23,87;24,31;600;900;
2026-07-07 16:57:36;3657494;DONE;3;4;0,000;0,000;0,000;0,000;0,000;0,000;0,000;0,000;0,000;0,000;0,000;0,000;0,000;0,000;0,000;0,000;0,000;0,000;0,000;0,000;24,87;23,94;24,69;24,56;23,87;24,25;600;600;
2026-07-07 16:57:37;3658494;DONE;3;4;0,000;0,000;0,000;0,000;0,000;0,000;0,000;0,000;0,000;0,000;0,000;0,000;0,000;0,000;0,000;0,000;0,000;0,000;0,000;0,000;24,87;23,94;24,69;24,50;23,87;24,25;1200;600;
2026-07-07 16:57:38;3659494;DONE;3;4;0,000;0,000;0,000;0,000;0,000;0,000;0,000;0,000;0,000;0,000;0,000;0,000;0,000;0,000;0,000;0,000;0,000;0,000;0,000;0,000;24,87;23,94;24,69;24,50;23,87;24,25;900;600;
2026-07-07 16:57:39;3660494;DONE;3;4;0,000;0,000;0,000;0,000;0,000;0,000;0,000;0,000;0,000;0,000;0,000;0,000;0,000;0,000;0,000;0,000;0,000;0,000;0,000;0,000;24,87;23,94;24,69;24,50;23,87;24,31;900;900;
2026-07-07 16:57:40;3661494;DONE;3;4;0,000;0,000;0,000;0,000;0,000;0,000;0,000;0,000;0,000;0,000;0,000;0,000;0,000;0,000;0,000;0,000;0,000;0,000;0,000;0,000;24,87;23,94;24,69;24,50;23,87;24,25;600;900;
2026-07-07 16:57:42;3662494;DONE;3;4;0,000;0,000;0,000;0,000;0,000;0,000;0,000;0,000;0,000;0,000;0,000;0,000;0,000;0,000;0,000;0,000;0,000;0,000;0,000;0,000;24,87;23,94;24,69;24,50;23,87;24,25;600;600;
2026-07-07 16:57:42;3663494;DONE;3;4;0,000;0,000;0,000;0,000;0,000;0,000;0,000;0,000;0,000;0,000;0,000;0,000;0,000;0,000;0,000;0,000;0,000;0,000;0,000;0,000;24,87;23,94;24,69;24,50;23,87;24,25;600;600;
2026-07-07 16:57:43;3664494;DONE;3;4;0,000;0,000;0,000;0,000;0,000;0,000;0,000;0,000;0,000;0,000;0,000;0,000;0,000;0,000;0,000;0,000;0,000;0,000;0,000;0,000;24,87;23,94;24,69;24,50;23,81;24,25;600;600;
2026-07-07 16:57:44;3665494;DONE;3;4;0,000;0,000;0,000;0,000;0,000;0,000;0,000;0,000;0,000;0,000;0,000;0,000;0,000;0,000;0,000;0,000;0,000;0,000;0,000;0,000;24,87;23,87;24,69;24,50;23,87;24,25;900;900;
2026-07-07 16:57:45;3666494;DONE;3;4;0,000;0,000;0,000;0,000;0,000;0,000;0,000;0,000;0,000;0,000;0,000;0,000;0,000;0,000;0,000;0,000;0,000;0,000;0,000;0,000;24,87;23,94;24,62;24,50;23,87;24,25;900;900;
2026-07-07 16:57:46;3667494;DONE;3;4;0,000;0,000;0,000;0,000;0,000;0,000;0,000;0,000;0,000;0,000;0,000;0,000;0,000;0,000;0,000;0,000;0,000;0,000;0,000;0,000;24,87;23,94;24,69;24,50;23,87;24,25;900;900;
2026-07-07 16:57:47;3668494;DONE;3;4;0,000;0,000;0,000;0,000;0,000;0,000;0,000;0,000;0,000;0,000;0,000;0,000;0,000;0,000;0,000;0,000;0,000;0,000;0,000;0,000;24,87;23,94;24,69;24,50;23,87;24,25;600;600;
2026-07-07 16:57:48;3669494;DONE;3;4;0,000;0,000;0,000;0,000;0,000;0,000;0,000;0,000;0,000;0,000;0,000;0,000;0,000;0,000;0,000;0,000;0,000;0,000;0,000;0,000;24,87;23,94;24,69;24,50;23,87;24,31;600;600;
2026-07-07 16:57:49;3670494;DONE;3;4;0,000;0,000;0,000;0,000;0,000;0,000;0,000;0,000;0,000;0,000;0,000;0,000;0,000;0,000;0,000;0,000;0,000;0,000;0,000;0,000;24,87;23,94;24,69;24,50;23,87;24,25;900;600;
2026-07-07 16:57:50;3671494;DONE;3;4;0,000;0,000;0,000;0,000;0,000;0,000;0,000;0,000;0,000;0,000;0,000;0,000;0,000;0,000;0,000;0,000;0,000;0,000;0,000;0,000;24,87;23,94;24,62;24,50;23,87;24,31;600;900;
2026-07-07 16:57:51;3672494;DONE;3;4;0,000;0,000;0,000;0,000;0,000;0,000;0,000;0,000;0,000;0,000;0,000;0,000;0,000;0,000;0,000;0,000;0,000;0,000;0,000;0,000;24,87;23,94;24,62;24,50;23,87;24,25;600;900;
2026-07-07 16:57:52;3673494;DONE;3;4;0,000;0,000;0,000;0,000;0,000;0,000;0,000;0,000;0,000;0,000;0,000;0,000;0,000;0,000;0,000;0,000;0,000;0,000;0,000;0,000;24,87;23,94;24,62;24,50;23,87;24,25;900;600;
2026-07-07 16:57:53;3674494;DONE;3;4;0,000;0,000;0,000;0,000;0,000;0,000;0,000;0,000;0,000;0,000;0,000;0,000;0,000;0,000;0,000;0,000;0,000;0,000;0,000;0,000;24,87;23,94;24,62;24,50;23,87;24,25;900;600;
2026-07-07 16:57:54;3675494;DONE;3;4;0,000;0,000;0,000;0,000;0,000;0,000;0,000;0,000;0,000;0,000;0,000;0,000;0,000;0,000;0,000;0,000;0,000;0,000;0,000;0,000;24,87;23,94;24,62;24,50;23,87;24,25;900;600;
2026-07-07 16:57:55;3676494;DONE;3;4;0,000;0,000;0,000;0,000;0,000;0,000;0,000;0,000;0,000;0,000;0,000;0,000;0,000;0,000;0,000;0,000;0,000;0,000;0,000;0,000;24,87;23,94;24,62;24,50;23,87;24,25;900;900;
2026-07-07 16:57:56;3677494;DONE;3;4;0,000;0,000;0,000;0,000;0,000;0,000;0,000;0,000;0,000;0,000;0,000;0,000;0,000;0,000;0,000;0,000;0,000;0,000;0,000;0,000;24,87;23,94;24,62;24,50;23,87;24,25;600;900;
2026-07-07 16:57:57;3678494;DONE;3;4;0,000;0,000;0,000;0,000;0,000;0,000;0,000;0,000;0,000;0,000;0,000;0,000;0,000;0,000;0,000;0,000;0,000;0,000;0,000;0,000;24,87;23,94;24,62;24,50;23,87;24,25;600;600;
2026-07-07 16:57:58;3679494;DONE;3;4;0,000;0,000;0,000;0,000;0,000;0,000;0,000;0,000;0,000;0,000;0,000;0,000;0,000;0,000;0,000;0,000;0,000;0,000;0,000;0,000;24,87;23,94;24,62;24,50;23,87;24,25;600;600;
2026-07-07 16:57:59;3680494;DONE;3;4;0,000;0,000;0,000;0,000;0,000;0,000;0,000;0,000;0,000;0,000;0,000;0,000;0,000;0,000;0,000;0,000;0,000;0,000;0,000;0,000;24,87;23,94;24,62;24,50;23,87;24,25;600;600;
2026-07-07 16:58:00;3681494;DONE;3;4;0,000;0,000;0,000;0,000;0,000;0,000;0,000;0,000;0,000;0,000;0,000;0,000;0,000;0,000;0,000;0,000;0,000;0,000;0,000;0,000;24,87;23,94;24,62;24,50;23,87;24,25;600;900;
2026-07-07 16:58:01;3682494;DONE;3;4;0,000;0,000;0,000;0,000;0,000;0,000;0,000;0,000;0,000;0,000;0,000;0,000;0,000;0,000;0,000;0,000;0,000;0,000;0,000;0,000;24,87;23,94;24,62;24,50;23,87;24,25;600;900;
2026-07-07 16:58:02;3683494;DONE;3;4;0,000;0,000;0,000;0,000;0,000;0,000;0,000;0,000;0,000;0,000;0,000;0,000;0,000;0,000;0,000;0,000;0,000;0,000;0,000;0,000;24,87;23,94;24,69;24,44;23,87;24,25;600;900;
2026-07-07 16:58:03;3684494;DONE;3;4;0,000;0,000;0,000;0,000;0,000;0,000;0,000;0,000;0,000;0,000;0,000;0,000;0,000;0,000;0,000;0,000;0,000;0,000;0,000;0,000;24,87;23,94;24,69;24,50;23,87;24,25;900;600;
2026-07-07 16:58:05;3685494;DONE;3;4;0,000;0,000;0,000;0,000;0,000;0,000;0,000;0,000;0,000;0,000;0,000;0,000;0,000;0,000;0,000;0,000;0,000;0,000;0,000;0,000;24,87;23,94;24,69;24,50;23,87;24,25;900;600;
2026-07-07 16:58:05;3686494;DONE;3;4;0,000;0,000;0,000;0,000;0,000;0,000;0,000;0,000;0,000;0,000;0,000;0,000;0,000;0,000;0,000;0,000;0,000;0,000;0,000;0,000;24,87;23,94;24,69;24,50;23,87;24,25;900;600;
2026-07-07 16:58:06;3687494;DONE;3;4;0,000;0,000;0,000;0,000;0,000;0,000;0,000;0,000;0,000;0,000;0,000;0,000;0,000;0,000;0,000;0,000;0,000;0,000;0,000;0,000;24,87;23,94;24,62;24,50;23,81;24,25;900;900;
2026-07-07 16:58:08;3688494;DONE;3;4;0,000;0,000;0,000;0,000;0,000;0,000;0,000;0,000;0,000;0,000;0,000;0,000;0,000;0,000;0,000;0,000;0,000;0,000;0,000;0,000;24,87;23,94;24,62;24,50;23,87;24,25;600;900;
2026-07-07 16:58:08;3689494;DONE;3;4;0,000;0,000;0,000;0,000;0,000;0,000;0,000;0,000;0,000;0,000;0,000;0,000;0,000;0,000;0,000;0,000;0,000;0,000;0,000;0,000;24,87;23,94;24,69;24,50;23,87;24,25;600;600;
2026-07-07 16:58:09;3690494;DONE;3;4;0,000;0,000;0,000;0,000;0,000;0,000;0,000;0,000;0,000;0,000;0,000;0,000;0,000;0,000;0,000;0,000;0,000;0,000;0,000;0,000;24,87;23,94;24,62;24,50;23,87;24,25;600;600;
2026-07-07 16:58:11;3691494;DONE;3;4;0,000;0,000;0,000;0,000;0,000;0,000;0,000;0,000;0,000;0,000;0,000;0,000;0,000;0,000;0,000;0,000;0,000;0,000;0,000;0,000;24,87;23,87;24,69;24,50;23,87;24,25;600;600;
2026-07-07 16:58:11;3692494;DONE;3;4;0,000;0,000;0,000;0,000;0,000;0,000;0,000;0,000;0,000;0,000;0,000;0,000;0,000;0,000;0,000;0,000;0,000;0,000;0,000;0,000;24,87;23,94;24,62;24,50;23,81;24,25;600;900;
2026-07-07 16:58:12;3693494;DONE;3;4;0,000;0,000;0,000;0,000;0,000;0,000;0,000;0,000;0,000;0,000;0,000;0,000;0,000;0,000;0,000;0,000;0,000;0,000;0,000;0,000;24,87;23,94;24,69;24,50;23,87;24,25;600;900;
2026-07-07 16:58:13;3694494;DONE;3;4;0,000;0,000;0,000;0,000;0,000;0,000;0,000;0,000;0,000;0,000;0,000;0,000;0,000;0,000;0,000;0,000;0,000;0,000;0,000;0,000;24,81;23,87;24,69;24,50;23,81;24,25;600;600;
2026-07-07 16:58:14;3695494;DONE;3;4;0,000;0,000;0,000;0,000;0,000;0,000;0,000;0,000;0,000;0,000;0,000;0,000;0,000;0,000;0,000;0,000;0,000;0,000;0,000;0,000;24,81;23,94;24,62;24,50;23,87;24,25;600;600;
2026-07-07 16:58:15;3696494;DONE;3;4;0,000;0,000;0,000;0,000;0,000;0,000;0,000;0,000;0,000;0,000;0,000;0,000;0,000;0,000;0,000;0,000;0,000;0,000;0,000;0,000;24,87;23,87;24,62;24,50;23,81;24,25;600;600;
2026-07-07 16:58:16;3697494;DONE;3;4;0,000;0,000;0,000;0,000;0,000;0,000;0,000;0,000;0,000;0,000;0,000;0,000;0,000;0,000;0,000;0,000;0,000;0,000;0,000;0,000;24,87;23,87;24,69;24,50;23,87;24,25;900;900;
2026-07-07 16:58:17;3698494;DONE;3;4;0,000;0,000;0,000;0,000;0,000;0,000;0,000;0,000;0,000;0,000;0,000;0,000;0,000;0,000;0,000;0,000;0,000;0,000;0,000;0,000;24,87;23,94;24,62;24,50;23,81;24,25;900;900;
2026-07-07 16:58:18;3699494;DONE;3;4;0,000;0,000;0,000;0,000;0,000;0,000;0,000;0,000;0,000;0,000;0,000;0,000;0,000;0,000;0,000;0,000;0,000;0,000;0,000;0,000;24,87;23,94;24,62;24,50;23,81;24,25;600;600;
2026-07-07 16:58:19;3700494;DONE;3;4;0,000;0,000;0,000;0,000;0,000;0,000;0,000;0,000;0,000;0,000;0,000;0,000;0,000;0,000;0,000;0,000;0,000;0,000;0,000;0,000;24,81;23,94;24,62;24,44;23,81;24,25;600;600;
2026-07-07 16:58:20;3701494;DONE;3;4;0,000;0,000;0,000;0,000;0,000;0,000;0,000;0,000;0,000;0,000;0,000;0,000;0,000;0,000;0,000;0,000;0,000;0,000;0,000;0,000;24,87;23,87;24,62;24,44;23,81;24,25;600;600;
2026-07-07 16:58:21;3702494;DONE;3;4;0,000;0,000;0,000;0,000;0,000;0,000;0,000;0,000;0,000;0,000;0,000;0,000;0,000;0,000;0,000;0,000;0,000;0,000;0,000;0,000;24,81;23,87;24,62;24,50;23,81;24,25;600;900;
2026-07-07 16:58:22;3703494;DONE;3;4;0,000;0,000;0,000;0,000;0,000;0,000;0,000;0,000;0,000;0,000;0,000;0,000;0,000;0,000;0,000;0,000;0,000;0,000;0,000;0,000;24,87;23,94;24,62;24,50;23,81;24,25;900;900;
2026-07-07 16:58:23;3704494;DONE;3;4;0,000;0,000;0,000;0,000;0,000;0,000;0,000;0,000;0,000;0,000;0,000;0,000;0,000;0,000;0,000;0,000;0,000;0,000;0,000;0,000;24,81;23,87;24,62;24,44;23,81;24,25;900;600;
2026-07-07 16:58:24;3705494;DONE;3;4;0,000;0,000;0,000;0,000;0,000;0,000;0,000;0,000;0,000;0,000;0,000;0,000;0,000;0,000;0,000;0,000;0,000;0,000;0,000;0,000;24,81;23,87;24,62;24,50;23,81;24,25;600;600;
2026-07-07 16:58:25;3706494;DONE;3;4;0,000;0,000;0,000;0,000;0,000;0,000;0,000;0,000;0,000;0,000;0,000;0,000;0,000;0,000;0,000;0,000;0,000;0,000;0,000;0,000;24,87;23,94;24,62;24,44;23,81;24,25;600;600;
2026-07-07 16:58:26;3707494;DONE;3;4;0,000;0,000;0,000;0,000;0,000;0,000;0,000;0,000;0,000;0,000;0,000;0,000;0,000;0,000;0,000;0,000;0,000;0,000;0,000;0,000;24,81;23,87;24,62;24,50;23,81;24,25;600;900;
2026-07-07 16:58:27;3708494;DONE;3;4;0,000;0,000;0,000;0,000;0,000;0,000;0,000;0,000;0,000;0,000;0,000;0,000;0,000;0,000;0,000;0,000;0,000;0,000;0,000;0,000;24,87;23,87;24,62;24,44;23,81;24,25;600;900;
2026-07-07 16:58:28;3709494;DONE;3;4;0,000;0,000;0,000;0,000;0,000;0,000;0,000;0,000;0,000;0,000;0,000;0,000;0,000;0,000;0,000;0,000;0,000;0,000;0,000;0,000;24,87;23,94;24,62;24,50;23,81;24,25;900;600;
2026-07-07 16:58:29;3710494;DONE;3;4;0,000;0,000;0,000;0,000;0,000;0,000;0,000;0,000;0,000;0,000;0,000;0,000;0,000;0,000;0,000;0,000;0,000;0,000;0,000;0,000;24,81;23,87;24,62;24,44;23,81;24,25;900;600;
2026-07-07 16:58:30;3711494;DONE;3;4;0,000;0,000;0,000;0,000;0,000;0,000;0,000;0,000;0,000;0,000;0,000;0,000;0,000;0,000;0,000;0,000;0,000;0,000;0,000;0,000;24,81;23,94;24,62;24,50;23,81;24,25;600;600;
2026-07-07 16:58:31;3712494;DONE;3;4;0,000;0,000;0,000;0,000;0,000;0,000;0,000;0,000;0,000;0,000;0,000;0,000;0,000;0,000;0,000;0,000;0,000;0,000;0,000;0,000;24,81;23,87;24,62;24,44;23,81;24,25;600;900;
2026-07-07 16:58:32;3713494;DONE;3;4;0,000;0,000;0,000;0,000;0,000;0,000;0,000;0,000;0,000;0,000;0,000;0,000;0,000;0,000;0,000;0,000;0,000;0,000;0,000;0,000;24,81;23,87;24,62;24,44;23,81;24,25;600;900;
2026-07-07 16:58:33;3714494;DONE;3;4;0,000;0,000;0,000;0,000;0,000;0,000;0,000;0,000;0,000;0,000;0,000;0,000;0,000;0,000;0,000;0,000;0,000;0,000;0,000;0,000;24,81;23,87;24,62;24,44;23,81;24,25;900;600;
2026-07-07 16:58:34;3715494;DONE;3;4;0,000;0,000;0,000;0,000;0,000;0,000;0,000;0,000;0,000;0,000;0,000;0,000;0,000;0,000;0,000;0,000;0,000;0,000;0,000;0,000;24,81;23,87;24,62;24,44;23,81;24,25;900;600;
2026-07-07 16:58:35;3716494;DONE;3;4;0,000;0,000;0,000;0,000;0,000;0,000;0,000;0,000;0,000;0,000;0,000;0,000;0,000;0,000;0,000;0,000;0,000;0,000;0,000;0,000;24,81;23,87;24,62;24,44;23,81;24,19;900;600;
2026-07-07 16:58:37;3717494;DONE;3;4;0,000;0,000;0,000;0,000;0,000;0,000;0,000;0,000;0,000;0,000;0,000;0,000;0,000;0,000;0,000;0,000;0,000;0,000;0,000;0,000;24,81;23,87;24,62;24,50;23,81;24,19;900;900;
2026-07-07 16:58:37;3718494;DONE;3;4;0,000;0,000;0,000;0,000;0,000;0,000;0,000;0,000;0,000;0,000;0,000;0,000;0,000;0,000;0,000;0,000;0,000;0,000;0,000;0,000;24,81;23,87;24,62;24,44;23,81;24,25;600;900;
2026-07-07 16:58:38;3719494;DONE;3;4;0,000;0,000;0,000;0,000;0,000;0,000;0,000;0,000;0,000;0,000;0,000;0,000;0,000;0,000;0,000;0,000;0,000;0,000;0,000;0,000;24,81;23,87;24,62;24,44;23,81;24,19;600;900;
2026-07-07 16:58:39;3720494;DONE;3;4;0,000;0,000;0,000;0,000;0,000;0,000;0,000;0,000;0,000;0,000;0,000;0,000;0,000;0,000;0,000;0,000;0,000;0,000;0,000;0,000;24,81;23,87;24,62;24,44;23,81;24,19;600;600;
2026-07-07 16:58:40;3721494;DONE;3;4;0,000;0,000;0,000;0,000;0,000;0,000;0,000;0,000;0,000;0,000;0,000;0,000;0,000;0,000;0,000;0,000;0,000;0,000;0,000;0,000;24,81;23,87;24,62;24,44;23,81;24,19;600;600;
2026-07-07 16:58:41;3722494;DONE;3;4;0,000;0,000;0,000;0,000;0,000;0,000;0,000;0,000;0,000;0,000;0,000;0,000;0,000;0,000;0,000;0,000;0,000;0,000;0,000;0,000;24,81;23,87;24,62;24,44;23,81;24,19;600;900;
2026-07-07 16:58:43;3723494;DONE;3;4;0,000;0,000;0,000;0,000;0,000;0,000;0,000;0,000;0,000;0,000;0,000;0,000;0,000;0,000;0,000;0,000;0,000;0,000;0,000;0,000;24,81;23,87;24,62;24,44;23,81;24,19;900;900;
2026-07-07 16:58:43;3724494;DONE;3;4;0,000;0,000;0,000;0,000;0,000;0,000;0,000;0,000;0,000;0,000;0,000;0,000;0,000;0,000;0,000;0,000;0,000;0,000;0,000;0,000;24,81;23,87;24,62;24,44;23,81;24,19;900;600;
2026-07-07 16:58:44;3725494;DONE;3;4;0,000;0,000;0,000;0,000;0,000;0,000;0,000;0,000;0,000;0,000;0,000;0,000;0,000;0,000;0,000;0,000;0,000;0,000;0,000;0,000;24,81;23,87;24,62;24,44;23,75;24,19;900;600;
2026-07-07 16:58:46;3726494;DONE;3;4;0,000;0,000;0,000;0,000;0,000;0,000;0,000;0,000;0,000;0,000;0,000;0,000;0,000;0,000;0,000;0,000;0,000;0,000;0,000;0,000;24,81;23,87;24,62;24,50;23,81;24,19;600;600;
2026-07-07 16:58:46;3727494;DONE;3;4;0,000;0,000;0,000;0,000;0,000;0,000;0,000;0,000;0,000;0,000;0,000;0,000;0,000;0,000;0,000;0,000;0,000;0,000;0,000;0,000;24,81;23,87;24,62;24,44;23,81;24,19;600;900;
2026-07-07 16:58:47;3728494;DONE;3;4;0,000;0,000;0,000;0,000;0,000;0,000;0,000;0,000;0,000;0,000;0,000;0,000;0,000;0,000;0,000;0,000;0,000;0,000;0,000;0,000;24,81;23,87;24,62;24,44;23,81;24,19;600;900;
2026-07-07 16:58:48;3729494;DONE;3;4;0,000;0,000;0,000;0,000;0,000;0,000;0,000;0,000;0,000;0,000;0,000;0,000;0,000;0,000;0,000;0,000;0,000;0,000;0,000;0,000;24,81;23,87;24,62;24,44;23,75;24,19;0;0;
2026-07-07 16:58:49;3730494;DONE;3;4;0,000;0,000;0,000;0,000;0,000;0,000;0,000;0,000;0,000;0,000;0,000;0,000;0,000;0,000;0,000;0,000;0,000;0,000;0,000;0,000;24,81;23,87;24,62;24,44;23,81;24,19;0;0;
2026-07-07 16:58:50;3731494;DONE;3;4;0,000;0,000;0,000;0,000;0,000;0,000;0,000;0,000;0,000;0,000;0,000;0,000;0,000;0,000;0,000;0,000;0,000;0,000;0,000;0,000;24,81;23,87;24,62;24,44;23,75;24,19;0;0;
2026-07-07 16:58:51;3732494;DONE;3;4;0,000;0,000;0,000;0,000;0,000;0,000;0,000;0,000;0,000;0,000;0,000;0,000;0,000;0,000;0,000;0,000;0,000;0,000;0,000;0,000;24,81;23,87;24,62;24,44;23,81;24,19;0;0;
2026-07-07 16:58:52;3733494;DONE;3;4;0,000;0,000;0,000;0,000;0,000;0,000;0,000;0,000;0,000;0,000;0,000;0,000;0,000;0,000;0,000;0,000;0,000;0,000;0,000;0,000;24,81;23,87;24,62;24,44;23,81;24,25;0;0;
2026-07-07 16:58:53;3734494;DONE;3;4;0,000;0,000;0,000;0,000;0,000;0,000;0,000;0,000;0,000;0,000;0,000;0,000;0,000;0,000;0,000;0,000;0,000;0,000;0,000;0,000;24,81;23,87;24,62;24,44;23,81;24,25;0;0;
2026-07-07 16:58:54;3735494;DONE;3;4;0,000;0,000;0,000;0,000;0,000;0,000;0,000;0,000;0,000;0,000;0,000;0,000;0,000;0,000;0,000;0,000;0,000;0,000;0,000;0,000;24,81;23,87;24,62;24,44;23,81;24,25;0;0;
2026-07-07 16:58:55;3736494;DONE;3;4;0,000;0,000;0,000;0,000;0,000;0,000;0,000;0,000;0,000;0,000;0,000;0,000;0,000;0,000;0,000;0,000;0,000;0,000;0,000;0,000;24,81;23,87;24,62;24,44;23,81;24,25;0;0;
2026-07-07 16:58:56;3737494;DONE;3;4;0,000;0,000;0,000;0,000;0,000;0,000;0,000;0,000;0,000;0,000;0,000;0,000;0,000;0,000;0,000;0,000;0,000;0,000;0,000;0,000;24,81;23,87;24,69;24,44;23,81;24,25;0;0;
2026-07-07 16:58:57;3738494;DONE;3;4;0,000;0,000;0,000;0,000;0,000;0,000;0,000;0,000;0,000;0,000;0,000;0,000;0,000;0,000;0,000;0,000;0,000;0,000;0,000;0,000;24,81;23,94;24,69;24,44;23,81;24,25;0;0;
2026-07-07 16:58:59;3739494;DONE;3;4;0,000;0,000;0,000;0,000;0,000;0,000;0,000;0,000;0,000;0,000;0,000;0,000;0,000;0,000;0,000;0,000;0,000;0,000;0,000;0,000;24,81;23,94;24,69;24,50;23,81;24,31;0;0;
2026-07-07 16:58:59;3740494;DONE;3;4;0,000;0,000;0,000;0,000;0,000;0,000;0,000;0,000;0,000;0,000;0,000;0,000;0,000;0,000;0,000;0,000;0,000;0,000;0,000;0,000;24,81;23,94;24,69;24,50;23,81;24,31;0;0;
2026-07-07 16:59:00;3741494;DONE;3;4;0,000;0,000;0,000;0,000;0,000;0,000;0,000;0,000;0,000;0,000;0,000;0,000;0,000;0,000;0,000;0,000;0,000;0,000;0,000;0,000;24,81;23,94;24,69;24,50;23,81;24,31;0;0;
2026-07-07 16:59:01;3742494;DONE;3;4;0,000;0,000;0,000;0,000;0,000;0,000;0,000;0,000;0,000;0,000;0,000;0,000;0,000;0,000;0,000;0,000;0,000;0,000;0,000;0,000;24,81;23,94;24,62;24,50;23,81;24,31;0;0;
2026-07-07 16:59:02;3743494;DONE;3;4;0,000;0,000;0,000;0,000;0,000;0,000;0,000;0,000;0,000;0,000;0,000;0,000;0,000;0,000;0,000;0,000;0,000;0,000;0,000;0,000;24,87;23,94;24,69;24,50;23,81;24,31;0;0;
2026-07-07 16:59:03;3744494;DONE;3;4;0,000;0,000;0,000;0,000;0,000;0,000;0,000;0,000;0,000;0,000;0,000;0,000;0,000;0,000;0,000;0,000;0,000;0,000;0,000;0,000;24,87;23,94;24,69;24,50;23,81;24,31;0;0;
2026-07-07 16:59:04;3745494;DONE;3;4;0,000;0,000;0,000;0,000;0,000;0,000;0,000;0,000;0,000;0,000;0,000;0,000;0,000;0,000;0,000;0,000;0,000;0,000;0,000;0,000;24,87;23,94;24,69;24,50;23,81;24,31;0;0;
2026-07-07 16:59:05;3746494;DONE;3;4;0,000;0,000;0,000;0,000;0,000;0,000;0,000;0,000;0,000;0,000;0,000;0,000;0,000;0,000;0,000;0,000;0,000;0,000;0,000;0,000;24,87;23,94;24,69;24,50;23,81;24,37;0;0;
2026-07-07 16:59:06;3747494;DONE;3;4;0,000;0,000;0,000;0,000;0,000;0,000;0,000;0,000;0,000;0,000;0,000;0,000;0,000;0,000;0,000;0,000;0,000;0,000;0,000;0,000;24,87;23,94;24,69;24,50;23,81;24,37;0;0;
2026-07-07 16:59:07;3748494;DONE;3;4;0,000;0,000;0,000;0,000;0,000;0,000;0,000;0,000;0,000;0,000;0,000;0,000;0,000;0,000;0,000;0,000;0,000;0,000;0,000;0,000;24,87;23,94;24,69;24,50;23,81;24,37;0;0;
2026-07-07 16:59:08;3749494;DONE;3;4;0,000;0,000;0,000;0,000;0,000;0,000;0,000;0,000;0,000;0,000;0,000;0,000;0,000;0,000;0,000;0,000;0,000;0,000;0,000;0,000;24,87;23,94;24,69;24,50;23,81;24,37;0;0;
2026-07-07 16:59:10;3750494;DONE;3;4;0,000;0,000;0,000;0,000;0,000;0,000;0,000;0,000;0,000;0,000;0,000;0,000;0,000;0,000;0,000;0,000;0,000;0,000;0,000;0,000;24,87;23,94;24,69;24,50;23,81;24,37;0;0;
2026-07-07 16:59:10;3751494;DONE;3;4;0,000;0,000;0,000;0,000;0,000;0,000;0,000;0,000;0,000;0,000;0,000;0,000;0,000;0,000;0,000;0,000;0,000;0,000;0,000;0,000;24,87;23,94;24,69;24,50;23,87;24,37;0;0;
2026-07-07 16:59:12;3752494;DONE;3;4;0,000;0,000;0,000;0,000;0,000;0,000;0,000;0,000;0,000;0,000;0,000;0,000;0,000;0,000;0,000;0,000;0,000;0,000;0,000;0,000;24,81;23,94;24,69;24,50;23,81;24,37;0;0;
2026-07-07 16:59:12;3753494;DONE;3;4;0,000;0,000;0,000;0,000;0,000;0,000;0,000;0,000;0,000;0,000;0,000;0,000;0,000;0,000;0,000;0,000;0,000;0,000;0,000;0,000;24,87;23,94;24,69;24,50;23,81;24,44;0;0;
2026-07-07 16:59:14;3754494;DONE;3;4;0,000;0,000;0,000;0,000;0,000;0,000;0,000;0,000;0,000;0,000;0,000;0,000;0,000;0,000;0,000;0,000;0,000;0,000;0,000;0,000;24,87;23,94;24,69;24,50;23,87;24,37;0;0;
2026-07-07 16:59:14;3755494;DONE;3;4;0,000;0,000;0,000;0,000;0,000;0,000;0,000;0,000;0,000;0,000;0,000;0,000;0,000;0,000;0,000;0,000;0,000;0,000;0,000;0,000;24,87;24,00;24,69;24,50;23,87;24,44;0;0;
2026-07-07 16:59:16;3756494;DONE;3;4;0,000;0,000;0,000;0,000;0,000;0,000;0,000;0,000;0,000;0,000;0,000;0,000;0,000;0,000;0,000;0,000;0,000;0,000;0,000;0,000;24,87;23,94;24,69;24,50;23,81;24,44;0;0;
2026-07-07 16:59:16;3757494;DONE;3;4;0,000;0,000;0,000;0,000;0,000;0,000;0,000;0,000;0,000;0,000;0,000;0,000;0,000;0,000;0,000;0,000;0,000;0,000;0,000;0,000;24,87;24,00;24,69;24,50;23,87;24,44;0;0;
2026-07-07 16:59:18;3758494;DONE;3;4;0,000;0,000;0,000;0,000;0,000;0,000;0,000;0,000;0,000;0,000;0,000;0,000;0,000;0,000;0,000;0,000;0,000;0,000;0,000;0,000;24,87;24,00;24,69;24,50;23,87;24,44;0;0;
2026-07-07 16:59:18;3759494;DONE;3;4;0,000;0,000;0,000;0,000;0,000;0,000;0,000;0,000;0,000;0,000;0,000;0,000;0,000;0,000;0,000;0,000;0,000;0,000;0,000;0,000;24,87;24,00;24,69;24,50;23,87;24,44;0;0;
2026-07-07 16:59:19;3760494;DONE;3;4;0,000;0,000;0,000;0,000;0,000;0,000;0,000;0,000;0,000;0,000;0,000;0,000;0,000;0,000;0,000;0,000;0,000;0,000;0,000;0,000;24,87;24,00;24,75;24,50;23,87;24,44;0;0;
2026-07-07 16:59:20;3761494;DONE;3;4;0,000;0,000;0,000;0,000;0,000;0,000;0,000;0,000;0,000;0,000;0,000;0,000;0,000;0,000;0,000;0,000;0,000;0,000;0,000;0,000;24,87;24,00;24,69;24,50;23,87;24,44;0;0;
2026-07-07 16:59:21;3762494;DONE;3;4;0,000;0,000;0,000;0,000;0,000;0,000;0,000;0,000;0,000;0,000;0,000;0,000;0,000;0,000;0,000;0,000;0,000;0,000;0,000;0,000;24,87;24,00;24,69;24,50;23,87;24,44;0;0;
2026-07-07 16:59:22;3763494;DONE;3;4;0,000;0,000;0,000;0,000;0,000;0,000;0,000;0,000;0,000;0,000;0,000;0,000;0,000;0,000;0,000;0,000;0,000;0,000;0,000;0,000;24,87;24,00;24,69;24,50;23,87;24,44;0;0;
2026-07-07 16:59:23;3764494;DONE;3;4;0,000;0,000;0,000;0,000;0,000;0,000;0,000;0,000;0,000;0,000;0,000;0,000;0,000;0,000;0,000;0,000;0,000;0,000;0,000;0,000;24,87;24,00;24,69;24,50;23,87;24,44;0;0;
2026-07-07 16:59:24;3765494;DONE;3;4;0,000;0,000;0,000;0,000;0,000;0,000;0,000;0,000;0,000;0,000;0,000;0,000;0,000;0,000;0,000;0,000;0,000;0,000;0,000;0,000;24,87;24,00;24,69;24,50;23,87;24,44;0;0;
2026-07-07 16:59:25;3766494;DONE;3;4;0,000;0,000;0,000;0,000;0,000;0,000;0,000;0,000;0,000;0,000;0,000;0,000;0,000;0,000;0,000;0,000;0,000;0,000;0,000;0,000;24,87;24,00;24,69;24,50;23,87;24,44;0;0;
2026-07-07 16:59:26;3767494;DONE;3;4;0,000;0,000;0,000;0,000;0,000;0,000;0,000;0,000;0,000;0,000;0,000;0,000;0,000;0,000;0,000;0,000;0,000;0,000;0,000;0,000;24,87;24,00;24,75;24,50;23,87;24,50;0;0;
2026-07-07 16:59:27;3768494;DONE;3;4;0,000;0,000;0,000;0,000;0,000;0,000;0,000;0,000;0,000;0,000;0,000;0,000;0,000;0,000;0,000;0,000;0,000;0,000;0,000;0,000;24,87;24,00;24,75;24,50;23,87;24,50;0;0;
2026-07-07 16:59:29;3769494;DONE;3;4;0,000;0,000;0,000;0,000;0,000;0,000;0,000;0,000;0,000;0,000;0,000;0,000;0,000;0,000;0,000;0,000;0,000;0,000;0,000;0,000;24,87;24,00;24,75;24,50;23,87;24,50;0;0;
2026-07-07 16:59:29;3770494;DONE;3;4;0,000;0,000;0,000;0,000;0,000;0,000;0,000;0,000;0,000;0,000;0,000;0,000;0,000;0,000;0,000;0,000;0,000;0,000;0,000;0,000;24,87;24,00;24,75;24,56;23,87;24,50;0;0;
2026-07-07 16:59:30;3771494;DONE;3;4;0,000;0,000;0,000;0,000;0,000;0,000;0,000;0,000;0,000;0,000;0,000;0,000;0,000;0,000;0,000;0,000;0,000;0,000;0,000;0,000;24,87;24,00;24,75;24,50;23,87;24,50;0;0;
2026-07-07 16:59:31;3772494;DONE;3;4;0,000;0,000;0,000;0,000;0,000;0,000;0,000;0,000;0,000;0,000;0,000;0,000;0,000;0,000;0,000;0,000;0,000;0,000;0,000;0,000;24,87;24,00;24,75;24,56;23,87;24,50;0;0;
2026-07-07 16:59:32;3773494;DONE;3;4;0,000;0,000;0,000;0,000;0,000;0,000;0,000;0,000;0,000;0,000;0,000;0,000;0,000;0,000;0,000;0,000;0,000;0,000;0,000;0,000;24,87;24,00;24,75;24,50;23,94;24,50;0;0;
2026-07-07 16:59:33;3774494;DONE;3;4;0,000;0,000;0,000;0,000;0,000;0,000;0,000;0,000;0,000;0,000;0,000;0,000;0,000;0,000;0,000;0,000;0,000;0,000;0,000;0,000;24,87;24,00;24,75;24,50;23,94;24,50;0;0;
2026-07-07 16:59:35;3775494;DONE;3;4;0,000;0,000;0,000;0,000;0,000;0,000;0,000;0,000;0,000;0,000;0,000;0,000;0,000;0,000;0,000;0,000;0,000;0,000;0,000;0,000;24,94;24,00;24,75;24,50;23,94;24,50;0;0;
2026-07-07 16:59:35;3776494;DONE;3;4;0,000;0,000;0,000;0,000;0,000;0,000;0,000;0,000;0,000;0,000;0,000;0,000;0,000;0,000;0,000;0,000;0,000;0,000;0,000;0,000;24,94;24,00;24,75;24,56;23,94;24,50;0;0;
2026-07-07 16:59:37;3777494;DONE;3;4;0,000;0,000;0,000;0,000;0,000;0,000;0,000;0,000;0,000;0,000;0,000;0,000;0,000;0,000;0,000;0,000;0,000;0,000;0,000;0,000;24,94;24,06;24,75;24,50;23,94;24,50;0;0;
2026-07-07 16:59:37;3778494;DONE;3;4;0,000;0,000;0,000;0,000;0,000;0,000;0,000;0,000;0,000;0,000;0,000;0,000;0,000;0,000;0,000;0,000;0,000;0,000;0,000;0,000;24,94;24,00;24,75;24,56;23,94;24,56;0;0;
2026-07-07 16:59:38;3779494;DONE;3;4;0,000;0,000;0,000;0,000;0,000;0,000;0,000;0,000;0,000;0,000;0,000;0,000;0,000;0,000;0,000;0,000;0,000;0,000;0,000;0,000;24,94;24,06;24,75;24,56;23,94;24,50;0;0;
2026-07-07 16:59:39;3780494;DONE;3;4;0,000;0,000;0,000;0,000;0,000;0,000;0,000;0,000;0,000;0,000;0,000;0,000;0,000;0,000;0,000;0,000;0,000;0,000;0,000;0,000;24,94;24,06;24,75;24,56;23,94;24,50;0;0;
2026-07-07 16:59:40;3781494;DONE;3;4;0,000;0,000;0,000;0,000;0,000;0,000;0,000;0,000;0,000;0,000;0,000;0,000;0,000;0,000;0,000;0,000;0,000;0,000;0,000;0,000;24,94;24,06;24,75;24,56;23,94;24,56;0;0;
2026-07-07 16:59:41;3782494;DONE;3;4;0,000;0,000;0,000;0,000;0,000;0,000;0,000;0,000;0,000;0,000;0,000;0,000;0,000;0,000;0,000;0,000;0,000;0,000;0,000;0,000;24,94;24,06;24,75;24,56;23,94;24,50;0;0;
2026-07-07 16:59:43;3783494;DONE;3;4;0,000;0,000;0,000;0,000;0,000;0,000;0,000;0,000;0,000;0,000;0,000;0,000;0,000;0,000;0,000;0,000;0,000;0,000;0,000;0,000;24,94;24,06;24,75;24,56;23,94;24,56;0;0;
2026-07-07 16:59:43;3784494;DONE;3;4;0,000;0,000;0,000;0,000;0,000;0,000;0,000;0,000;0,000;0,000;0,000;0,000;0,000;0,000;0,000;0,000;0,000;0,000;0,000;0,000;24,94;24,06;24,75;24,56;23,94;24,56;0;0;
2026-07-07 16:59:44;3785494;DONE;3;4;0,000;0,000;0,000;0,000;0,000;0,000;0,000;0,000;0,000;0,000;0,000;0,000;0,000;0,000;0,000;0,000;0,000;0,000;0,000;0,000;24,94;24,06;24,81;24,56;23,94;24,56;0;0;
2026-07-07 16:59:45;3786494;DONE;3;4;0,000;0,000;0,000;0,000;0,000;0,000;0,000;0,000;0,000;0,000;0,000;0,000;0,000;0,000;0,000;0,000;0,000;0,000;0,000;0,000;24,94;24,06;24,75;24,56;23,94;24,56;0;0;
2026-07-07 16:59:46;3787494;DONE;3;4;0,000;0,000;0,000;0,000;0,000;0,000;0,000;0,000;0,000;0,000;0,000;0,000;0,000;0,000;0,000;0,000;0,000;0,000;0,000;0,000;24,94;24,06;24,75;24,56;23,94;24,56;0;0;
2026-07-07 16:59:47;3788494;DONE;3;4;0,000;0,000;0,000;0,000;0,000;0,000;0,000;0,000;0,000;0,000;0,000;0,000;0,000;0,000;0,000;0,000;0,000;0,000;0,000;0,000;24,94;24,06;24,75;24,56;23,94;24,56;0;0;
2026-07-07 16:59:48;3789494;DONE;3;4;0,000;0,000;0,000;0,000;0,000;0,000;0,000;0,000;0,000;0,000;0,000;0,000;0,000;0,000;0,000;0,000;0,000;0,000;0,000;0,000;24,94;24,06;24,81;24,56;23,94;24,56;0;0;
2026-07-07 16:59:49;3790494;DONE;3;4;0,000;0,000;0,000;0,000;0,000;0,000;0,000;0,000;0,000;0,000;0,000;0,000;0,000;0,000;0,000;0,000;0,000;0,000;0,000;0,000;24,94;24,06;24,75;24,56;23,94;24,56;0;0;
2026-07-07 16:59:50;3791494;DONE;3;4;0,000;0,000;0,000;0,000;0,000;0,000;0,000;0,000;0,000;0,000;0,000;0,000;0,000;0,000;0,000;0,000;0,000;0,000;0,000;0,000;24,94;24,06;24,81;24,56;23,94;24,56;0;0;
2026-07-07 16:59:51;3792494;DONE;3;4;0,000;0,000;0,000;0,000;0,000;0,000;0,000;0,000;0,000;0,000;0,000;0,000;0,000;0,000;0,000;0,000;0,000;0,000;0,000;0,000;24,94;24,06;24,75;24,56;24,00;24,56;0;0;
2026-07-07 16:59:52;3793494;DONE;3;4;0,000;0,000;0,000;0,000;0,000;0,000;0,000;0,000;0,000;0,000;0,000;0,000;0,000;0,000;0,000;0,000;0,000;0,000;0,000;0,000;24,94;24,06;24,81;24,56;24,00;24,56;0;0;
2026-07-07 16:59:53;3794494;DONE;3;4;0,000;0,000;0,000;0,000;0,000;0,000;0,000;0,000;0,000;0,000;0,000;0,000;0,000;0,000;0,000;0,000;0,000;0,000;0,000;0,000;24,94;24,06;24,81;24,56;24,00;24,56;0;0;
2026-07-07 16:59:54;3795494;DONE;3;4;0,000;0,000;0,000;0,000;0,000;0,000;0,000;0,000;0,000;0,000;0,000;0,000;0,000;0,000;0,000;0,000;0,000;0,000;0,000;0,000;24,94;24,12;24,81;24,56;24,00;24,62;0;0;
2026-07-07 16:59:56;3796494;DONE;3;4;0,000;0,000;0,000;0,000;0,000;0,000;0,000;0,000;0,000;0,000;0,000;0,000;0,000;0,000;0,000;0,000;0,000;0,000;0,000;0,000;24,94;24,06;24,81;24,56;23,94;24,62;0;0;
2026-07-07 16:59:56;3797494;DONE;3;4;0,000;0,000;0,000;0,000;0,000;0,000;0,000;0,000;0,000;0,000;0,000;0,000;0,000;0,000;0,000;0,000;0,000;0,000;0,000;0,000;24,94;24,12;24,81;24,56;24,00;24,56;0;0;
2026-07-07 16:59:58;3798494;DONE;3;4;0,000;0,000;0,000;0,000;0,000;0,000;0,000;0,000;0,000;0,000;0,000;0,000;0,000;0,000;0,000;0,000;0,000;0,000;0,000;0,000;24,94;24,12;24,81;24,56;24,00;24,62;0;0;
2026-07-07 16:59:58;3799494;DONE;3;4;0,000;0,000;0,000;0,000;0,000;0,000;0,000;0,000;0,000;0,000;0,000;0,000;0,000;0,000;0,000;0,000;0,000;0,000;0,000;0,000;24,94;24,12;24,81;24,56;24,00;24,62;0;0;
2026-07-07 17:00:00;3800494;DONE;3;4;0,000;0,000;0,000;0,000;0,000;0,000;0,000;0,000;0,000;0,000;0,000;0,000;0,000;0,000;0,000;0,000;0,000;0,000;0,000;0,000;24,94;24,12;24,81;24,56;24,00;24,62;0;0;
2026-07-07 17:00:00;3801494;DONE;3;4;0,000;0,000;0,000;0,000;0,000;0,000;0,000;0,000;0,000;0,000;0,000;0,000;0,000;0,000;0,000;0,000;0,000;0,000;0,000;0,000;24,94;24,12;24,81;24,62;24,00;24,62;0;0;
2026-07-07 17:00:02;3802494;DONE;3;4;0,000;0,000;0,000;0,000;0,000;0,000;0,000;0,000;0,000;0,000;0,000;0,000;0,000;0,000;0,000;0,000;0,000;0,000;0,000;0,000;25,00;24,12;24,81;24,62;24,00;24,62;0;0;
2026-07-07 17:00:02;3803494;DONE;3;4;0,000;0,000;0,000;0,000;0,000;0,000;0,000;0,000;0,000;0,000;0,000;0,000;0,000;0,000;0,000;0,000;0,000;0,000;0,000;0,000;25,00;24,12;24,81;24,56;24,00;24,62;0;0;
2026-07-07 17:00:04;3804494;DONE;3;4;0,000;0,000;0,000;0,000;0,000;0,000;0,000;0,000;0,000;0,000;0,000;0,000;0,000;0,000;0,000;0,000;0,000;0,000;0,000;0,000;25,00;24,12;24,81;24,56;24,00;24,62;0;0;
2026-07-07 17:00:04;3805494;DONE;3;4;0,000;0,000;0,000;0,000;0,000;0,000;0,000;0,000;0,000;0,000;0,000;0,000;0,000;0,000;0,000;0,000;0,000;0,000;0,000;0,000;24,94;24,12;24,81;24,56;24,00;24,62;0;0;
2026-07-07 17:00:06;3806494;DONE;3;4;0,000;0,000;0,000;0,000;0,000;0,000;0,000;0,000;0,000;0,000;0,000;0,000;0,000;0,000;0,000;0,000;0,000;0,000;0,000;0,000;25,00;24,12;24,81;24,56;24,00;24,62;0;0;
2026-07-07 17:00:06;3807494;DONE;3;4;0,000;0,000;0,000;0,000;0,000;0,000;0,000;0,000;0,000;0,000;0,000;0,000;0,000;0,000;0,000;0,000;0,000;0,000;0,000;0,000;25,00;24,12;24,81;24,56;24,00;24,69;0;0;
2026-07-07 17:00:08;3808494;DONE;3;4;0,000;0,000;0,000;0,000;0,000;0,000;0,000;0,000;0,000;0,000;0,000;0,000;0,000;0,000;0,000;0,000;0,000;0,000;0,000;0,000;25,00;24,12;24,81;24,62;24,00;24,62;0;0;
2026-07-07 17:00:08;3809494;DONE;3;4;0,000;0,000;0,000;0,000;0,000;0,000;0,000;0,000;0,000;0,000;0,000;0,000;0,000;0,000;0,000;0,000;0,000;0,000;0,000;0,000;25,00;24,12;24,81;24,62;24,00;24,62;0;0;
2026-07-07 17:00:10;3810494;DONE;3;4;0,000;0,000;0,000;0,000;0,000;0,000;0,000;0,000;0,000;0,000;0,000;0,000;0,000;0,000;0,000;0,000;0,000;0,000;0,000;0,000;25,00;24,12;24,87;24,62;24,00;24,62;0;0;
2026-07-07 17:00:10;3811494;DONE;3;4;0,000;0,000;0,000;0,000;0,000;0,000;0,000;0,000;0,000;0,000;0,000;0,000;0,000;0,000;0,000;0,000;0,000;0,000;0,000;0,000;25,00;24,12;24,81;24,62;24,00;24,62;0;0;
2026-07-07 17:00:11;3812494;DONE;3;4;0,000;0,000;0,000;0,000;0,000;0,000;0,000;0,000;0,000;0,000;0,000;0,000;0,000;0,000;0,000;0,000;0,000;0,000;0,000;0,000;25,00;24,12;24,81;24,62;24,00;24,69;0;0;
2026-07-07 17:00:12;3813494;DONE;3;4;0,000;0,000;0,000;0,000;0,000;0,000;0,000;0,000;0,000;0,000;0,000;0,000;0,000;0,000;0,000;0,000;0,000;0,000;0,000;0,000;25,00;24,12;24,81;24,62;24,06;24,69;0;0;
2026-07-07 17:00:13;3814494;DONE;3;4;0,000;0,000;0,000;0,000;0,000;0,000;0,000;0,000;0,000;0,000;0,000;0,000;0,000;0,000;0,000;0,000;0,000;0,000;0,000;0,000;25,00;24,12;24,87;24,62;24,00;24,69;0;0;
2026-07-07 17:00:14;3815494;DONE;3;4;0,000;0,000;0,000;0,000;0,000;0,000;0,000;0,000;0,000;0,000;0,000;0,000;0,000;0,000;0,000;0,000;0,000;0,000;0,000;0,000;25,00;24,12;24,81;24,62;24,00;24,69;0;0;
2026-07-07 17:00:15;3816494;DONE;3;4;0,000;0,000;0,000;0,000;0,000;0,000;0,000;0,000;0,000;0,000;0,000;0,000;0,000;0,000;0,000;0,000;0,000;0,000;0,000;0,000;25,00;24,19;24,81;24,62;24,06;24,69;0;0;
2026-07-07 17:00:16;3817494;DONE;3;4;0,000;0,000;0,000;0,000;0,000;0,000;0,000;0,000;0,000;0,000;0,000;0,000;0,000;0,000;0,000;0,000;0,000;0,000;0,000;0,000;25,00;24,19;24,87;24,62;24,06;24,69;0;0;
2026-07-07 17:00:17;3818494;DONE;3;4;0,000;0,000;0,000;0,000;0,000;0,000;0,000;0,000;0,000;0,000;0,000;0,000;0,000;0,000;0,000;0,000;0,000;0,000;0,000;0,000;25,00;24,19;24,87;24,62;24,06;24,69;0;0;
2026-07-07 17:00:18;3819494;DONE;3;4;0,000;0,000;0,000;0,000;0,000;0,000;0,000;0,000;0,000;0,000;0,000;0,000;0,000;0,000;0,000;0,000;0,000;0,000;0,000;0,000;25,00;24,12;24,87;24,62;24,06;24,69;0;0;
2026-07-07 17:00:19;3820494;DONE;3;4;0,000;0,000;0,000;0,000;0,000;0,000;0,000;0,000;0,000;0,000;0,000;0,000;0,000;0,000;0,000;0,000;0,000;0,000;0,000;0,000;25,00;24,19;24,87;24,62;24,06;24,69;0;0;
2026-07-07 17:00:20;3821494;DONE;3;4;0,000;0,000;0,000;0,000;0,000;0,000;0,000;0,000;0,000;0,000;0,000;0,000;0,000;0,000;0,000;0,000;0,000;0,000;0,000;0,000;25,00;24,19;24,87;24,62;24,06;24,69;0;0;
2026-07-07 17:00:21;3822494;DONE;3;4;0,000;0,000;0,000;0,000;0,000;0,000;0,000;0,000;0,000;0,000;0,000;0,000;0,000;0,000;0,000;0,000;0,000;0,000;0,000;0,000;25,00;24,19;24,87;24,62;24,06;24,69;0;0;
2026-07-07 17:00:22;3823494;DONE;3;4;0,000;0,000;0,000;0,000;0,000;0,000;0,000;0,000;0,000;0,000;0,000;0,000;0,000;0,000;0,000;0,000;0,000;0,000;0,000;0,000;25,00;24,19;24,87;24,62;24,06;24,69;0;0;
2026-07-07 17:00:23;3824494;DONE;3;4;0,000;0,000;0,000;0,000;0,000;0,000;0,000;0,000;0,000;0,000;0,000;0,000;0,000;0,000;0,000;0,000;0,000;0,000;0,000;0,000;25,00;24,19;24,87;24,62;24,06;24,69;0;0;
2026-07-07 17:00:24;3825494;DONE;3;4;0,000;0,000;0,000;0,000;0,000;0,000;0,000;0,000;0,000;0,000;0,000;0,000;0,000;0,000;0,000;0,000;0,000;0,000;0,000;0,000;25,00;24,19;24,87;24,62;24,06;24,69;0;0;
2026-07-07 17:00:26;3826494;DONE;3;4;0,000;0,000;0,000;0,000;0,000;0,000;0,000;0,000;0,000;0,000;0,000;0,000;0,000;0,000;0,000;0,000;0,000;0,000;0,000;0,000;25,00;24,19;24,87;24,62;24,06;24,69;0;0;
2026-07-07 17:00:26;3827494;DONE;3;4;0,000;0,000;0,000;0,000;0,000;0,000;0,000;0,000;0,000;0,000;0,000;0,000;0,000;0,000;0,000;0,000;0,000;0,000;0,000;0,000;25,06;24,19;24,87;24,62;24,06;24,69;0;0;
2026-07-07 17:00:28;3828494;DONE;3;4;0,000;0,000;0,000;0,000;0,000;0,000;0,000;0,000;0,000;0,000;0,000;0,000;0,000;0,000;0,000;0,000;0,000;0,000;0,000;0,000;25,06;24,19;24,87;24,62;24,06;24,69;0;0;
2026-07-07 17:00:28;3829494;DONE;3;4;0,000;0,000;0,000;0,000;0,000;0,000;0,000;0,000;0,000;0,000;0,000;0,000;0,000;0,000;0,000;0,000;0,000;0,000;0,000;0,000;25,06;24,19;24,87;24,62;24,06;24,69;0;0;
2026-07-07 17:00:30;3830494;DONE;3;4;0,000;0,000;0,000;0,000;0,000;0,000;0,000;0,000;0,000;0,000;0,000;0,000;0,000;0,000;0,000;0,000;0,000;0,000;0,000;0,000;25,06;24,19;24,87;24,62;24,06;24,75;0;0;
2026-07-07 17:00:30;3831494;DONE;3;4;0,000;0,000;0,000;0,000;0,000;0,000;0,000;0,000;0,000;0,000;0,000;0,000;0,000;0,000;0,000;0,000;0,000;0,000;0,000;0,000;25,00;24,19;24,87;24,62;24,06;24,69;0;0;
2026-07-07 17:00:32;3832494;DONE;3;4;0,000;0,000;0,000;0,000;0,000;0,000;0,000;0,000;0,000;0,000;0,000;0,000;0,000;0,000;0,000;0,000;0,000;0,000;0,000;0,000;25,06;24,19;24,87;24,69;24,06;24,75;0;0;
2026-07-07 17:00:32;3833494;DONE;3;4;0,000;0,000;0,000;0,000;0,000;0,000;0,000;0,000;0,000;0,000;0,000;0,000;0,000;0,000;0,000;0,000;0,000;0,000;0,000;0,000;25,06;24,19;24,87;24,62;24,06;24,75;0;0;
2026-07-07 17:00:34;3834494;DONE;3;4;0,000;0,000;0,000;0,000;0,000;0,000;0,000;0,000;0,000;0,000;0,000;0,000;0,000;0,000;0,000;0,000;0,000;0,000;0,000;0,000;25,06;24,19;24,87;24,62;24,06;24,75;0;0;
2026-07-07 17:00:34;3835494;DONE;3;4;0,000;0,000;0,000;0,000;0,000;0,000;0,000;0,000;0,000;0,000;0,000;0,000;0,000;0,000;0,000;0,000;0,000;0,000;0,000;0,000;25,06;24,19;24,87;24,62;24,06;24,75;0;0;
2026-07-07 17:00:36;3836494;DONE;3;4;0,000;0,000;0,000;0,000;0,000;0,000;0,000;0,000;0,000;0,000;0,000;0,000;0,000;0,000;0,000;0,000;0,000;0,000;0,000;0,000;25,00;24,19;24,87;24,62;24,06;24,75;0;0;
2026-07-07 17:00:36;3837494;DONE;3;4;0,000;0,000;0,000;0,000;0,000;0,000;0,000;0,000;0,000;0,000;0,000;0,000;0,000;0,000;0,000;0,000;0,000;0,000;0,000;0,000;25,00;24,25;24,87;24,62;24,12;24,75;0;0;
2026-07-07 17:00:38;3838494;DONE;3;4;0,000;0,000;0,000;0,000;0,000;0,000;0,000;0,000;0,000;0,000;0,000;0,000;0,000;0,000;0,000;0,000;0,000;0,000;0,000;0,000;25,06;24,25;24,87;24,62;24,06;24,75;0;0;
2026-07-07 17:00:38;3839494;DONE;3;4;0,000;0,000;0,000;0,000;0,000;0,000;0,000;0,000;0,000;0,000;0,000;0,000;0,000;0,000;0,000;0,000;0,000;0,000;0,000;0,000;25,06;24,19;24,87;24,69;24,06;24,75;0;0;
2026-07-07 17:00:40;3840494;DONE;3;4;0,000;0,000;0,000;0,000;0,000;0,000;0,000;0,000;0,000;0,000;0,000;0,000;0,000;0,000;0,000;0,000;0,000;0,000;0,000;0,000;25,06;24,25;24,94;24,69;24,12;24,75;0;0;
2026-07-07 17:00:40;3841494;DONE;3;4;0,000;0,000;0,000;0,000;0,000;0,000;0,000;0,000;0,000;0,000;0,000;0,000;0,000;0,000;0,000;0,000;0,000;0,000;0,000;0,000;25,06;24,25;24,87;24,69;24,12;24,75;0;0;
2026-07-07 17:00:42;3842494;DONE;3;4;0,000;0,000;0,000;0,000;0,000;0,000;0,000;0,000;0,000;0,000;0,000;0,000;0,000;0,000;0,000;0,000;0,000;0,000;0,000;0,000;25,06;24,25;24,94;24,62;24,12;24,75;0;0;
2026-07-07 17:00:42;3843494;DONE;3;4;0,000;0,000;0,000;0,000;0,000;0,000;0,000;0,000;0,000;0,000;0,000;0,000;0,000;0,000;0,000;0,000;0,000;0,000;0,000;0,000;25,06;24,25;24,94;24,69;24,12;24,75;0;0;
2026-07-07 17:00:43;3844494;DONE;3;4;0,000;0,000;0,000;0,000;0,000;0,000;0,000;0,000;0,000;0,000;0,000;0,000;0,000;0,000;0,000;0,000;0,000;0,000;0,000;0,000;25,06;24,25;24,94;24,69;24,12;24,75;0;0;
2026-07-07 17:00:44;3845494;DONE;3;4;0,000;0,000;0,000;0,000;0,000;0,000;0,000;0,000;0,000;0,000;0,000;0,000;0,000;0,000;0,000;0,000;0,000;0,000;0,000;0,000;25,06;24,25;24,94;24,69;24,12;24,75;0;0;
2026-07-07 17:00:45;3846494;DONE;3;4;0,000;0,000;0,000;0,000;0,000;0,000;0,000;0,000;0,000;0,000;0,000;0,000;0,000;0,000;0,000;0,000;0,000;0,000;0,000;0,000;25,06;24,25;24,94;24,69;24,12;24,75;0;0;
2026-07-07 17:00:46;3847494;DONE;3;4;0,000;0,000;0,000;0,000;0,000;0,000;0,000;0,000;0,000;0,000;0,000;0,000;0,000;0,000;0,000;0,000;0,000;0,000;0,000;0,000;25,06;24,25;24,94;24,69;24,12;24,75;0;0;
2026-07-07 17:00:47;3848494;DONE;3;4;0,000;0,000;0,000;0,000;0,000;0,000;0,000;0,000;0,000;0,000;0,000;0,000;0,000;0,000;0,000;0,000;0,000;0,000;0,000;0,000;25,06;24,25;24,94;24,69;24,12;24,75;0;0;
2026-07-07 17:00:48;3849494;DONE;3;4;0,000;0,000;0,000;0,000;0,000;0,000;0,000;0,000;0,000;0,000;0,000;0,000;0,000;0,000;0,000;0,000;0,000;0,000;0,000;0,000;25,06;24,25;24,94;24,69;24,12;24,75;0;0;
2026-07-07 17:00:50;3850494;DONE;3;4;0,000;0,000;0,000;0,000;0,000;0,000;0,000;0,000;0,000;0,000;0,000;0,000;0,000;0,000;0,000;0,000;0,000;0,000;0,000;0,000;25,06;24,25;24,94;24,69;24,12;24,75;0;0;
2026-07-07 17:00:50;3851494;DONE;3;4;0,000;0,000;0,000;0,000;0,000;0,000;0,000;0,000;0,000;0,000;0,000;0,000;0,000;0,000;0,000;0,000;0,000;0,000;0,000;0,000;25,06;24,25;24,94;24,69;24,12;24,75;0;0;
2026-07-07 17:00:51;3852494;DONE;3;4;0,000;0,000;0,000;0,000;0,000;0,000;0,000;0,000;0,000;0,000;0,000;0,000;0,000;0,000;0,000;0,000;0,000;0,000;0,000;0,000;25,06;24,25;24,94;24,69;24,12;24,81;0;0;
2026-07-07 17:00:52;3853494;DONE;3;4;0,000;0,000;0,000;0,000;0,000;0,000;0,000;0,000;0,000;0,000;0,000;0,000;0,000;0,000;0,000;0,000;0,000;0,000;0,000;0,000;25,06;24,25;24,94;24,69;24,12;24,81;0;0;
2026-07-07 17:00:53;3854494;DONE;3;4;0,000;0,000;0,000;0,000;0,000;0,000;0,000;0,000;0,000;0,000;0,000;0,000;0,000;0,000;0,000;0,000;0,000;0,000;0,000;0,000;25,06;24,25;24,94;24,69;24,12;24,81;0;0;
2026-07-07 17:00:54;3855494;DONE;3;4;0,000;0,000;0,000;0,000;0,000;0,000;0,000;0,000;0,000;0,000;0,000;0,000;0,000;0,000;0,000;0,000;0,000;0,000;0,000;0,000;25,06;24,25;24,94;24,69;24,19;24,81;0;0;
2026-07-07 17:00:56;3856494;DONE;3;4;0,000;0,000;0,000;0,000;0,000;0,000;0,000;0,000;0,000;0,000;0,000;0,000;0,000;0,000;0,000;0,000;0,000;0,000;0,000;0,000;25,06;24,25;24,94;24,69;24,12;24,81;0;0;
2026-07-07 17:00:56;3857494;DONE;3;4;0,000;0,000;0,000;0,000;0,000;0,000;0,000;0,000;0,000;0,000;0,000;0,000;0,000;0,000;0,000;0,000;0,000;0,000;0,000;0,000;25,06;24,25;24,94;24,69;24,12;24,81;0;0;
2026-07-07 17:00:57;3858494;DONE;3;4;0,000;0,000;0,000;0,000;0,000;0,000;0,000;0,000;0,000;0,000;0,000;0,000;0,000;0,000;0,000;0,000;0,000;0,000;0,000;0,000;25,06;24,31;24,94;24,69;24,12;24,81;0;0;
2026-07-07 17:00:58;3859494;DONE;3;4;0,000;0,000;0,000;0,000;0,000;0,000;0,000;0,000;0,000;0,000;0,000;0,000;0,000;0,000;0,000;0,000;0,000;0,000;0,000;0,000;25,06;24,31;24,94;24,69;24,12;24,81;0;0;
2026-07-07 17:00:59;3860494;DONE;3;4;0,000;0,000;0,000;0,000;0,000;0,000;0,000;0,000;0,000;0,000;0,000;0,000;0,000;0,000;0,000;0,000;0,000;0,000;0,000;0,000;25,06;24,31;24,94;24,69;24,19;24,81;0;0;
2026-07-07 17:01:00;3861494;DONE;3;4;0,000;0,000;0,000;0,000;0,000;0,000;0,000;0,000;0,000;0,000;0,000;0,000;0,000;0,000;0,000;0,000;0,000;0,000;0,000;0,000;25,06;24,31;24,94;24,69;24,19;24,81;0;0;
2026-07-07 17:01:02;3862494;DONE;3;4;0,000;0,000;0,000;0,000;0,000;0,000;0,000;0,000;0,000;0,000;0,000;0,000;0,000;0,000;0,000;0,000;0,000;0,000;0,000;0,000;25,06;24,25;24,94;24,69;24,19;24,81;0;0;
2026-07-07 17:01:02;3863494;DONE;3;4;0,000;0,000;0,000;0,000;0,000;0,000;0,000;0,000;0,000;0,000;0,000;0,000;0,000;0,000;0,000;0,000;0,000;0,000;0,000;0,000;25,06;24,31;24,94;24,69;24,19;24,81;0;0;
2026-07-07 17:01:04;3864494;DONE;3;4;0,000;0,000;0,000;0,000;0,000;0,000;0,000;0,000;0,000;0,000;0,000;0,000;0,000;0,000;0,000;0,000;0,000;0,000;0,000;0,000;25,06;24,31;24,94;24,69;24,19;24,81;0;0;
2026-07-07 17:01:04;3865494;DONE;3;4;0,000;0,000;0,000;0,000;0,000;0,000;0,000;0,000;0,000;0,000;0,000;0,000;0,000;0,000;0,000;0,000;0,000;0,000;0,000;0,000;25,12;24,31;24,94;24,69;24,19;24,81;0;0;
2026-07-07 17:01:05;3866494;DONE;3;4;0,000;0,000;0,000;0,000;0,000;0,000;0,000;0,000;0,000;0,000;0,000;0,000;0,000;0,000;0,000;0,000;0,000;0,000;0,000;0,000;25,12;24,31;24,94;24,75;24,19;24,81;0;0;
2026-07-07 17:01:06;3867494;DONE;3;4;0,000;0,000;0,000;0,000;0,000;0,000;0,000;0,000;0,000;0,000;0,000;0,000;0,000;0,000;0,000;0,000;0,000;0,000;0,000;0,000;25,12;24,31;24,94;24,69;24,19;24,81;0;0;
2026-07-07 17:01:07;3868494;DONE;3;4;0,000;0,000;0,000;0,000;0,000;0,000;0,000;0,000;0,000;0,000;0,000;0,000;0,000;0,000;0,000;0,000;0,000;0,000;0,000;0,000;25,12;24,31;24,94;24,69;24,19;24,81;0;0;
2026-07-07 17:01:08;3869494;DONE;3;4;0,000;0,000;0,000;0,000;0,000;0,000;0,000;0,000;0,000;0,000;0,000;0,000;0,000;0,000;0,000;0,000;0,000;0,000;0,000;0,000;25,12;24,31;24,94;24,69;24,19;24,87;0;0;
2026-07-07 17:01:09;3870494;DONE;3;4;0,000;0,000;0,000;0,000;0,000;0,000;0,000;0,000;0,000;0,000;0,000;0,000;0,000;0,000;0,000;0,000;0,000;0,000;0,000;0,000;25,12;24,31;24,94;24,69;24,19;24,87;0;0;
2026-07-07 17:01:10;3871494;DONE;3;4;0,000;0,000;0,000;0,000;0,000;0,000;0,000;0,000;0,000;0,000;0,000;0,000;0,000;0,000;0,000;0,000;0,000;0,000;0,000;0,000;25,12;24,31;24,94;24,75;24,19;24,81;0;0;
2026-07-07 17:01:11;3872494;DONE;3;4;0,000;0,000;0,000;0,000;0,000;0,000;0,000;0,000;0,000;0,000;0,000;0,000;0,000;0,000;0,000;0,000;0,000;0,000;0,000;0,000;25,12;24,31;25,00;24,75;24,19;24,87;0;0;
2026-07-07 17:01:12;3873494;DONE;3;4;0,000;0,000;0,000;0,000;0,000;0,000;0,000;0,000;0,000;0,000;0,000;0,000;0,000;0,000;0,000;0,000;0,000;0,000;0,000;0,000;25,12;24,31;25,00;24,75;24,19;24,87;0;0;
2026-07-07 17:01:13;3874494;DONE;3;4;0,000;0,000;0,000;0,000;0,000;0,000;0,000;0,000;0,000;0,000;0,000;0,000;0,000;0,000;0,000;0,000;0,000;0,000;0,000;0,000;25,12;24,31;25,00;24,75;24,19;24,87;0;0;
2026-07-07 17:01:14;3875494;DONE;3;4;0,000;0,000;0,000;0,000;0,000;0,000;0,000;0,000;0,000;0,000;0,000;0,000;0,000;0,000;0,000;0,000;0,000;0,000;0,000;0,000;25,12;24,31;24,94;24,69;24,19;24,87;0;0;
2026-07-07 17:01:15;3876494;DONE;3;4;0,000;0,000;0,000;0,000;0,000;0,000;0,000;0,000;0,000;0,000;0,000;0,000;0,000;0,000;0,000;0,000;0,000;0,000;0,000;0,000;25,12;24,37;25,00;24,75;24,19;24,87;0;0;
2026-07-07 17:01:16;3877494;DONE;3;4;0,000;0,000;0,000;0,000;0,000;0,000;0,000;0,000;0,000;0,000;0,000;0,000;0,000;0,000;0,000;0,000;0,000;0,000;0,000;0,000;25,12;24,37;25,00;24,75;24,19;24,87;0;0;
2026-07-07 17:01:17;3878494;DONE;3;4;0,000;0,000;0,000;0,000;0,000;0,000;0,000;0,000;0,000;0,000;0,000;0,000;0,000;0,000;0,000;0,000;0,000;0,000;0,000;0,000;25,12;24,37;25,00;24,75;24,19;24,87;0;0;
2026-07-07 17:01:18;3879494;DONE;3;4;0,000;0,000;0,000;0,000;0,000;0,000;0,000;0,000;0,000;0,000;0,000;0,000;0,000;0,000;0,000;0,000;0,000;0,000;0,000;0,000;25,12;24,37;25,00;24,75;24,25;24,87;0;0;
2026-07-07 17:01:19;3880494;DONE;3;4;0,000;0,000;0,000;0,000;0,000;0,000;0,000;0,000;0,000;0,000;0,000;0,000;0,000;0,000;0,000;0,000;0,000;0,000;0,000;0,000;25,12;24,37;25,00;24,75;24,19;24,87;0;0;
2026-07-07 17:01:20;3881494;DONE;3;4;0,000;0,000;0,000;0,000;0,000;0,000;0,000;0,000;0,000;0,000;0,000;0,000;0,000;0,000;0,000;0,000;0,000;0,000;0,000;0,000;25,12;24,31;25,00;24,75;24,19;24,87;0;0;
2026-07-07 17:01:21;3882494;DONE;3;4;0,000;0,000;0,000;0,000;0,000;0,000;0,000;0,000;0,000;0,000;0,000;0,000;0,000;0,000;0,000;0,000;0,000;0,000;0,000;0,000;25,12;24,37;25,00;24,75;24,19;24,87;0;0;
2026-07-07 17:01:22;3883494;DONE;3;4;0,000;0,000;0,000;0,000;0,000;0,000;0,000;0,000;0,000;0,000;0,000;0,000;0,000;0,000;0,000;0,000;0,000;0,000;0,000;0,000;25,12;24,31;25,00;24,75;24,19;24,87;0;0;
2026-07-07 17:01:23;3884494;DONE;3;4;0,000;0,000;0,000;0,000;0,000;0,000;0,000;0,000;0,000;0,000;0,000;0,000;0,000;0,000;0,000;0,000;0,000;0,000;0,000;0,000;25,12;24,37;25,00;24,75;24,19;24,87;0;0;
2026-07-07 17:01:25;3885494;DONE;3;4;0,000;0,000;0,000;0,000;0,000;0,000;0,000;0,000;0,000;0,000;0,000;0,000;0,000;0,000;0,000;0,000;0,000;0,000;0,000;0,000;25,12;24,37;25,00;24,75;24,25;24,87;0;0;
2026-07-07 17:01:25;3886494;DONE;3;4;0,000;0,000;0,000;0,000;0,000;0,000;0,000;0,000;0,000;0,000;0,000;0,000;0,000;0,000;0,000;0,000;0,000;0,000;0,000;0,000;25,12;24,37;25,00;24,75;24,25;24,87;0;0;
2026-07-07 17:01:26;3887494;DONE;3;4;0,000;0,000;0,000;0,000;0,000;0,000;0,000;0,000;0,000;0,000;0,000;0,000;0,000;0,000;0,000;0,000;0,000;0,000;0,000;0,000;25,12;24,37;25,00;24,75;24,19;24,87;0;0;
2026-07-07 17:01:27;3888494;DONE;3;4;0,000;0,000;0,000;0,000;0,000;0,000;0,000;0,000;0,000;0,000;0,000;0,000;0,000;0,000;0,000;0,000;0,000;0,000;0,000;0,000;25,12;24,37;25,00;24,75;24,25;24,87;0;0;
2026-07-07 17:01:28;3889494;DONE;3;4;0,000;0,000;0,000;0,000;0,000;0,000;0,000;0,000;0,000;0,000;0,000;0,000;0,000;0,000;0,000;0,000;0,000;0,000;0,000;0,000;25,12;24,37;25,00;24,75;24,25;24,87;0;0;
2026-07-07 17:01:29;3890494;DONE;3;4;0,000;0,000;0,000;0,000;0,000;0,000;0,000;0,000;0,000;0,000;0,000;0,000;0,000;0,000;0,000;0,000;0,000;0,000;0,000;0,000;25,12;24,37;25,00;24,75;24,25;24,87;0;0;
2026-07-07 17:01:31;3891494;DONE;3;4;0,000;0,000;0,000;0,000;0,000;0,000;0,000;0,000;0,000;0,000;0,000;0,000;0,000;0,000;0,000;0,000;0,000;0,000;0,000;0,000;25,12;24,37;25,00;24,75;24,25;24,87;0;0;
2026-07-07 17:01:31;3892494;DONE;3;4;0,000;0,000;0,000;0,000;0,000;0,000;0,000;0,000;0,000;0,000;0,000;0,000;0,000;0,000;0,000;0,000;0,000;0,000;0,000;0,000;25,12;24,37;25,00;24,75;24,25;24,87;0;0;
2026-07-07 17:01:33;3893494;DONE;3;4;0,000;0,000;0,000;0,000;0,000;0,000;0,000;0,000;0,000;0,000;0,000;0,000;0,000;0,000;0,000;0,000;0,000;0,000;0,000;0,000;25,12;24,37;25,00;24,75;24,25;24,87;0;0;
2026-07-07 17:01:33;3894494;DONE;3;4;0,000;0,000;0,000;0,000;0,000;0,000;0,000;0,000;0,000;0,000;0,000;0,000;0,000;0,000;0,000;0,000;0,000;0,000;0,000;0,000;25,12;24,37;25,00;24,75;24,25;24,87;0;0;
2026-07-07 17:01:34;3895494;DONE;3;4;0,000;0,000;0,000;0,000;0,000;0,000;0,000;0,000;0,000;0,000;0,000;0,000;0,000;0,000;0,000;0,000;0,000;0,000;0,000;0,000;25,19;24,37;25,00;24,75;24,25;24,87;0;0;
2026-07-07 17:01:35;3896494;DONE;3;4;0,000;0,000;0,000;0,000;0,000;0,000;0,000;0,000;0,000;0,000;0,000;0,000;0,000;0,000;0,000;0,000;0,000;0,000;0,000;0,000;25,12;24,37;25,00;24,75;24,25;24,94;0;0;
2026-07-07 17:01:36;3897494;DONE;3;4;0,000;0,000;0,000;0,000;0,000;0,000;0,000;0,000;0,000;0,000;0,000;0,000;0,000;0,000;0,000;0,000;0,000;0,000;0,000;0,000;25,12;24,37;25,00;24,75;24,25;24,87;0;0;
2026-07-07 17:01:37;3898494;DONE;3;4;0,000;0,000;0,000;0,000;0,000;0,000;0,000;0,000;0,000;0,000;0,000;0,000;0,000;0,000;0,000;0,000;0,000;0,000;0,000;0,000;25,19;24,37;25,00;24,75;24,25;24,94;0;0;
2026-07-07 17:01:38;3899494;DONE;3;4;0,000;0,000;0,000;0,000;0,000;0,000;0,000;0,000;0,000;0,000;0,000;0,000;0,000;0,000;0,000;0,000;0,000;0,000;0,000;0,000;25,19;24,37;25,00;24,75;24,25;24,94;0;0;
2026-07-07 17:01:39;3900494;DONE;3;4;0,000;0,000;0,000;0,000;0,000;0,000;0,000;0,000;0,000;0,000;0,000;0,000;0,000;0,000;0,000;0,000;0,000;0,000;0,000;0,000;25,12;24,37;25,06;24,75;24,25;24,94;0;0;
2026-07-07 17:01:40;3901494;DONE;3;4;0,000;0,000;0,000;0,000;0,000;0,000;0,000;0,000;0,000;0,000;0,000;0,000;0,000;0,000;0,000;0,000;0,000;0,000;0,000;0,000;25,19;24,37;25,06;24,75;24,25;24,94;0;0;
2026-07-07 17:01:41;3902494;DONE;3;4;0,000;0,000;0,000;0,000;0,000;0,000;0,000;0,000;0,000;0,000;0,000;0,000;0,000;0,000;0,000;0,000;0,000;0,000;0,000;0,000;25,19;24,37;25,06;24,75;24,25;24,87;0;0;
2026-07-07 17:01:42;3903494;DONE;3;4;0,000;0,000;0,000;0,000;0,000;0,000;0,000;0,000;0,000;0,000;0,000;0,000;0,000;0,000;0,000;0,000;0,000;0,000;0,000;0,000;25,19;24,44;25,06;24,75;24,25;24,94;0;0;
2026-07-07 17:01:43;3904494;DONE;3;4;0,000;0,000;0,000;0,000;0,000;0,000;0,000;0,000;0,000;0,000;0,000;0,000;0,000;0,000;0,000;0,000;0,000;0,000;0,000;0,000;25,19;24,44;25,06;24,75;24,25;24,94;0;0;
2026-07-07 17:01:44;3905494;DONE;3;4;0,000;0,000;0,000;0,000;0,000;0,000;0,000;0,000;0,000;0,000;0,000;0,000;0,000;0,000;0,000;0,000;0,000;0,000;0,000;0,000;25,19;24,37;25,06;24,75;24,25;24,94;0;0;
2026-07-07 17:01:45;3906494;DONE;3;4;0,000;0,000;0,000;0,000;0,000;0,000;0,000;0,000;0,000;0,000;0,000;0,000;0,000;0,000;0,000;0,000;0,000;0,000;0,000;0,000;25,19;24,44;25,06;24,75;24,25;24,94;0;0;
2026-07-07 17:01:46;3907494;DONE;3;4;0,000;0,000;0,000;0,000;0,000;0,000;0,000;0,000;0,000;0,000;0,000;0,000;0,000;0,000;0,000;0,000;0,000;0,000;0,000;0,000;25,19;24,44;25,06;24,75;24,25;24,94;0;0;
2026-07-07 17:01:47;3908494;DONE;3;4;0,000;0,000;0,000;0,000;0,000;0,000;0,000;0,000;0,000;0,000;0,000;0,000;0,000;0,000;0,000;0,000;0,000;0,000;0,000;0,000;25,19;24,44;25,06;24,75;24,25;24,94;0;0;
2026-07-07 17:01:48;3909494;DONE;3;4;0,000;0,000;0,000;0,000;0,000;0,000;0,000;0,000;0,000;0,000;0,000;0,000;0,000;0,000;0,000;0,000;0,000;0,000;0,000;0,000;25,19;24,44;25,06;24,81;24,25;24,94;0;0;
2026-07-07 17:01:49;3910494;DONE;3;4;0,000;0,000;0,000;0,000;0,000;0,000;0,000;0,000;0,000;0,000;0,000;0,000;0,000;0,000;0,000;0,000;0,000;0,000;0,000;0,000;25,19;24,44;25,06;24,75;24,25;24,94;0;0;
2026-07-07 17:01:50;3911494;DONE;3;4;0,000;0,000;0,000;0,000;0,000;0,000;0,000;0,000;0,000;0,000;0,000;0,000;0,000;0,000;0,000;0,000;0,000;0,000;0,000;0,000;25,19;24,44;25,06;24,81;24,25;24,94;0;0;
2026-07-07 17:01:51;3912494;DONE;3;4;0,000;0,000;0,000;0,000;0,000;0,000;0,000;0,000;0,000;0,000;0,000;0,000;0,000;0,000;0,000;0,000;0,000;0,000;0,000;0,000;25,19;24,44;25,06;24,75;24,25;24,94;0;0;
2026-07-07 17:01:52;3913494;DONE;3;4;0,000;0,000;0,000;0,000;0,000;0,000;0,000;0,000;0,000;0,000;0,000;0,000;0,000;0,000;0,000;0,000;0,000;0,000;0,000;0,000;25,19;24,44;25,06;24,75;24,25;24,94;0;0;
2026-07-07 17:01:53;3914494;DONE;3;4;0,000;0,000;0,000;0,000;0,000;0,000;0,000;0,000;0,000;0,000;0,000;0,000;0,000;0,000;0,000;0,000;0,000;0,000;0,000;0,000;25,19;24,44;25,06;24,81;24,25;24,94;0;0;
2026-07-07 17:01:54;3915494;DONE;3;4;0,000;0,000;0,000;0,000;0,000;0,000;0,000;0,000;0,000;0,000;0,000;0,000;0,000;0,000;0,000;0,000;0,000;0,000;0,000;0,000;25,19;24,44;25,06;24,81;24,25;24,94;0;0;
2026-07-07 17:01:55;3916494;DONE;3;4;0,000;0,000;0,000;0,000;0,000;0,000;0,000;0,000;0,000;0,000;0,000;0,000;0,000;0,000;0,000;0,000;0,000;0,000;0,000;0,000;25,25;24,44;25,06;24,81;24,31;24,94;0;0;
2026-07-07 17:01:56;3917494;DONE;3;4;0,000;0,000;0,000;0,000;0,000;0,000;0,000;0,000;0,000;0,000;0,000;0,000;0,000;0,000;0,000;0,000;0,000;0,000;0,000;0,000;25,19;24,44;25,06;24,81;24,31;24,94;0;0;
2026-07-07 17:01:57;3918494;DONE;3;4;0,000;0,000;0,000;0,000;0,000;0,000;0,000;0,000;0,000;0,000;0,000;0,000;0,000;0,000;0,000;0,000;0,000;0,000;0,000;0,000;25,19;24,44;25,06;24,81;24,31;25,00;0;0;
2026-07-07 17:01:58;3919494;DONE;3;4;0,000;0,000;0,000;0,000;0,000;0,000;0,000;0,000;0,000;0,000;0,000;0,000;0,000;0,000;0,000;0,000;0,000;0,000;0,000;0,000;25,19;24,44;25,06;24,81;24,31;25,00;0;0;
2026-07-07 17:01:59;3920494;DONE;3;4;0,000;0,000;0,000;0,000;0,000;0,000;0,000;0,000;0,000;0,000;0,000;0,000;0,000;0,000;0,000;0,000;0,000;0,000;0,000;0,000;25,19;24,44;25,06;24,81;24,31;24,94;0;0;
2026-07-07 17:02:00;3921494;DONE;3;4;0,000;0,000;0,000;0,000;0,000;0,000;0,000;0,000;0,000;0,000;0,000;0,000;0,000;0,000;0,000;0,000;0,000;0,000;0,000;0,000;25,19;24,44;25,06;24,81;24,31;25,00;0;0;
2026-07-07 17:02:01;3922494;DONE;3;4;0,000;0,000;0,000;0,000;0,000;0,000;0,000;0,000;0,000;0,000;0,000;0,000;0,000;0,000;0,000;0,000;0,000;0,000;0,000;0,000;25,19;24,44;25,06;24,81;24,31;25,00;0;0;
2026-07-07 17:02:02;3923494;DONE;3;4;0,000;0,000;0,000;0,000;0,000;0,000;0,000;0,000;0,000;0,000;0,000;0,000;0,000;0,000;0,000;0,000;0,000;0,000;0,000;0,000;25,19;24,44;25,06;24,81;24,31;25,00;0;0;
2026-07-07 17:02:03;3924494;DONE;3;4;0,000;0,000;0,000;0,000;0,000;0,000;0,000;0,000;0,000;0,000;0,000;0,000;0,000;0,000;0,000;0,000;0,000;0,000;0,000;0,000;25,19;24,44;25,06;24,81;24,31;25,00;0;0;
2026-07-07 17:02:04;3925494;DONE;3;4;0,000;0,000;0,000;0,000;0,000;0,000;0,000;0,000;0,000;0,000;0,000;0,000;0,000;0,000;0,000;0,000;0,000;0,000;0,000;0,000;25,19;24,50;25,06;24,81;24,31;25,00;0;0;
2026-07-07 17:02:05;3926494;DONE;3;4;0,000;0,000;0,000;0,000;0,000;0,000;0,000;0,000;0,000;0,000;0,000;0,000;0,000;0,000;0,000;0,000;0,000;0,000;0,000;0,000;25,19;24,44;25,06;24,81;24,31;25,00;0;0;
2026-07-07 17:02:06;3927494;DONE;3;4;0,000;0,000;0,000;0,000;0,000;0,000;0,000;0,000;0,000;0,000;0,000;0,000;0,000;0,000;0,000;0,000;0,000;0,000;0,000;0,000;25,19;24,44;25,12;24,81;24,31;25,00;0;0;
2026-07-07 17:02:07;3928494;DONE;3;4;0,000;0,000;0,000;0,000;0,000;0,000;0,000;0,000;0,000;0,000;0,000;0,000;0,000;0,000;0,000;0,000;0,000;0,000;0,000;0,000;25,25;24,50;25,06;24,81;24,31;25,00;0;0;
2026-07-07 17:02:08;3929494;DONE;3;4;0,000;0,000;0,000;0,000;0,000;0,000;0,000;0,000;0,000;0,000;0,000;0,000;0,000;0,000;0,000;0,000;0,000;0,000;0,000;0,000;25,19;24,44;25,06;24,81;24,31;25,00;0;0;
2026-07-07 17:02:09;3930494;DONE;3;4;0,000;0,000;0,000;0,000;0,000;0,000;0,000;0,000;0,000;0,000;0,000;0,000;0,000;0,000;0,000;0,000;0,000;0,000;0,000;0,000;25,25;24,44;25,06;24,81;24,31;25,00;0;0;
2026-07-07 17:02:10;3931494;DONE;3;4;0,000;0,000;0,000;0,000;0,000;0,000;0,000;0,000;0,000;0,000;0,000;0,000;0,000;0,000;0,000;0,000;0,000;0,000;0,000;0,000;25,25;24,50;25,06;24,81;24,31;25,00;0;0;
2026-07-07 17:02:11;3932494;DONE;3;4;0,000;0,000;0,000;0,000;0,000;0,000;0,000;0,000;0,000;0,000;0,000;0,000;0,000;0,000;0,000;0,000;0,000;0,000;0,000;0,000;25,19;24,50;25,12;24,81;24,37;25,00;0;0;
2026-07-07 17:02:12;3933494;DONE;3;4;0,000;0,000;0,000;0,000;0,000;0,000;0,000;0,000;0,000;0,000;0,000;0,000;0,000;0,000;0,000;0,000;0,000;0,000;0,000;0,000;25,19;24,50;25,06;24,81;24,31;25,00;0;0;
2026-07-07 17:02:13;3934494;DONE;3;4;0,000;0,000;0,000;0,000;0,000;0,000;0,000;0,000;0,000;0,000;0,000;0,000;0,000;0,000;0,000;0,000;0,000;0,000;0,000;0,000;25,25;24,50;25,12;24,81;24,31;25,00;0;0;
2026-07-07 17:02:14;3935494;DONE;3;4;0,000;0,000;0,000;0,000;0,000;0,000;0,000;0,000;0,000;0,000;0,000;0,000;0,000;0,000;0,000;0,000;0,000;0,000;0,000;0,000;25,25;24,50;25,12;24,81;24,31;25,00;0;0;
2026-07-07 17:02:15;3936494;DONE;3;4;0,000;0,000;0,000;0,000;0,000;0,000;0,000;0,000;0,000;0,000;0,000;0,000;0,000;0,000;0,000;0,000;0,000;0,000;0,000;0,000;25,25;24,50;25,12;24,81;24,31;25,00;0;0;
2026-07-07 17:02:16;3937494;DONE;3;4;0,000;0,000;0,000;0,000;0,000;0,000;0,000;0,000;0,000;0,000;0,000;0,000;0,000;0,000;0,000;0,000;0,000;0,000;0,000;0,000;25,25;24,50;25,12;24,81;24,31;25,00;0;0;
2026-07-07 17:02:17;3938494;DONE;3;4;0,000;0,000;0,000;0,000;0,000;0,000;0,000;0,000;0,000;0,000;0,000;0,000;0,000;0,000;0,000;0,000;0,000;0,000;0,000;0,000;25,25;24,50;25,12;24,81;24,37;25,00;0;0;
2026-07-07 17:02:18;3939494;DONE;3;4;0,000;0,000;0,000;0,000;0,000;0,000;0,000;0,000;0,000;0,000;0,000;0,000;0,000;0,000;0,000;0,000;0,000;0,000;0,000;0,000;25,25;24,50;25,12;24,87;24,37;25,00;0;0;
2026-07-07 17:02:19;3940494;DONE;3;4;0,000;0,000;0,000;0,000;0,000;0,000;0,000;0,000;0,000;0,000;0,000;0,000;0,000;0,000;0,000;0,000;0,000;0,000;0,000;0,000;25,25;24,50;25,12;24,81;24,37;25,00;0;0;
2026-07-07 17:02:20;3941494;DONE;3;4;0,000;0,000;0,000;0,000;0,000;0,000;0,000;0,000;0,000;0,000;0,000;0,000;0,000;0,000;0,000;0,000;0,000;0,000;0,000;0,000;25,25;24,50;25,12;24,81;24,37;25,00;0;0;
2026-07-07 17:02:21;3942494;DONE;3;4;0,000;0,000;0,000;0,000;0,000;0,000;0,000;0,000;0,000;0,000;0,000;0,000;0,000;0,000;0,000;0,000;0,000;0,000;0,000;0,000;25,25;24,50;25,12;24,81;24,37;25,00;0;0;
2026-07-07 17:02:22;3943494;DONE;3;4;0,000;0,000;0,000;0,000;0,000;0,000;0,000;0,000;0,000;0,000;0,000;0,000;0,000;0,000;0,000;0,000;0,000;0,000;0,000;0,000;25,25;24,50;25,12;24,87;24,37;25,06;0;0;
2026-07-07 17:02:24;3944494;DONE;3;4;0,000;0,000;0,000;0,000;0,000;0,000;0,000;0,000;0,000;0,000;0,000;0,000;0,000;0,000;0,000;0,000;0,000;0,000;0,000;0,000;25,25;24,50;25,12;24,81;24,37;25,06;0;0;
2026-07-07 17:02:24;3945494;DONE;3;4;0,000;0,000;0,000;0,000;0,000;0,000;0,000;0,000;0,000;0,000;0,000;0,000;0,000;0,000;0,000;0,000;0,000;0,000;0,000;0,000;25,25;24,50;25,12;24,81;24,37;25,00;0;0;
2026-07-07 17:02:26;3946494;DONE;3;4;0,000;0,000;0,000;0,000;0,000;0,000;0,000;0,000;0,000;0,000;0,000;0,000;0,000;0,000;0,000;0,000;0,000;0,000;0,000;0,000;25,25;24,50;25,12;24,87;24,37;25,06;0;0;
2026-07-07 17:02:26;3947494;DONE;3;4;0,000;0,000;0,000;0,000;0,000;0,000;0,000;0,000;0,000;0,000;0,000;0,000;0,000;0,000;0,000;0,000;0,000;0,000;0,000;0,000;25,25;24,50;25,12;24,87;24,37;25,00;0;0;
2026-07-07 17:02:28;3948494;DONE;3;4;0,000;0,000;0,000;0,000;0,000;0,000;0,000;0,000;0,000;0,000;0,000;0,000;0,000;0,000;0,000;0,000;0,000;0,000;0,000;0,000;25,25;24,50;25,12;24,87;24,37;25,00;0;0;
2026-07-07 17:02:28;3949494;DONE;3;4;0,000;0,000;0,000;0,000;0,000;0,000;0,000;0,000;0,000;0,000;0,000;0,000;0,000;0,000;0,000;0,000;0,000;0,000;0,000;0,000;25,25;24,50;25,12;24,87;24,37;25,06;0;0;
2026-07-07 17:02:30;3950494;DONE;3;4;0,000;0,000;0,000;0,000;0,000;0,000;0,000;0,000;0,000;0,000;0,000;0,000;0,000;0,000;0,000;0,000;0,000;0,000;0,000;0,000;25,25;24,50;25,12;24,87;24,37;25,06;0;0;
2026-07-07 17:02:30;3951494;DONE;3;4;0,000;0,000;0,000;0,000;0,000;0,000;0,000;0,000;0,000;0,000;0,000;0,000;0,000;0,000;0,000;0,000;0,000;0,000;0,000;0,000;25,25;24,56;25,12;24,87;24,37;25,00;0;0;
2026-07-07 17:02:32;3952494;DONE;3;4;0,000;0,000;0,000;0,000;0,000;0,000;0,000;0,000;0,000;0,000;0,000;0,000;0,000;0,000;0,000;0,000;0,000;0,000;0,000;0,000;25,31;24,50;25,12;24,87;24,37;25,06;0;0;
2026-07-07 17:02:32;3953494;DONE;3;4;0,000;0,000;0,000;0,000;0,000;0,000;0,000;0,000;0,000;0,000;0,000;0,000;0,000;0,000;0,000;0,000;0,000;0,000;0,000;0,000;25,25;24,56;25,12;24,87;24,37;25,06;0;0;
2026-07-07 17:02:34;3954494;DONE;3;4;0,000;0,000;0,000;0,000;0,000;0,000;0,000;0,000;0,000;0,000;0,000;0,000;0,000;0,000;0,000;0,000;0,000;0,000;0,000;0,000;25,31;24,50;25,12;24,87;24,37;25,06;0;0;
2026-07-07 17:02:34;3955494;DONE;3;4;0,000;0,000;0,000;0,000;0,000;0,000;0,000;0,000;0,000;0,000;0,000;0,000;0,000;0,000;0,000;0,000;0,000;0,000;0,000;0,000;25,31;24,56;25,12;24,87;24,37;25,06;0;0;
2026-07-07 17:02:35;3956494;DONE;3;4;0,000;0,000;0,000;0,000;0,000;0,000;0,000;0,000;0,000;0,000;0,000;0,000;0,000;0,000;0,000;0,000;0,000;0,000;0,000;0,000;25,25;24,56;25,12;24,87;24,37;25,06;0;0;
2026-07-07 17:02:36;3957494;DONE;3;4;0,000;0,000;0,000;0,000;0,000;0,000;0,000;0,000;0,000;0,000;0,000;0,000;0,000;0,000;0,000;0,000;0,000;0,000;0,000;0,000;25,25;24,56;25,19;24,87;24,37;25,06;0;0;
2026-07-07 17:02:37;3958494;DONE;3;4;0,000;0,000;0,000;0,000;0,000;0,000;0,000;0,000;0,000;0,000;0,000;0,000;0,000;0,000;0,000;0,000;0,000;0,000;0,000;0,000;25,31;24,56;25,19;24,87;24,37;25,06;0;0;
2026-07-07 17:02:38;3959494;DONE;3;4;0,000;0,000;0,000;0,000;0,000;0,000;0,000;0,000;0,000;0,000;0,000;0,000;0,000;0,000;0,000;0,000;0,000;0,000;0,000;0,000;25,31;24,56;25,19;24,87;24,44;25,06;0;0;
2026-07-07 17:02:39;3960494;DONE;3;4;0,000;0,000;0,000;0,000;0,000;0,000;0,000;0,000;0,000;0,000;0,000;0,000;0,000;0,000;0,000;0,000;0,000;0,000;0,000;0,000;25,31;24,56;25,12;24,87;24,37;25,06;0;0;
2026-07-07 17:02:40;3961494;DONE;3;4;0,000;0,000;0,000;0,000;0,000;0,000;0,000;0,000;0,000;0,000;0,000;0,000;0,000;0,000;0,000;0,000;0,000;0,000;0,000;0,000;25,31;24,56;25,19;24,87;24,44;25,06;0;0;
2026-07-07 17:02:41;3962494;DONE;3;4;0,000;0,000;0,000;0,000;0,000;0,000;0,000;0,000;0,000;0,000;0,000;0,000;0,000;0,000;0,000;0,000;0,000;0,000;0,000;0,000;25,31;24,56;25,19;24,87;24,37;25,06;0;0;
2026-07-07 17:02:42;3963494;DONE;3;4;0,000;0,000;0,000;0,000;0,000;0,000;0,000;0,000;0,000;0,000;0,000;0,000;0,000;0,000;0,000;0,000;0,000;0,000;0,000;0,000;25,31;24,56;25,19;24,87;24,44;25,06;0;0;
2026-07-07 17:02:43;3964494;DONE;3;4;0,000;0,000;0,000;0,000;0,000;0,000;0,000;0,000;0,000;0,000;0,000;0,000;0,000;0,000;0,000;0,000;0,000;0,000;0,000;0,000;25,31;24,56;25,19;24,87;24,44;25,06;0;0;
2026-07-07 17:02:44;3965494;DONE;3;4;0,000;0,000;0,000;0,000;0,000;0,000;0,000;0,000;0,000;0,000;0,000;0,000;0,000;0,000;0,000;0,000;0,000;0,000;0,000;0,000;25,31;24,56;25,19;24,87;24,44;25,06;0;0;
2026-07-07 17:02:45;3966494;DONE;3;4;0,000;0,000;0,000;0,000;0,000;0,000;0,000;0,000;0,000;0,000;0,000;0,000;0,000;0,000;0,000;0,000;0,000;0,000;0,000;0,000;25,31;24,56;25,19;24,87;24,44;25,06;0;0;
2026-07-07 17:02:46;3967494;DONE;3;4;0,000;0,000;0,000;0,000;0,000;0,000;0,000;0,000;0,000;0,000;0,000;0,000;0,000;0,000;0,000;0,000;0,000;0,000;0,000;0,000;25,31;24,56;25,19;24,87;24,44;25,06;0;0;
2026-07-07 17:02:47;3968494;DONE;3;4;0,000;0,000;0,000;0,000;0,000;0,000;0,000;0,000;0,000;0,000;0,000;0,000;0,000;0,000;0,000;0,000;0,000;0,000;0,000;0,000;25,31;24,56;25,19;24,87;24,44;25,06;0;0;
2026-07-07 17:02:48;3969494;DONE;3;4;0,000;0,000;0,000;0,000;0,000;0,000;0,000;0,000;0,000;0,000;0,000;0,000;0,000;0,000;0,000;0,000;0,000;0,000;0,000;0,000;25,31;24,56;25,19;24,87;24,44;25,06;0;0;
2026-07-07 17:02:49;3970494;DONE;3;4;0,000;0,000;0,000;0,000;0,000;0,000;0,000;0,000;0,000;0,000;0,000;0,000;0,000;0,000;0,000;0,000;0,000;0,000;0,000;0,000;25,31;24,56;25,19;24,87;24,44;25,06;0;0;
2026-07-07 17:02:50;3971494;DONE;3;4;0,000;0,000;0,000;0,000;0,000;0,000;0,000;0,000;0,000;0,000;0,000;0,000;0,000;0,000;0,000;0,000;0,000;0,000;0,000;0,000;25,31;24,56;25,19;24,87;24,44;25,06;0;0;
2026-07-07 17:02:52;3972494;DONE;3;4;0,000;0,000;0,000;0,000;0,000;0,000;0,000;0,000;0,000;0,000;0,000;0,000;0,000;0,000;0,000;0,000;0,000;0,000;0,000;0,000;25,31;24,56;25,19;24,87;24,44;25,12;0;0;
2026-07-07 17:02:52;3973494;DONE;3;4;0,000;0,000;0,000;0,000;0,000;0,000;0,000;0,000;0,000;0,000;0,000;0,000;0,000;0,000;0,000;0,000;0,000;0,000;0,000;0,000;25,31;24,56;25,19;24,87;24,44;25,12;0;0;
2026-07-07 17:02:54;3974494;DONE;3;4;0,000;0,000;0,000;0,000;0,000;0,000;0,000;0,000;0,000;0,000;0,000;0,000;0,000;0,000;0,000;0,000;0,000;0,000;0,000;0,000;25,31;24,56;25,19;24,87;24,44;25,06;0;0;
2026-07-07 17:02:54;3975494;DONE;3;4;0,000;0,000;0,000;0,000;0,000;0,000;0,000;0,000;0,000;0,000;0,000;0,000;0,000;0,000;0,000;0,000;0,000;0,000;0,000;0,000;25,31;24,56;25,19;24,87;24,44;25,12;0;0;
2026-07-07 17:02:55;3976494;DONE;3;4;0,000;0,000;0,000;0,000;0,000;0,000;0,000;0,000;0,000;0,000;0,000;0,000;0,000;0,000;0,000;0,000;0,000;0,000;0,000;0,000;25,31;24,62;25,19;24,94;24,44;25,06;0;0;
2026-07-07 17:02:56;3977494;DONE;3;4;0,000;0,000;0,000;0,000;0,000;0,000;0,000;0,000;0,000;0,000;0,000;0,000;0,000;0,000;0,000;0,000;0,000;0,000;0,000;0,000;25,31;24,56;25,19;24,87;24,44;25,12;0;0;
2026-07-07 17:02:57;3978494;DONE;3;4;0,000;0,000;0,000;0,000;0,000;0,000;0,000;0,000;0,000;0,000;0,000;0,000;0,000;0,000;0,000;0,000;0,000;0,000;0,000;0,000;25,31;24,56;25,19;24,87;24,44;25,06;0;0;
2026-07-07 17:02:58;3979494;DONE;3;4;0,000;0,000;0,000;0,000;0,000;0,000;0,000;0,000;0,000;0,000;0,000;0,000;0,000;0,000;0,000;0,000;0,000;0,000;0,000;0,000;25,31;24,56;25,19;24,87;24,44;25,12;0;0;
2026-07-07 17:02:59;3980494;DONE;3;4;0,000;0,000;0,000;0,000;0,000;0,000;0,000;0,000;0,000;0,000;0,000;0,000;0,000;0,000;0,000;0,000;0,000;0,000;0,000;0,000;25,31;24,62;25,19;24,87;24,44;25,12;0;0;
2026-07-07 17:03:00;3981494;DONE;3;4;0,000;0,000;0,000;0,000;0,000;0,000;0,000;0,000;0,000;0,000;0,000;0,000;0,000;0,000;0,000;0,000;0,000;0,000;0,000;0,000;25,31;24,62;25,19;24,87;24,44;25,12;0;0;
2026-07-07 17:03:02;3982494;DONE;3;4;0,000;0,000;0,000;0,000;0,000;0,000;0,000;0,000;0,000;0,000;0,000;0,000;0,000;0,000;0,000;0,000;0,000;0,000;0,000;0,000;25,31;24,62;25,19;24,94;24,44;25,12;0;0;
2026-07-07 17:03:02;3983494;DONE;3;4;0,000;0,000;0,000;0,000;0,000;0,000;0,000;0,000;0,000;0,000;0,000;0,000;0,000;0,000;0,000;0,000;0,000;0,000;0,000;0,000;25,31;24,62;25,19;24,94;24,44;25,12;0;0;
2026-07-07 17:03:04;3984494;DONE;3;4;0,000;0,000;0,000;0,000;0,000;0,000;0,000;0,000;0,000;0,000;0,000;0,000;0,000;0,000;0,000;0,000;0,000;0,000;0,000;0,000;25,31;24,62;25,19;24,87;24,44;25,12;0;0;
2026-07-07 17:03:04;3985494;DONE;3;4;0,000;0,000;0,000;0,000;0,000;0,000;0,000;0,000;0,000;0,000;0,000;0,000;0,000;0,000;0,000;0,000;0,000;0,000;0,000;0,000;25,31;24,62;25,19;24,87;24,44;25,12;0;0;
2026-07-07 17:03:06;3986494;DONE;3;4;0,000;0,000;0,000;0,000;0,000;0,000;0,000;0,000;0,000;0,000;0,000;0,000;0,000;0,000;0,000;0,000;0,000;0,000;0,000;0,000;25,31;24,62;25,19;24,94;24,44;25,12;0;0;
2026-07-07 17:03:06;3987494;DONE;3;4;0,000;0,000;0,000;0,000;0,000;0,000;0,000;0,000;0,000;0,000;0,000;0,000;0,000;0,000;0,000;0,000;0,000;0,000;0,000;0,000;25,37;24,62;25,19;24,94;24,50;25,12;0;0;
2026-07-07 17:03:07;3988494;DONE;3;4;0,000;0,000;0,000;0,000;0,000;0,000;0,000;0,000;0,000;0,000;0,000;0,000;0,000;0,000;0,000;0,000;0,000;0,000;0,000;0,000;25,31;24,62;25,19;24,94;24,44;25,12;0;0;
2026-07-07 17:03:08;3989494;DONE;3;4;0,000;0,000;0,000;0,000;0,000;0,000;0,000;0,000;0,000;0,000;0,000;0,000;0,000;0,000;0,000;0,000;0,000;0,000;0,000;0,000;25,37;24,62;25,19;24,87;24,44;25,12;0;0;
2026-07-07 17:03:09;3990494;DONE;3;4;0,000;0,000;0,000;0,000;0,000;0,000;0,000;0,000;0,000;0,000;0,000;0,000;0,000;0,000;0,000;0,000;0,000;0,000;0,000;0,000;25,37;24,62;25,19;24,94;24,44;25,12;0;0;
2026-07-07 17:03:10;3991494;DONE;3;4;0,000;0,000;0,000;0,000;0,000;0,000;0,000;0,000;0,000;0,000;0,000;0,000;0,000;0,000;0,000;0,000;0,000;0,000;0,000;0,000;25,31;24,62;25,19;24,94;24,44;25,12;0;0;
2026-07-07 17:03:11;3992494;DONE;3;4;0,000;0,000;0,000;0,000;0,000;0,000;0,000;0,000;0,000;0,000;0,000;0,000;0,000;0,000;0,000;0,000;0,000;0,000;0,000;0,000;25,37;24,62;25,19;24,94;24,44;25,12;0;0;
2026-07-07 17:03:12;3993494;DONE;3;4;0,000;0,000;0,000;0,000;0,000;0,000;0,000;0,000;0,000;0,000;0,000;0,000;0,000;0,000;0,000;0,000;0,000;0,000;0,000;0,000;25,37;24,62;25,19;24,94;24,50;25,12;0;0;
2026-07-07 17:03:13;3994494;DONE;3;4;0,000;0,000;0,000;0,000;0,000;0,000;0,000;0,000;0,000;0,000;0,000;0,000;0,000;0,000;0,000;0,000;0,000;0,000;0,000;0,000;25,37;24,62;25,19;24,94;24,50;25,12;0;0;
2026-07-07 17:03:14;3995494;DONE;3;4;0,000;0,000;0,000;0,000;0,000;0,000;0,000;0,000;0,000;0,000;0,000;0,000;0,000;0,000;0,000;0,000;0,000;0,000;0,000;0,000;25,37;24,62;25,25;24,94;24,50;25,12;0;0;
2026-07-07 17:03:15;3996494;DONE;3;4;0,000;0,000;0,000;0,000;0,000;0,000;0,000;0,000;0,000;0,000;0,000;0,000;0,000;0,000;0,000;0,000;0,000;0,000;0,000;0,000;25,37;24,62;25,19;24,94;24,50;25,12;0;0;
2026-07-07 17:03:16;3997494;DONE;3;4;0,000;0,000;0,000;0,000;0,000;0,000;0,000;0,000;0,000;0,000;0,000;0,000;0,000;0,000;0,000;0,000;0,000;0,000;0,000;0,000;25,37;24,62;25,25;24,94;24,50;25,12;0;0;
2026-07-07 17:03:17;3998494;DONE;3;4;0,000;0,000;0,000;0,000;0,000;0,000;0,000;0,000;0,000;0,000;0,000;0,000;0,000;0,000;0,000;0,000;0,000;0,000;0,000;0,000;25,37;24,62;25,25;24,94;24,50;25,12;0;0;
2026-07-07 17:03:18;3999494;DONE;3;4;0,000;0,000;0,000;0,000;0,000;0,000;0,000;0,000;0,000;0,000;0,000;0,000;0,000;0,000;0,000;0,000;0,000;0,000;0,000;0,000;25,37;24,62;25,25;24,94;24,50;25,12;0;0;
2026-07-07 17:03:19;4000494;DONE;3;4;0,000;0,000;0,000;0,000;0,000;0,000;0,000;0,000;0,000;0,000;0,000;0,000;0,000;0,000;0,000;0,000;0,000;0,000;0,000;0,000;25,37;24,62;25,25;24,94;24,50;25,12;0;0;
2026-07-07 17:03:20;4001494;DONE;3;4;0,000;0,000;0,000;0,000;0,000;0,000;0,000;0,000;0,000;0,000;0,000;0,000;0,000;0,000;0,000;0,000;0,000;0,000;0,000;0,000;25,37;24,62;25,25;24,94;24,50;25,12;0;0;
2026-07-07 17:03:21;4002494;DONE;3;4;0,000;0,000;0,000;0,000;0,000;0,000;0,000;0,000;0,000;0,000;0,000;0,000;0,000;0,000;0,000;0,000;0,000;0,000;0,000;0,000;25,37;24,69;25,19;24,94;24,50;25,12;0;0;
2026-07-07 17:03:22;4003494;DONE;3;4;0,000;0,000;0,000;0,000;0,000;0,000;0,000;0,000;0,000;0,000;0,000;0,000;0,000;0,000;0,000;0,000;0,000;0,000;0,000;0,000;25,37;24,62;25,25;24,94;24,50;25,12;0;0;
2026-07-07 17:03:23;4004494;DONE;3;4;0,000;0,000;0,000;0,000;0,000;0,000;0,000;0,000;0,000;0,000;0,000;0,000;0,000;0,000;0,000;0,000;0,000;0,000;0,000;0,000;25,37;24,62;25,25;24,94;24,50;25,12;0;0;
2026-07-07 17:03:24;4005494;DONE;3;4;0,000;0,000;0,000;0,000;0,000;0,000;0,000;0,000;0,000;0,000;0,000;0,000;0,000;0,000;0,000;0,000;0,000;0,000;0,000;0,000;25,37;24,69;25,25;24,94;24,50;25,12;0;0;
2026-07-07 17:03:25;4006494;DONE;3;4;0,000;0,000;0,000;0,000;0,000;0,000;0,000;0,000;0,000;0,000;0,000;0,000;0,000;0,000;0,000;0,000;0,000;0,000;0,000;0,000;25,37;24,69;25,25;24,94;24,50;25,19;0;0;
2026-07-07 17:03:26;4007494;DONE;3;4;0,000;0,000;0,000;0,000;0,000;0,000;0,000;0,000;0,000;0,000;0,000;0,000;0,000;0,000;0,000;0,000;0,000;0,000;0,000;0,000;25,37;24,62;25,25;24,94;24,50;25,12;0;0;
2026-07-07 17:03:27;4008494;DONE;3;4;0,000;0,000;0,000;0,000;0,000;0,000;0,000;0,000;0,000;0,000;0,000;0,000;0,000;0,000;0,000;0,000;0,000;0,000;0,000;0,000;25,37;24,69;25,25;24,94;24,50;25,19;0;0;
2026-07-07 17:03:28;4009494;DONE;3;4;0,000;0,000;0,000;0,000;0,000;0,000;0,000;0,000;0,000;0,000;0,000;0,000;0,000;0,000;0,000;0,000;0,000;0,000;0,000;0,000;25,37;24,69;25,25;24,94;24,50;25,12;0;0;
2026-07-07 17:03:29;4010494;DONE;3;4;0,000;0,000;0,000;0,000;0,000;0,000;0,000;0,000;0,000;0,000;0,000;0,000;0,000;0,000;0,000;0,000;0,000;0,000;0,000;0,000;25,37;24,69;25,25;24,94;24,50;25,19;0;0;
2026-07-07 17:03:30;4011494;DONE;3;4;0,000;0,000;0,000;0,000;0,000;0,000;0,000;0,000;0,000;0,000;0,000;0,000;0,000;0,000;0,000;0,000;0,000;0,000;0,000;0,000;25,37;24,69;25,25;24,94;24,50;25,19;0;0;
2026-07-07 17:03:31;4012494;DONE;3;4;0,000;0,000;0,000;0,000;0,000;0,000;0,000;0,000;0,000;0,000;0,000;0,000;0,000;0,000;0,000;0,000;0,000;0,000;0,000;0,000;25,37;24,62;25,25;24,94;24,50;25,19;0;0;
2026-07-07 17:03:32;4013494;DONE;3;4;0,000;0,000;0,000;0,000;0,000;0,000;0,000;0,000;0,000;0,000;0,000;0,000;0,000;0,000;0,000;0,000;0,000;0,000;0,000;0,000;25,37;24,69;25,25;24,94;24,50;25,19;0;0;
2026-07-07 17:03:33;4014494;DONE;3;4;0,000;0,000;0,000;0,000;0,000;0,000;0,000;0,000;0,000;0,000;0,000;0,000;0,000;0,000;0,000;0,000;0,000;0,000;0,000;0,000;25,37;24,69;25,25;24,94;24,50;25,19;0;0;
2026-07-07 17:03:34;4015494;DONE;3;4;0,000;0,000;0,000;0,000;0,000;0,000;0,000;0,000;0,000;0,000;0,000;0,000;0,000;0,000;0,000;0,000;0,000;0,000;0,000;0,000;25,37;24,69;25,25;24,94;24,50;25,19;0;0;
2026-07-07 17:03:36;4016494;DONE;3;4;0,000;0,000;0,000;0,000;0,000;0,000;0,000;0,000;0,000;0,000;0,000;0,000;0,000;0,000;0,000;0,000;0,000;0,000;0,000;0,000;25,37;24,69;25,25;24,94;24,50;25,19;0;0;
2026-07-07 17:03:36;4017494;DONE;3;4;0,000;0,000;0,000;0,000;0,000;0,000;0,000;0,000;0,000;0,000;0,000;0,000;0,000;0,000;0,000;0,000;0,000;0,000;0,000;0,000;25,37;24,69;25,25;24,94;24,50;25,19;0;0;
2026-07-07 17:03:38;4018494;DONE;3;4;0,000;0,000;0,000;0,000;0,000;0,000;0,000;0,000;0,000;0,000;0,000;0,000;0,000;0,000;0,000;0,000;0,000;0,000;0,000;0,000;25,37;24,69;25,25;24,94;24,50;25,19;0;0;
2026-07-07 17:03:38;4019494;DONE;3;4;0,000;0,000;0,000;0,000;0,000;0,000;0,000;0,000;0,000;0,000;0,000;0,000;0,000;0,000;0,000;0,000;0,000;0,000;0,000;0,000;25,37;24,69;25,25;25,00;24,50;25,19;0;0;
2026-07-07 17:03:39;4020494;DONE;3;4;0,000;0,000;0,000;0,000;0,000;0,000;0,000;0,000;0,000;0,000;0,000;0,000;0,000;0,000;0,000;0,000;0,000;0,000;0,000;0,000;25,37;24,69;25,25;24,94;24,50;25,19;0;0;
2026-07-07 17:03:40;4021494;DONE;3;4;0,000;0,000;0,000;0,000;0,000;0,000;0,000;0,000;0,000;0,000;0,000;0,000;0,000;0,000;0,000;0,000;0,000;0,000;0,000;0,000;25,37;24,69;25,25;24,94;24,50;25,19;0;0;
2026-07-07 17:03:41;4022494;DONE;3;4;0,000;0,000;0,000;0,000;0,000;0,000;0,000;0,000;0,000;0,000;0,000;0,000;0,000;0,000;0,000;0,000;0,000;0,000;0,000;0,000;25,37;24,69;25,25;25,00;24,56;25,19;0;0;
2026-07-07 17:03:42;4023494;DONE;3;4;0,000;0,000;0,000;0,000;0,000;0,000;0,000;0,000;0,000;0,000;0,000;0,000;0,000;0,000;0,000;0,000;0,000;0,000;0,000;0,000;25,37;24,69;25,25;24,94;24,50;25,19;0;0;
2026-07-07 17:03:44;4024494;DONE;3;4;0,000;0,000;0,000;0,000;0,000;0,000;0,000;0,000;0,000;0,000;0,000;0,000;0,000;0,000;0,000;0,000;0,000;0,000;0,000;0,000;25,37;24,69;25,25;24,94;24,50;25,19;0;0;
2026-07-07 17:03:44;4025494;DONE;3;4;0,000;0,000;0,000;0,000;0,000;0,000;0,000;0,000;0,000;0,000;0,000;0,000;0,000;0,000;0,000;0,000;0,000;0,000;0,000;0,000;25,37;24,69;25,25;24,94;24,50;25,19;0;0;
2026-07-07 17:03:46;4026494;DONE;3;4;0,000;0,000;0,000;0,000;0,000;0,000;0,000;0,000;0,000;0,000;0,000;0,000;0,000;0,000;0,000;0,000;0,000;0,000;0,000;0,000;25,37;24,69;25,25;25,00;24,56;25,19;0;0;
2026-07-07 17:03:46;4027494;DONE;3;4;0,000;0,000;0,000;0,000;0,000;0,000;0,000;0,000;0,000;0,000;0,000;0,000;0,000;0,000;0,000;0,000;0,000;0,000;0,000;0,000;25,44;24,69;25,25;25,00;24,56;25,19;0;0;
2026-07-07 17:03:48;4028494;DONE;3;4;0,000;0,000;0,000;0,000;0,000;0,000;0,000;0,000;0,000;0,000;0,000;0,000;0,000;0,000;0,000;0,000;0,000;0,000;0,000;0,000;25,37;24,69;25,25;25,00;24,50;25,19;0;0;
2026-07-07 17:03:48;4029494;DONE;3;4;0,000;0,000;0,000;0,000;0,000;0,000;0,000;0,000;0,000;0,000;0,000;0,000;0,000;0,000;0,000;0,000;0,000;0,000;0,000;0,000;25,37;24,69;25,31;25,00;24,50;25,19;0;0;
2026-07-07 17:03:50;4030494;DONE;3;4;0,000;0,000;0,000;0,000;0,000;0,000;0,000;0,000;0,000;0,000;0,000;0,000;0,000;0,000;0,000;0,000;0,000;0,000;0,000;0,000;25,37;24,69;25,25;25,00;24,56;25,19;0;0;
2026-07-07 17:03:50;4031494;DONE;3;4;0,000;0,000;0,000;0,000;0,000;0,000;0,000;0,000;0,000;0,000;0,000;0,000;0,000;0,000;0,000;0,000;0,000;0,000;0,000;0,000;25,37;24,69;25,25;25,00;24,50;25,19;0;0;
2026-07-07 17:03:51;4032494;DONE;3;4;0,000;0,000;0,000;0,000;0,000;0,000;0,000;0,000;0,000;0,000;0,000;0,000;0,000;0,000;0,000;0,000;0,000;0,000;0,000;0,000;25,37;24,69;25,31;25,00;24,50;25,19;0;0;
2026-07-07 17:03:52;4033494;DONE;3;4;0,000;0,000;0,000;0,000;0,000;0,000;0,000;0,000;0,000;0,000;0,000;0,000;0,000;0,000;0,000;0,000;0,000;0,000;0,000;0,000;25,44;24,69;25,31;25,00;24,50;25,19;0;0;
2026-07-07 17:03:53;4034494;DONE;3;4;0,000;0,000;0,000;0,000;0,000;0,000;0,000;0,000;0,000;0,000;0,000;0,000;0,000;0,000;0,000;0,000;0,000;0,000;0,000;0,000;25,37;24,69;25,25;25,00;24,56;25,19;0;0;
2026-07-07 17:03:54;4035494;DONE;3;4;0,000;0,000;0,000;0,000;0,000;0,000;0,000;0,000;0,000;0,000;0,000;0,000;0,000;0,000;0,000;0,000;0,000;0,000;0,000;0,000;25,44;24,69;25,31;25,00;24,56;25,19;0;0;
2026-07-07 17:03:55;4036494;DONE;3;4;0,000;0,000;0,000;0,000;0,000;0,000;0,000;0,000;0,000;0,000;0,000;0,000;0,000;0,000;0,000;0,000;0,000;0,000;0,000;0,000;25,44;24,75;25,31;25,00;24,56;25,25;0;0;
2026-07-07 17:03:56;4037494;DONE;3;4;0,000;0,000;0,000;0,000;0,000;0,000;0,000;0,000;0,000;0,000;0,000;0,000;0,000;0,000;0,000;0,000;0,000;0,000;0,000;0,000;25,44;24,69;25,31;25,00;24,56;25,19;0;0;
2026-07-07 17:03:57;4038494;DONE;3;4;0,000;0,000;0,000;0,000;0,000;0,000;0,000;0,000;0,000;0,000;0,000;0,000;0,000;0,000;0,000;0,000;0,000;0,000;0,000;0,000;25,44;24,75;25,31;25,00;24,56;25,19;0;0;
2026-07-07 17:03:58;4039494;DONE;3;4;0,000;0,000;0,000;0,000;0,000;0,000;0,000;0,000;0,000;0,000;0,000;0,000;0,000;0,000;0,000;0,000;0,000;0,000;0,000;0,000;25,44;24,75;25,31;25,00;24,56;25,19;0;0;
2026-07-07 17:03:59;4040494;DONE;3;4;0,000;0,000;0,000;0,000;0,000;0,000;0,000;0,000;0,000;0,000;0,000;0,000;0,000;0,000;0,000;0,000;0,000;0,000;0,000;0,000;25,44;24,69;25,31;25,00;24,56;25,25;0;0;
2026-07-07 17:04:00;4041494;DONE;3;4;0,000;0,000;0,000;0,000;0,000;0,000;0,000;0,000;0,000;0,000;0,000;0,000;0,000;0,000;0,000;0,000;0,000;0,000;0,000;0,000;25,44;24,75;25,31;25,00;24,56;25,19;0;0;
2026-07-07 17:04:01;4042494;DONE;3;4;0,000;0,000;0,000;0,000;0,000;0,000;0,000;0,000;0,000;0,000;0,000;0,000;0,000;0,000;0,000;0,000;0,000;0,000;0,000;0,000;25,44;24,75;25,31;25,00;24,56;25,25;0;0;
2026-07-07 17:04:02;4043494;DONE;3;4;0,000;0,000;0,000;0,000;0,000;0,000;0,000;0,000;0,000;0,000;0,000;0,000;0,000;0,000;0,000;0,000;0,000;0,000;0,000;0,000;25,44;24,75;25,31;25,00;24,56;25,25;0;0;
2026-07-07 17:04:03;4044494;DONE;3;4;0,000;0,000;0,000;0,000;0,000;0,000;0,000;0,000;0,000;0,000;0,000;0,000;0,000;0,000;0,000;0,000;0,000;0,000;0,000;0,000;25,44;24,75;25,31;25,00;24,56;25,25;0;0;
2026-07-07 17:04:04;4045494;DONE;3;4;0,000;0,000;0,000;0,000;0,000;0,000;0,000;0,000;0,000;0,000;0,000;0,000;0,000;0,000;0,000;0,000;0,000;0,000;0,000;0,000;25,44;24,69;25,31;25,00;24,56;25,25;0;0;
2026-07-07 17:04:06;4046494;DONE;3;4;0,000;0,000;0,000;0,000;0,000;0,000;0,000;0,000;0,000;0,000;0,000;0,000;0,000;0,000;0,000;0,000;0,000;0,000;0,000;0,000;25,44;24,75;25,31;25,00;24,56;25,25;0;0;
2026-07-07 17:04:06;4047494;DONE;3;4;0,000;0,000;0,000;0,000;0,000;0,000;0,000;0,000;0,000;0,000;0,000;0,000;0,000;0,000;0,000;0,000;0,000;0,000;0,000;0,000;25,44;24,75;25,31;25,00;24,56;25,25;0;0;
2026-07-07 17:04:08;4048494;DONE;3;4;0,000;0,000;0,000;0,000;0,000;0,000;0,000;0,000;0,000;0,000;0,000;0,000;0,000;0,000;0,000;0,000;0,000;0,000;0,000;0,000;25,44;24,75;25,31;25,00;24,56;25,25;0;0;
2026-07-07 17:04:08;4049494;DONE;3;4;0,000;0,000;0,000;0,000;0,000;0,000;0,000;0,000;0,000;0,000;0,000;0,000;0,000;0,000;0,000;0,000;0,000;0,000;0,000;0,000;25,44;24,75;25,31;25,00;24,56;25,25;0;0;
2026-07-07 17:04:09;4050494;DONE;3;4;0,000;0,000;0,000;0,000;0,000;0,000;0,000;0,000;0,000;0,000;0,000;0,000;0,000;0,000;0,000;0,000;0,000;0,000;0,000;0,000;25,44;24,75;25,31;25,00;24,56;25,25;0;0;
2026-07-07 17:04:10;4051494;DONE;3;4;0,000;0,000;0,000;0,000;0,000;0,000;0,000;0,000;0,000;0,000;0,000;0,000;0,000;0,000;0,000;0,000;0,000;0,000;0,000;0,000;25,44;24,75;25,31;25,00;24,56;25,25;0;0;
2026-07-07 17:04:11;4052494;DONE;3;4;0,000;0,000;0,000;0,000;0,000;0,000;0,000;0,000;0,000;0,000;0,000;0,000;0,000;0,000;0,000;0,000;0,000;0,000;0,000;0,000;25,44;24,75;25,31;25,00;24,56;25,25;0;0;
2026-07-07 17:04:12;4053494;DONE;3;4;0,000;0,000;0,000;0,000;0,000;0,000;0,000;0,000;0,000;0,000;0,000;0,000;0,000;0,000;0,000;0,000;0,000;0,000;0,000;0,000;25,50;24,75;25,31;25,00;24,62;25,25;0;0;
2026-07-07 17:04:14;4054494;DONE;3;4;0,000;0,000;0,000;0,000;0,000;0,000;0,000;0,000;0,000;0,000;0,000;0,000;0,000;0,000;0,000;0,000;0,000;0,000;0,000;0,000;25,44;24,75;25,31;25,00;24,56;25,25;0;0;
2026-07-07 17:04:14;4055494;DONE;3;4;0,000;0,000;0,000;0,000;0,000;0,000;0,000;0,000;0,000;0,000;0,000;0,000;0,000;0,000;0,000;0,000;0,000;0,000;0,000;0,000;25,44;24,75;25,31;25,00;24,56;25,25;0;0;
2026-07-07 17:04:15;4056494;DONE;3;4;0,000;0,000;0,000;0,000;0,000;0,000;0,000;0,000;0,000;0,000;0,000;0,000;0,000;0,000;0,000;0,000;0,000;0,000;0,000;0,000;25,44;24,75;25,31;25,00;24,62;25,25;0;0;
2026-07-07 17:04:16;4057494;DONE;3;4;0,000;0,000;0,000;0,000;0,000;0,000;0,000;0,000;0,000;0,000;0,000;0,000;0,000;0,000;0,000;0,000;0,000;0,000;0,000;0,000;25,44;24,75;25,31;25,00;24,62;25,25;0;0;
2026-07-07 17:04:18;4058494;DONE;3;4;0,000;0,000;0,000;0,000;0,000;0,000;0,000;0,000;0,000;0,000;0,000;0,000;0,000;0,000;0,000;0,000;0,000;0,000;0,000;0,000;25,44;24,75;25,37;25,00;24,62;25,25;0;0;
2026-07-07 17:04:18;4059494;DONE;3;4;0,000;0,000;0,000;0,000;0,000;0,000;0,000;0,000;0,000;0,000;0,000;0,000;0,000;0,000;0,000;0,000;0,000;0,000;0,000;0,000;25,44;24,75;25,31;25,00;24,62;25,25;0;0;
2026-07-07 17:04:20;4060494;DONE;3;4;0,000;0,000;0,000;0,000;0,000;0,000;0,000;0,000;0,000;0,000;0,000;0,000;0,000;0,000;0,000;0,000;0,000;0,000;0,000;0,000;25,44;24,75;25,31;25,00;24,62;25,25;0;0;
2026-07-07 17:04:20;4061494;DONE;3;4;0,000;0,000;0,000;0,000;0,000;0,000;0,000;0,000;0,000;0,000;0,000;0,000;0,000;0,000;0,000;0,000;0,000;0,000;0,000;0,000;25,44;24,75;25,31;25,06;24,62;25,25;0;0;
2026-07-07 17:04:22;4062494;DONE;3;4;0,000;0,000;0,000;0,000;0,000;0,000;0,000;0,000;0,000;0,000;0,000;0,000;0,000;0,000;0,000;0,000;0,000;0,000;0,000;0,000;25,50;24,75;25,31;25,06;24,62;25,25;0;0;
2026-07-07 17:04:22;4063494;DONE;3;4;0,000;0,000;0,000;0,000;0,000;0,000;0,000;0,000;0,000;0,000;0,000;0,000;0,000;0,000;0,000;0,000;0,000;0,000;0,000;0,000;25,44;24,81;25,31;25,06;24,56;25,25;0;0;
2026-07-07 17:04:23;4064494;DONE;3;4;0,000;0,000;0,000;0,000;0,000;0,000;0,000;0,000;0,000;0,000;0,000;0,000;0,000;0,000;0,000;0,000;0,000;0,000;0,000;0,000;25,50;24,75;25,31;25,00;24,62;25,25;0;0;
2026-07-07 17:04:24;4065494;DONE;3;4;0,000;0,000;0,000;0,000;0,000;0,000;0,000;0,000;0,000;0,000;0,000;0,000;0,000;0,000;0,000;0,000;0,000;0,000;0,000;0,000;25,50;24,75;25,31;25,00;24,62;25,25;0;0;
2026-07-07 17:04:25;4066494;DONE;3;4;0,000;0,000;0,000;0,000;0,000;0,000;0,000;0,000;0,000;0,000;0,000;0,000;0,000;0,000;0,000;0,000;0,000;0,000;0,000;0,000;25,50;24,75;25,37;25,06;24,62;25,25;0;0;
2026-07-07 17:04:26;4067494;DONE;3;4;0,000;0,000;0,000;0,000;0,000;0,000;0,000;0,000;0,000;0,000;0,000;0,000;0,000;0,000;0,000;0,000;0,000;0,000;0,000;0,000;25,50;24,75;25,31;25,06;24,62;25,25;0;0;
2026-07-07 17:04:27;4068494;DONE;3;4;0,000;0,000;0,000;0,000;0,000;0,000;0,000;0,000;0,000;0,000;0,000;0,000;0,000;0,000;0,000;0,000;0,000;0,000;0,000;0,000;25,50;24,81;25,37;25,00;24,62;25,25;0;0;
2026-07-07 17:04:28;4069494;DONE;3;4;0,000;0,000;0,000;0,000;0,000;0,000;0,000;0,000;0,000;0,000;0,000;0,000;0,000;0,000;0,000;0,000;0,000;0,000;0,000;0,000;25,50;24,81;25,37;25,00;24,62;25,25;0;0;
2026-07-07 17:04:29;4070494;DONE;3;4;0,000;0,000;0,000;0,000;0,000;0,000;0,000;0,000;0,000;0,000;0,000;0,000;0,000;0,000;0,000;0,000;0,000;0,000;0,000;0,000;25,50;24,81;25,37;25,06;24,62;25,25;0;0;
2026-07-07 17:04:30;4071494;DONE;3;4;0,000;0,000;0,000;0,000;0,000;0,000;0,000;0,000;0,000;0,000;0,000;0,000;0,000;0,000;0,000;0,000;0,000;0,000;0,000;0,000;25,50;24,81;25,37;25,06;24,62;25,25;0;0;
2026-07-07 17:04:31;4072494;DONE;3;4;0,000;0,000;0,000;0,000;0,000;0,000;0,000;0,000;0,000;0,000;0,000;0,000;0,000;0,000;0,000;0,000;0,000;0,000;0,000;0,000;25,44;24,81;25,31;25,00;24,62;25,25;0;0;
2026-07-07 17:04:32;4073494;DONE;3;4;0,000;0,000;0,000;0,000;0,000;0,000;0,000;0,000;0,000;0,000;0,000;0,000;0,000;0,000;0,000;0,000;0,000;0,000;0,000;0,000;25,50;24,81;25,37;25,06;24,62;25,31;0;0;
2026-07-07 17:04:33;4074494;DONE;3;4;0,000;0,000;0,000;0,000;0,000;0,000;0,000;0,000;0,000;0,000;0,000;0,000;0,000;0,000;0,000;0,000;0,000;0,000;0,000;0,000;25,50;24,81;25,37;25,06;24,62;25,25;0;0;
2026-07-07 17:04:34;4075494;DONE;3;4;0,000;0,000;0,000;0,000;0,000;0,000;0,000;0,000;0,000;0,000;0,000;0,000;0,000;0,000;0,000;0,000;0,000;0,000;0,000;0,000;25,50;24,81;25,37;25,06;24,62;25,25;0;0;
2026-07-07 17:04:35;4076494;DONE;3;4;0,000;0,000;0,000;0,000;0,000;0,000;0,000;0,000;0,000;0,000;0,000;0,000;0,000;0,000;0,000;0,000;0,000;0,000;0,000;0,000;25,50;24,81;25,37;25,06;24,62;25,31;0;0;
2026-07-07 17:04:36;4077494;DONE;3;4;0,000;0,000;0,000;0,000;0,000;0,000;0,000;0,000;0,000;0,000;0,000;0,000;0,000;0,000;0,000;0,000;0,000;0,000;0,000;0,000;25,50;24,81;25,37;25,06;24,62;25,31;0;0;
2026-07-07 17:04:37;4078494;DONE;3;4;0,000;0,000;0,000;0,000;0,000;0,000;0,000;0,000;0,000;0,000;0,000;0,000;0,000;0,000;0,000;0,000;0,000;0,000;0,000;0,000;25,50;24,81;25,37;25,00;24,62;25,31;0;0;
2026-07-07 17:04:38;4079494;DONE;3;4;0,000;0,000;0,000;0,000;0,000;0,000;0,000;0,000;0,000;0,000;0,000;0,000;0,000;0,000;0,000;0,000;0,000;0,000;0,000;0,000;25,50;24,81;25,37;25,06;24,62;25,31;0;0;
2026-07-07 17:04:39;4080494;DONE;3;4;0,000;0,000;0,000;0,000;0,000;0,000;0,000;0,000;0,000;0,000;0,000;0,000;0,000;0,000;0,000;0,000;0,000;0,000;0,000;0,000;25,50;24,81;25,37;25,06;24,62;25,31;0;0;
2026-07-07 17:04:41;4081494;DONE;3;4;0,000;0,000;0,000;0,000;0,000;0,000;0,000;0,000;0,000;0,000;0,000;0,000;0,000;0,000;0,000;0,000;0,000;0,000;0,000;0,000;25,50;24,81;25,37;25,06;24,62;25,31;0;0;
2026-07-07 17:04:41;4082494;DONE;3;4;0,000;0,000;0,000;0,000;0,000;0,000;0,000;0,000;0,000;0,000;0,000;0,000;0,000;0,000;0,000;0,000;0,000;0,000;0,000;0,000;25,50;24,81;25,37;25,06;24,62;25,31;0;0;
2026-07-07 17:04:43;4083494;DONE;3;4;0,000;0,000;0,000;0,000;0,000;0,000;0,000;0,000;0,000;0,000;0,000;0,000;0,000;0,000;0,000;0,000;0,000;0,000;0,000;0,000;25,50;24,81;25,37;25,06;24,62;25,31;0;0;
2026-07-07 17:04:43;4084494;DONE;3;4;0,000;0,000;0,000;0,000;0,000;0,000;0,000;0,000;0,000;0,000;0,000;0,000;0,000;0,000;0,000;0,000;0,000;0,000;0,000;0,000;25,50;24,81;25,37;25,06;24,69;25,31;0;0;
2026-07-07 17:04:44;4085494;DONE;3;4;0,000;0,000;0,000;0,000;0,000;0,000;0,000;0,000;0,000;0,000;0,000;0,000;0,000;0,000;0,000;0,000;0,000;0,000;0,000;0,000;25,50;24,81;25,37;25,06;24,62;25,31;0;0;
2026-07-07 17:04:45;4086494;DONE;3;4;0,000;0,000;0,000;0,000;0,000;0,000;0,000;0,000;0,000;0,000;0,000;0,000;0,000;0,000;0,000;0,000;0,000;0,000;0,000;0,000;25,50;24,81;25,37;25,06;24,69;25,31;0;0;
2026-07-07 17:04:46;4087494;DONE;3;4;0,000;0,000;0,000;0,000;0,000;0,000;0,000;0,000;0,000;0,000;0,000;0,000;0,000;0,000;0,000;0,000;0,000;0,000;0,000;0,000;25,50;24,81;25,37;25,06;24,62;25,31;0;0;
2026-07-07 17:04:47;4088494;DONE;3;4;0,000;0,000;0,000;0,000;0,000;0,000;0,000;0,000;0,000;0,000;0,000;0,000;0,000;0,000;0,000;0,000;0,000;0,000;0,000;0,000;25,50;24,81;25,37;25,06;24,69;25,31;0;0;
2026-07-07 17:04:49;4089494;DONE;3;4;0,000;0,000;0,000;0,000;0,000;0,000;0,000;0,000;0,000;0,000;0,000;0,000;0,000;0,000;0,000;0,000;0,000;0,000;0,000;0,000;25,50;24,81;25,37;25,06;24,69;25,31;0;0;
2026-07-07 17:04:49;4090494;DONE;3;4;0,000;0,000;0,000;0,000;0,000;0,000;0,000;0,000;0,000;0,000;0,000;0,000;0,000;0,000;0,000;0,000;0,000;0,000;0,000;0,000;25,50;24,81;25,37;25,06;24,62;25,31;0;0;
2026-07-07 17:04:50;4091494;DONE;3;4;0,000;0,000;0,000;0,000;0,000;0,000;0,000;0,000;0,000;0,000;0,000;0,000;0,000;0,000;0,000;0,000;0,000;0,000;0,000;0,000;25,50;24,81;25,37;25,06;24,69;25,31;0;0;
2026-07-07 17:04:51;4092494;DONE;3;4;0,000;0,000;0,000;0,000;0,000;0,000;0,000;0,000;0,000;0,000;0,000;0,000;0,000;0,000;0,000;0,000;0,000;0,000;0,000;0,000;25,50;24,81;25,44;25,06;24,69;25,31;0;0;
2026-07-07 17:04:53;4093494;DONE;3;4;0,000;0,000;0,000;0,000;0,000;0,000;0,000;0,000;0,000;0,000;0,000;0,000;0,000;0,000;0,000;0,000;0,000;0,000;0,000;0,000;25,50;24,81;25,37;25,06;24,69;25,31;0;0;
2026-07-07 17:04:53;4094494;DONE;3;4;0,000;0,000;0,000;0,000;0,000;0,000;0,000;0,000;0,000;0,000;0,000;0,000;0,000;0,000;0,000;0,000;0,000;0,000;0,000;0,000;25,50;24,81;25,37;25,06;24,62;25,31;0;0;
2026-07-07 17:04:54;4095494;DONE;3;4;0,000;0,000;0,000;0,000;0,000;0,000;0,000;0,000;0,000;0,000;0,000;0,000;0,000;0,000;0,000;0,000;0,000;0,000;0,000;0,000;25,50;24,87;25,37;25,06;24,69;25,31;0;0;
2026-07-07 17:04:55;4096493;DONE;3;4;0,000;0,000;0,000;0,000;0,000;0,000;0,000;0,000;0,000;0,000;0,000;0,000;0,000;0,000;0,000;0,000;0,000;0,000;0,000;0,000;25,50;24,87;25,37;25,06;24,69;25,31;0;0;
2026-07-07 17:04:57;4097493;DONE;3;4;0,000;0,000;0,000;0,000;0,000;0,000;0,000;0,000;0,000;0,000;0,000;0,000;0,000;0,000;0,000;0,000;0,000;0,000;0,000;0,000;25,50;24,81;25,37;25,06;24,69;25,31;0;0;
2026-07-07 17:04:57;4098493;DONE;3;4;0,000;0,000;0,000;0,000;0,000;0,000;0,000;0,000;0,000;0,000;0,000;0,000;0,000;0,000;0,000;0,000;0,000;0,000;0,000;0,000;25,56;24,87;25,37;25,06;24,69;25,31;0;0;
2026-07-07 17:04:59;4099493;DONE;3;4;0,000;0,000;0,000;0,000;0,000;0,000;0,000;0,000;0,000;0,000;0,000;0,000;0,000;0,000;0,000;0,000;0,000;0,000;0,000;0,000;25,50;24,87;25,37;25,06;24,69;25,31;0;0;
2026-07-07 17:04:59;4100493;DONE;3;4;0,000;0,000;0,000;0,000;0,000;0,000;0,000;0,000;0,000;0,000;0,000;0,000;0,000;0,000;0,000;0,000;0,000;0,000;0,000;0,000;25,56;24,87;25,37;25,06;24,69;25,31;0;0;
2026-07-07 17:05:00;4101493;DONE;3;4;0,000;0,000;0,000;0,000;0,000;0,000;0,000;0,000;0,000;0,000;0,000;0,000;0,000;0,000;0,000;0,000;0,000;0,000;0,000;0,000;25,56;24,87;25,37;25,06;24,69;25,31;0;0;
2026-07-07 17:05:01;4102493;DONE;3;4;0,000;0,000;0,000;0,000;0,000;0,000;0,000;0,000;0,000;0,000;0,000;0,000;0,000;0,000;0,000;0,000;0,000;0,000;0,000;0,000;25,56;24,81;25,37;25,06;24,69;25,31;0;0;
2026-07-07 17:05:02;4103493;DONE;3;4;0,000;0,000;0,000;0,000;0,000;0,000;0,000;0,000;0,000;0,000;0,000;0,000;0,000;0,000;0,000;0,000;0,000;0,000;0,000;0,000;25,56;24,87;25,44;25,06;24,69;25,31;0;0;
2026-07-07 17:05:03;4104493;DONE;3;4;0,000;0,000;0,000;0,000;0,000;0,000;0,000;0,000;0,000;0,000;0,000;0,000;0,000;0,000;0,000;0,000;0,000;0,000;0,000;0,000;25,50;24,87;25,44;25,06;24,69;25,31;0;0;
2026-07-07 17:05:04;4105493;DONE;3;4;0,000;0,000;0,000;0,000;0,000;0,000;0,000;0,000;0,000;0,000;0,000;0,000;0,000;0,000;0,000;0,000;0,000;0,000;0,000;0,000;25,56;24,87;25,37;25,06;24,69;25,31;0;0;
2026-07-07 17:05:05;4106493;DONE;3;4;0,000;0,000;0,000;0,000;0,000;0,000;0,000;0,000;0,000;0,000;0,000;0,000;0,000;0,000;0,000;0,000;0,000;0,000;0,000;0,000;25,56;24,87;25,44;25,06;24,69;25,31;0;0;
2026-07-07 17:05:06;4107493;DONE;3;4;0,000;0,000;0,000;0,000;0,000;0,000;0,000;0,000;0,000;0,000;0,000;0,000;0,000;0,000;0,000;0,000;0,000;0,000;0,000;0,000;25,56;24,87;25,37;25,06;24,69;25,31;0;0;
2026-07-07 17:05:07;4108493;DONE;3;4;0,000;0,000;0,000;0,000;0,000;0,000;0,000;0,000;0,000;0,000;0,000;0,000;0,000;0,000;0,000;0,000;0,000;0,000;0,000;0,000;25,50;24,87;25,44;25,06;24,69;25,31;0;0;
2026-07-07 17:05:08;4109493;DONE;3;4;0,000;0,000;0,000;0,000;0,000;0,000;0,000;0,000;0,000;0,000;0,000;0,000;0,000;0,000;0,000;0,000;0,000;0,000;0,000;0,000;25,56;24,87;25,44;25,06;24,69;25,37;0;0;
2026-07-07 17:05:09;4110493;DONE;3;4;0,000;0,000;0,000;0,000;0,000;0,000;0,000;0,000;0,000;0,000;0,000;0,000;0,000;0,000;0,000;0,000;0,000;0,000;0,000;0,000;25,56;24,87;25,44;25,06;24,69;25,31;0;0;
2026-07-07 17:05:10;4111493;DONE;3;4;0,000;0,000;0,000;0,000;0,000;0,000;0,000;0,000;0,000;0,000;0,000;0,000;0,000;0,000;0,000;0,000;0,000;0,000;0,000;0,000;25,56;24,87;25,44;25,06;24,69;25,37;0;0;
2026-07-07 17:05:11;4112493;DONE;3;4;0,000;0,000;0,000;0,000;0,000;0,000;0,000;0,000;0,000;0,000;0,000;0,000;0,000;0,000;0,000;0,000;0,000;0,000;0,000;0,000;25,56;24,87;25,44;25,06;24,69;25,37;0;0;
2026-07-07 17:05:12;4113493;DONE;3;4;0,000;0,000;0,000;0,000;0,000;0,000;0,000;0,000;0,000;0,000;0,000;0,000;0,000;0,000;0,000;0,000;0,000;0,000;0,000;0,000;25,56;24,87;25,44;25,06;24,69;25,31;0;0;
2026-07-07 17:05:13;4114493;DONE;3;4;0,000;0,000;0,000;0,000;0,000;0,000;0,000;0,000;0,000;0,000;0,000;0,000;0,000;0,000;0,000;0,000;0,000;0,000;0,000;0,000;25,56;24,87;25,44;25,06;24,69;25,37;0;0;
2026-07-07 17:05:14;4115493;DONE;3;4;0,000;0,000;0,000;0,000;0,000;0,000;0,000;0,000;0,000;0,000;0,000;0,000;0,000;0,000;0,000;0,000;0,000;0,000;0,000;0,000;25,56;24,87;25,44;25,06;24,69;25,31;0;0;
2026-07-07 17:05:15;4116493;DONE;3;4;0,000;0,000;0,000;0,000;0,000;0,000;0,000;0,000;0,000;0,000;0,000;0,000;0,000;0,000;0,000;0,000;0,000;0,000;0,000;0,000;25,56;24,87;25,44;25,12;24,69;25,37;0;0;
2026-07-07 17:05:16;4117493;DONE;3;4;0,000;0,000;0,000;0,000;0,000;0,000;0,000;0,000;0,000;0,000;0,000;0,000;0,000;0,000;0,000;0,000;0,000;0,000;0,000;0,000;25,56;24,87;25,44;25,06;24,75;25,37;0;0;
2026-07-07 17:05:17;4118493;DONE;3;4;0,000;0,000;0,000;0,000;0,000;0,000;0,000;0,000;0,000;0,000;0,000;0,000;0,000;0,000;0,000;0,000;0,000;0,000;0,000;0,000;25,56;24,87;25,44;25,06;24,69;25,31;0;0;
2026-07-07 17:05:18;4119493;DONE;3;4;0,000;0,000;0,000;0,000;0,000;0,000;0,000;0,000;0,000;0,000;0,000;0,000;0,000;0,000;0,000;0,000;0,000;0,000;0,000;0,000;25,56;24,87;25,44;25,12;24,69;25,37;0;0;
2026-07-07 17:05:19;4120493;DONE;3;4;0,000;0,000;0,000;0,000;0,000;0,000;0,000;0,000;0,000;0,000;0,000;0,000;0,000;0,000;0,000;0,000;0,000;0,000;0,000;0,000;25,56;24,87;25,44;25,06;24,69;25,37;0;0;
2026-07-07 17:05:20;4121493;DONE;3;4;0,000;0,000;0,000;0,000;0,000;0,000;0,000;0,000;0,000;0,000;0,000;0,000;0,000;0,000;0,000;0,000;0,000;0,000;0,000;0,000;25,56;24,87;25,44;25,06;24,75;25,37;0;0;
2026-07-07 17:05:21;4122493;DONE;3;4;0,000;0,000;0,000;0,000;0,000;0,000;0,000;0,000;0,000;0,000;0,000;0,000;0,000;0,000;0,000;0,000;0,000;0,000;0,000;0,000;25,56;24,87;25,44;25,06;24,75;25,37;0;0;
2026-07-07 17:05:22;4123493;DONE;3;4;0,000;0,000;0,000;0,000;0,000;0,000;0,000;0,000;0,000;0,000;0,000;0,000;0,000;0,000;0,000;0,000;0,000;0,000;0,000;0,000;25,56;24,87;25,44;25,06;24,69;25,37;0;0;
2026-07-07 17:05:23;4124493;DONE;3;4;0,000;0,000;0,000;0,000;0,000;0,000;0,000;0,000;0,000;0,000;0,000;0,000;0,000;0,000;0,000;0,000;0,000;0,000;0,000;0,000;25,56;24,94;25,44;25,06;24,69;25,37;0;0;
2026-07-07 17:05:24;4125493;DONE;3;4;0,000;0,000;0,000;0,000;0,000;0,000;0,000;0,000;0,000;0,000;0,000;0,000;0,000;0,000;0,000;0,000;0,000;0,000;0,000;0,000;25,56;24,87;25,44;25,12;24,75;25,37;0;0;
2026-07-07 17:05:25;4126493;DONE;3;4;0,000;0,000;0,000;0,000;0,000;0,000;0,000;0,000;0,000;0,000;0,000;0,000;0,000;0,000;0,000;0,000;0,000;0,000;0,000;0,000;25,56;24,87;25,44;25,06;24,75;25,37;0;0;
2026-07-07 17:05:26;4127493;DONE;3;4;0,000;0,000;0,000;0,000;0,000;0,000;0,000;0,000;0,000;0,000;0,000;0,000;0,000;0,000;0,000;0,000;0,000;0,000;0,000;0,000;25,56;24,94;25,44;25,06;24,69;25,37;0;0;
2026-07-07 17:05:27;4128493;DONE;3;4;0,000;0,000;0,000;0,000;0,000;0,000;0,000;0,000;0,000;0,000;0,000;0,000;0,000;0,000;0,000;0,000;0,000;0,000;0,000;0,000;25,56;24,87;25,44;25,12;24,75;25,37;0;0;
2026-07-07 17:05:28;4129493;DONE;3;4;0,000;0,000;0,000;0,000;0,000;0,000;0,000;0,000;0,000;0,000;0,000;0,000;0,000;0,000;0,000;0,000;0,000;0,000;0,000;0,000;25,56;24,94;25,44;25,12;24,69;25,37;0;0;
2026-07-07 17:05:29;4130493;DONE;3;4;0,000;0,000;0,000;0,000;0,000;0,000;0,000;0,000;0,000;0,000;0,000;0,000;0,000;0,000;0,000;0,000;0,000;0,000;0,000;0,000;25,56;24,94;25,44;25,12;24,75;25,37;0;0;
2026-07-07 17:05:30;4131493;DONE;3;4;0,000;0,000;0,000;0,000;0,000;0,000;0,000;0,000;0,000;0,000;0,000;0,000;0,000;0,000;0,000;0,000;0,000;0,000;0,000;0,000;25,56;24,94;25,44;25,12;24,75;25,37;0;0;
2026-07-07 17:05:31;4132493;DONE;3;4;0,000;0,000;0,000;0,000;0,000;0,000;0,000;0,000;0,000;0,000;0,000;0,000;0,000;0,000;0,000;0,000;0,000;0,000;0,000;0,000;25,56;24,87;25,44;25,12;24,75;25,37;0;0;
2026-07-07 17:05:32;4133493;DONE;3;4;0,000;0,000;0,000;0,000;0,000;0,000;0,000;0,000;0,000;0,000;0,000;0,000;0,000;0,000;0,000;0,000;0,000;0,000;0,000;0,000;25,56;24,94;25,44;25,12;24,75;25,37;0;0;
2026-07-07 17:05:33;4134493;DONE;3;4;0,000;0,000;0,000;0,000;0,000;0,000;0,000;0,000;0,000;0,000;0,000;0,000;0,000;0,000;0,000;0,000;0,000;0,000;0,000;0,000;25,62;24,94;25,44;25,12;24,75;25,37;0;0;
2026-07-07 17:05:35;4135493;DONE;3;4;0,000;0,000;0,000;0,000;0,000;0,000;0,000;0,000;0,000;0,000;0,000;0,000;0,000;0,000;0,000;0,000;0,000;0,000;0,000;0,000;25,56;24,94;25,44;25,12;24,75;25,37;0;0;
2026-07-07 17:05:35;4136493;DONE;3;4;0,000;0,000;0,000;0,000;0,000;0,000;0,000;0,000;0,000;0,000;0,000;0,000;0,000;0,000;0,000;0,000;0,000;0,000;0,000;0,000;25,56;24,94;25,44;25,12;24,75;25,37;0;0;
2026-07-07 17:05:37;4137493;DONE;3;4;0,000;0,000;0,000;0,000;0,000;0,000;0,000;0,000;0,000;0,000;0,000;0,000;0,000;0,000;0,000;0,000;0,000;0,000;0,000;0,000;25,56;24,94;25,44;25,12;24,75;25,37;0;0;
2026-07-07 17:05:37;4138493;DONE;3;4;0,000;0,000;0,000;0,000;0,000;0,000;0,000;0,000;0,000;0,000;0,000;0,000;0,000;0,000;0,000;0,000;0,000;0,000;0,000;0,000;25,56;24,87;25,44;25,12;24,75;25,37;0;0;
2026-07-07 17:05:39;4139493;DONE;3;4;0,000;0,000;0,000;0,000;0,000;0,000;0,000;0,000;0,000;0,000;0,000;0,000;0,000;0,000;0,000;0,000;0,000;0,000;0,000;0,000;25,56;24,94;25,44;25,12;24,75;25,37;0;0;
2026-07-07 17:05:39;4140493;DONE;3;4;0,000;0,000;0,000;0,000;0,000;0,000;0,000;0,000;0,000;0,000;0,000;0,000;0,000;0,000;0,000;0,000;0,000;0,000;0,000;0,000;25,56;24,94;25,44;25,12;24,75;25,37;0;0;
2026-07-07 17:05:41;4141493;DONE;3;4;0,000;0,000;0,000;0,000;0,000;0,000;0,000;0,000;0,000;0,000;0,000;0,000;0,000;0,000;0,000;0,000;0,000;0,000;0,000;0,000;25,56;24,94;25,44;25,12;24,75;25,37;0;0;
2026-07-07 17:05:41;4142493;DONE;3;4;0,000;0,000;0,000;0,000;0,000;0,000;0,000;0,000;0,000;0,000;0,000;0,000;0,000;0,000;0,000;0,000;0,000;0,000;0,000;0,000;25,62;24,94;25,44;25,12;24,75;25,37;0;0;
2026-07-07 17:05:43;4143493;DONE;3;4;0,000;0,000;0,000;0,000;0,000;0,000;0,000;0,000;0,000;0,000;0,000;0,000;0,000;0,000;0,000;0,000;0,000;0,000;0,000;0,000;25,56;24,94;25,44;25,12;24,75;25,37;0;0;
2026-07-07 17:05:43;4144493;DONE;3;4;0,000;0,000;0,000;0,000;0,000;0,000;0,000;0,000;0,000;0,000;0,000;0,000;0,000;0,000;0,000;0,000;0,000;0,000;0,000;0,000;25,56;24,94;25,44;25,12;24,75;25,37;0;0;
2026-07-07 17:05:44;4145493;DONE;3;4;0,000;0,000;0,000;0,000;0,000;0,000;0,000;0,000;0,000;0,000;0,000;0,000;0,000;0,000;0,000;0,000;0,000;0,000;0,000;0,000;25,56;24,94;25,50;25,12;24,75;25,37;0;0;
2026-07-07 17:05:45;4146493;DONE;3;4;0,000;0,000;0,000;0,000;0,000;0,000;0,000;0,000;0,000;0,000;0,000;0,000;0,000;0,000;0,000;0,000;0,000;0,000;0,000;0,000;25,56;24,94;25,44;25,12;24,75;25,37;0;0;
2026-07-07 17:05:46;4147493;DONE;3;4;0,000;0,000;0,000;0,000;0,000;0,000;0,000;0,000;0,000;0,000;0,000;0,000;0,000;0,000;0,000;0,000;0,000;0,000;0,000;0,000;25,62;24,94;25,50;25,12;24,75;25,37;0;0;
2026-07-07 17:05:47;4148493;DONE;3;4;0,000;0,000;0,000;0,000;0,000;0,000;0,000;0,000;0,000;0,000;0,000;0,000;0,000;0,000;0,000;0,000;0,000;0,000;0,000;0,000;25,62;24,94;25,44;25,12;24,75;25,44;0;0;
2026-07-07 17:05:49;4149493;DONE;3;4;0,000;0,000;0,000;0,000;0,000;0,000;0,000;0,000;0,000;0,000;0,000;0,000;0,000;0,000;0,000;0,000;0,000;0,000;0,000;0,000;25,56;24,94;25,50;25,12;24,75;25,37;0;0;
2026-07-07 17:05:49;4150493;DONE;3;4;0,000;0,000;0,000;0,000;0,000;0,000;0,000;0,000;0,000;0,000;0,000;0,000;0,000;0,000;0,000;0,000;0,000;0,000;0,000;0,000;25,62;24,94;25,44;25,12;24,75;25,37;0;0;
2026-07-07 17:05:51;4151493;DONE;3;4;0,000;0,000;0,000;0,000;0,000;0,000;0,000;0,000;0,000;0,000;0,000;0,000;0,000;0,000;0,000;0,000;0,000;0,000;0,000;0,000;25,62;24,94;25,50;25,12;24,75;25,37;0;0;
2026-07-07 17:05:51;4152493;DONE;3;4;0,000;0,000;0,000;0,000;0,000;0,000;0,000;0,000;0,000;0,000;0,000;0,000;0,000;0,000;0,000;0,000;0,000;0,000;0,000;0,000;25,62;24,94;25,44;25,12;24,81;25,44;0;0;
2026-07-07 17:05:53;4153493;DONE;3;4;0,000;0,000;0,000;0,000;0,000;0,000;0,000;0,000;0,000;0,000;0,000;0,000;0,000;0,000;0,000;0,000;0,000;0,000;0,000;0,000;25,62;24,94;25,44;25,12;24,75;25,44;0;0;
2026-07-07 17:05:53;4154493;DONE;3;4;0,000;0,000;0,000;0,000;0,000;0,000;0,000;0,000;0,000;0,000;0,000;0,000;0,000;0,000;0,000;0,000;0,000;0,000;0,000;0,000;25,62;24,94;25,44;25,12;24,75;25,37;0;0;
2026-07-07 17:05:54;4155493;DONE;3;4;0,000;0,000;0,000;0,000;0,000;0,000;0,000;0,000;0,000;0,000;0,000;0,000;0,000;0,000;0,000;0,000;0,000;0,000;0,000;0,000;25,62;24,94;25,50;25,12;24,75;25,37;0;0;
2026-07-07 17:05:55;4156493;DONE;3;4;0,000;0,000;0,000;0,000;0,000;0,000;0,000;0,000;0,000;0,000;0,000;0,000;0,000;0,000;0,000;0,000;0,000;0,000;0,000;0,000;25,56;24,94;25,50;25,12;24,75;25,44;0;0;
2026-07-07 17:05:56;4157493;DONE;3;4;0,000;0,000;0,000;0,000;0,000;0,000;0,000;0,000;0,000;0,000;0,000;0,000;0,000;0,000;0,000;0,000;0,000;0,000;0,000;0,000;25,62;24,94;25,50;25,12;24,75;25,44;0;0;
2026-07-07 17:05:57;4158493;DONE;3;4;0,000;0,000;0,000;0,000;0,000;0,000;0,000;0,000;0,000;0,000;0,000;0,000;0,000;0,000;0,000;0,000;0,000;0,000;0,000;0,000;25,62;24,94;25,50;25,12;24,75;25,37;0;0;
2026-07-07 17:05:58;4159493;DONE;3;4;0,000;0,000;0,000;0,000;0,000;0,000;0,000;0,000;0,000;0,000;0,000;0,000;0,000;0,000;0,000;0,000;0,000;0,000;0,000;0,000;25,62;24,94;25,50;25,12;24,81;25,44;0;0;
2026-07-07 17:05:59;4160493;DONE;3;4;0,000;0,000;0,000;0,000;0,000;0,000;0,000;0,000;0,000;0,000;0,000;0,000;0,000;0,000;0,000;0,000;0,000;0,000;0,000;0,000;25,62;24,94;25,44;25,12;24,75;25,37;0;0;
2026-07-07 17:06:01;4161493;DONE;3;4;0,000;0,000;0,000;0,000;0,000;0,000;0,000;0,000;0,000;0,000;0,000;0,000;0,000;0,000;0,000;0,000;0,000;0,000;0,000;0,000;25,62;24,94;25,50;25,19;24,81;25,44;0;0;
2026-07-07 17:06:01;4162493;DONE;3;4;0,000;0,000;0,000;0,000;0,000;0,000;0,000;0,000;0,000;0,000;0,000;0,000;0,000;0,000;0,000;0,000;0,000;0,000;0,000;0,000;25,62;24,94;25,50;25,12;24,75;25,37;0;0;
2026-07-07 17:06:03;4163493;DONE;3;4;0,000;0,000;0,000;0,000;0,000;0,000;0,000;0,000;0,000;0,000;0,000;0,000;0,000;0,000;0,000;0,000;0,000;0,000;0,000;0,000;25,62;25,00;25,50;25,12;24,81;25,37;0;0;
2026-07-07 17:06:03;4164493;DONE;3;4;0,000;0,000;0,000;0,000;0,000;0,000;0,000;0,000;0,000;0,000;0,000;0,000;0,000;0,000;0,000;0,000;0,000;0,000;0,000;0,000;25,62;24,94;25,50;25,12;24,81;25,44;0;0;
2026-07-07 17:06:05;4165493;DONE;3;4;0,000;0,000;0,000;0,000;0,000;0,000;0,000;0,000;0,000;0,000;0,000;0,000;0,000;0,000;0,000;0,000;0,000;0,000;0,000;0,000;25,62;24,94;25,50;25,12;24,81;25,44;0;0;
2026-07-07 17:06:05;4166493;DONE;3;4;0,000;0,000;0,000;0,000;0,000;0,000;0,000;0,000;0,000;0,000;0,000;0,000;0,000;0,000;0,000;0,000;0,000;0,000;0,000;0,000;25,62;25,00;25,50;25,12;24,81;25,44;0;0;
2026-07-07 17:06:07;4167493;DONE;3;4;0,000;0,000;0,000;0,000;0,000;0,000;0,000;0,000;0,000;0,000;0,000;0,000;0,000;0,000;0,000;0,000;0,000;0,000;0,000;0,000;25,62;24,94;25,50;25,12;24,81;25,44;0;0;
2026-07-07 17:06:07;4168493;DONE;3;4;0,000;0,000;0,000;0,000;0,000;0,000;0,000;0,000;0,000;0,000;0,000;0,000;0,000;0,000;0,000;0,000;0,000;0,000;0,000;0,000;25,62;25,00;25,50;25,12;24,81;25,44;0;0;
2026-07-07 17:06:08;4169493;DONE;3;4;0,000;0,000;0,000;0,000;0,000;0,000;0,000;0,000;0,000;0,000;0,000;0,000;0,000;0,000;0,000;0,000;0,000;0,000;0,000;0,000;25,62;25,00;25,50;25,12;24,81;25,44;0;0;
2026-07-07 17:06:09;4170493;DONE;3;4;0,000;0,000;0,000;0,000;0,000;0,000;0,000;0,000;0,000;0,000;0,000;0,000;0,000;0,000;0,000;0,000;0,000;0,000;0,000;0,000;25,62;25,00;25,50;25,19;24,81;25,44;0;0;
2026-07-07 17:06:10;4171493;DONE;3;4;0,000;0,000;0,000;0,000;0,000;0,000;0,000;0,000;0,000;0,000;0,000;0,000;0,000;0,000;0,000;0,000;0,000;0,000;0,000;0,000;25,62;25,00;25,50;25,12;24,75;25,44;0;0;
2026-07-07 17:06:11;4172493;DONE;3;4;0,000;0,000;0,000;0,000;0,000;0,000;0,000;0,000;0,000;0,000;0,000;0,000;0,000;0,000;0,000;0,000;0,000;0,000;0,000;0,000;25,62;25,00;25,50;25,19;24,81;25,44;0;0;
2026-07-07 17:06:12;4173493;DONE;3;4;0,000;0,000;0,000;0,000;0,000;0,000;0,000;0,000;0,000;0,000;0,000;0,000;0,000;0,000;0,000;0,000;0,000;0,000;0,000;0,000;25,62;25,00;25,50;25,19;24,81;25,44;0;0;
2026-07-07 17:06:13;4174493;DONE;3;4;0,000;0,000;0,000;0,000;0,000;0,000;0,000;0,000;0,000;0,000;0,000;0,000;0,000;0,000;0,000;0,000;0,000;0,000;0,000;0,000;25,62;25,00;25,50;25,12;24,81;25,44;0;0;
2026-07-07 17:06:14;4175493;DONE;3;4;0,000;0,000;0,000;0,000;0,000;0,000;0,000;0,000;0,000;0,000;0,000;0,000;0,000;0,000;0,000;0,000;0,000;0,000;0,000;0,000;25,62;25,00;25,50;25,19;24,81;25,44;0;0;
2026-07-07 17:06:15;4176493;DONE;3;4;0,000;0,000;0,000;0,000;0,000;0,000;0,000;0,000;0,000;0,000;0,000;0,000;0,000;0,000;0,000;0,000;0,000;0,000;0,000;0,000;25,62;25,00;25,50;25,12;24,81;25,44;0;0;
2026-07-07 17:06:16;4177493;DONE;3;4;0,000;0,000;0,000;0,000;0,000;0,000;0,000;0,000;0,000;0,000;0,000;0,000;0,000;0,000;0,000;0,000;0,000;0,000;0,000;0,000;25,62;25,00;25,50;25,19;24,81;25,44;0;0;
2026-07-07 17:06:17;4178493;DONE;3;4;0,000;0,000;0,000;0,000;0,000;0,000;0,000;0,000;0,000;0,000;0,000;0,000;0,000;0,000;0,000;0,000;0,000;0,000;0,000;0,000;25,62;25,00;25,50;25,19;24,81;25,44;0;0;
2026-07-07 17:06:18;4179493;DONE;3;4;0,000;0,000;0,000;0,000;0,000;0,000;0,000;0,000;0,000;0,000;0,000;0,000;0,000;0,000;0,000;0,000;0,000;0,000;0,000;0,000;25,62;25,00;25,50;25,12;24,81;25,44;0;0;
2026-07-07 17:06:19;4180493;DONE;3;4;0,000;0,000;0,000;0,000;0,000;0,000;0,000;0,000;0,000;0,000;0,000;0,000;0,000;0,000;0,000;0,000;0,000;0,000;0,000;0,000;25,62;25,00;25,50;25,19;24,81;25,44;0;0;
2026-07-07 17:06:20;4181493;DONE;3;4;0,000;0,000;0,000;0,000;0,000;0,000;0,000;0,000;0,000;0,000;0,000;0,000;0,000;0,000;0,000;0,000;0,000;0,000;0,000;0,000;25,62;25,00;25,50;25,19;24,81;25,44;0;0;
2026-07-07 17:06:21;4182493;DONE;3;4;0,000;0,000;0,000;0,000;0,000;0,000;0,000;0,000;0,000;0,000;0,000;0,000;0,000;0,000;0,000;0,000;0,000;0,000;0,000;0,000;25,62;25,00;25,50;25,19;24,81;25,44;0;0;
2026-07-07 17:06:22;4183493;DONE;3;4;0,000;0,000;0,000;0,000;0,000;0,000;0,000;0,000;0,000;0,000;0,000;0,000;0,000;0,000;0,000;0,000;0,000;0,000;0,000;0,000;25,62;25,00;25,50;25,12;24,81;25,44;0;0;
2026-07-07 17:06:23;4184493;DONE;3;4;0,000;0,000;0,000;0,000;0,000;0,000;0,000;0,000;0,000;0,000;0,000;0,000;0,000;0,000;0,000;0,000;0,000;0,000;0,000;0,000;25,62;25,00;25,50;25,19;24,81;25,44;0;0;
2026-07-07 17:06:24;4185493;DONE;3;4;0,000;0,000;0,000;0,000;0,000;0,000;0,000;0,000;0,000;0,000;0,000;0,000;0,000;0,000;0,000;0,000;0,000;0,000;0,000;0,000;25,62;25,00;25,50;25,19;24,81;25,44;0;0;
2026-07-07 17:06:25;4186493;DONE;3;4;0,000;0,000;0,000;0,000;0,000;0,000;0,000;0,000;0,000;0,000;0,000;0,000;0,000;0,000;0,000;0,000;0,000;0,000;0,000;0,000;25,62;25,00;25,50;25,19;24,81;25,50;0;0;
2026-07-07 17:06:26;4187493;DONE;3;4;0,000;0,000;0,000;0,000;0,000;0,000;0,000;0,000;0,000;0,000;0,000;0,000;0,000;0,000;0,000;0,000;0,000;0,000;0,000;0,000;25,62;25,00;25,50;25,19;24,81;25,44;0;0;
2026-07-07 17:06:27;4188493;DONE;3;4;0,000;0,000;0,000;0,000;0,000;0,000;0,000;0,000;0,000;0,000;0,000;0,000;0,000;0,000;0,000;0,000;0,000;0,000;0,000;0,000;25,62;25,00;25,50;25,19;24,81;25,44;0;0;
2026-07-07 17:06:28;4189493;DONE;3;4;0,000;0,000;0,000;0,000;0,000;0,000;0,000;0,000;0,000;0,000;0,000;0,000;0,000;0,000;0,000;0,000;0,000;0,000;0,000;0,000;25,62;25,00;25,50;25,12;24,81;25,44;0;0;
2026-07-07 17:06:29;4190493;DONE;3;4;0,000;0,000;0,000;0,000;0,000;0,000;0,000;0,000;0,000;0,000;0,000;0,000;0,000;0,000;0,000;0,000;0,000;0,000;0,000;0,000;25,62;25,00;25,50;25,19;24,81;25,44;0;0;
2026-07-07 17:06:30;4191493;DONE;3;4;0,000;0,000;0,000;0,000;0,000;0,000;0,000;0,000;0,000;0,000;0,000;0,000;0,000;0,000;0,000;0,000;0,000;0,000;0,000;0,000;25,62;25,00;25,50;25,19;24,81;25,44;0;0;
2026-07-07 17:06:31;4192493;DONE;3;4;0,000;0,000;0,000;0,000;0,000;0,000;0,000;0,000;0,000;0,000;0,000;0,000;0,000;0,000;0,000;0,000;0,000;0,000;0,000;0,000;25,62;25,00;25,50;25,19;24,81;25,44;0;0;
2026-07-07 17:06:32;4193493;DONE;3;4;0,000;0,000;0,000;0,000;0,000;0,000;0,000;0,000;0,000;0,000;0,000;0,000;0,000;0,000;0,000;0,000;0,000;0,000;0,000;0,000;25,62;25,00;25,50;25,19;24,81;25,44;0;0;
2026-07-07 17:06:33;4194494;DONE;3;4;0,000;0,000;0,000;0,000;0,000;0,000;0,000;0,000;0,000;0,000;0,000;0,000;0,000;0,000;0,000;0,000;0,000;0,000;0,000;0,000;25,62;25,00;25,50;25,19;24,81;25,44;0;0;
2026-07-07 17:06:34;4195494;DONE;3;4;0,000;0,000;0,000;0,000;0,000;0,000;0,000;0,000;0,000;0,000;0,000;0,000;0,000;0,000;0,000;0,000;0,000;0,000;0,000;0,000;25,62;25,00;25,50;25,19;24,81;25,50;0;0;
2026-07-07 17:06:35;4196494;DONE;3;4;0,000;0,000;0,000;0,000;0,000;0,000;0,000;0,000;0,000;0,000;0,000;0,000;0,000;0,000;0,000;0,000;0,000;0,000;0,000;0,000;25,62;25,00;25,50;25,19;24,81;25,44;0;0;
2026-07-07 17:06:36;4197494;DONE;3;4;0,000;0,000;0,000;0,000;0,000;0,000;0,000;0,000;0,000;0,000;0,000;0,000;0,000;0,000;0,000;0,000;0,000;0,000;0,000;0,000;25,69;25,00;25,56;25,19;24,81;25,44;0;0;
2026-07-07 17:06:37;4198494;DONE;3;4;0,000;0,000;0,000;0,000;0,000;0,000;0,000;0,000;0,000;0,000;0,000;0,000;0,000;0,000;0,000;0,000;0,000;0,000;0,000;0,000;25,69;25,00;25,50;25,19;24,81;25,44;0;0;
2026-07-07 17:06:38;4199494;DONE;3;4;0,000;0,000;0,000;0,000;0,000;0,000;0,000;0,000;0,000;0,000;0,000;0,000;0,000;0,000;0,000;0,000;0,000;0,000;0,000;0,000;25,69;25,06;25,50;25,19;24,81;25,50;0;0;
2026-07-07 17:06:39;4200494;DONE;3;4;0,000;0,000;0,000;0,000;0,000;0,000;0,000;0,000;0,000;0,000;0,000;0,000;0,000;0,000;0,000;0,000;0,000;0,000;0,000;0,000;25,69;25,00;25,50;25,19;24,81;25,50;0;0;
2026-07-07 17:06:40;4201494;DONE;3;4;0,000;0,000;0,000;0,000;0,000;0,000;0,000;0,000;0,000;0,000;0,000;0,000;0,000;0,000;0,000;0,000;0,000;0,000;0,000;0,000;25,69;25,00;25,50;25,19;24,87;25,50;0;0;
2026-07-07 17:06:41;4202494;DONE;3;4;0,000;0,000;0,000;0,000;0,000;0,000;0,000;0,000;0,000;0,000;0,000;0,000;0,000;0,000;0,000;0,000;0,000;0,000;0,000;0,000;25,69;25,00;25,50;25,19;24,81;25,50;0;0;
2026-07-07 17:06:42;4203494;DONE;3;4;0,000;0,000;0,000;0,000;0,000;0,000;0,000;0,000;0,000;0,000;0,000;0,000;0,000;0,000;0,000;0,000;0,000;0,000;0,000;0,000;25,69;25,00;25,56;25,19;24,81;25,44;0;0;
2026-07-07 17:06:43;4204494;DONE;3;4;0,000;0,000;0,000;0,000;0,000;0,000;0,000;0,000;0,000;0,000;0,000;0,000;0,000;0,000;0,000;0,000;0,000;0,000;0,000;0,000;25,62;25,00;25,50;25,19;24,87;25,50;0;0;
2026-07-07 17:06:44;4205494;DONE;3;4;0,000;0,000;0,000;0,000;0,000;0,000;0,000;0,000;0,000;0,000;0,000;0,000;0,000;0,000;0,000;0,000;0,000;0,000;0,000;0,000;25,69;25,06;25,56;25,19;24,81;25,50;0;0;
2026-07-07 17:06:45;4206494;DONE;3;4;0,000;0,000;0,000;0,000;0,000;0,000;0,000;0,000;0,000;0,000;0,000;0,000;0,000;0,000;0,000;0,000;0,000;0,000;0,000;0,000;25,69;25,00;25,56;25,19;24,81;25,50;0;0;
2026-07-07 17:06:46;4207494;DONE;3;4;0,000;0,000;0,000;0,000;0,000;0,000;0,000;0,000;0,000;0,000;0,000;0,000;0,000;0,000;0,000;0,000;0,000;0,000;0,000;0,000;25,69;25,06;25,56;25,19;24,87;25,50;0;0;
2026-07-07 17:06:47;4208494;DONE;3;4;0,000;0,000;0,000;0,000;0,000;0,000;0,000;0,000;0,000;0,000;0,000;0,000;0,000;0,000;0,000;0,000;0,000;0,000;0,000;0,000;25,69;25,06;25,56;25,19;24,87;25,50;0;0;
2026-07-07 17:06:48;4209494;DONE;3;4;0,000;0,000;0,000;0,000;0,000;0,000;0,000;0,000;0,000;0,000;0,000;0,000;0,000;0,000;0,000;0,000;0,000;0,000;0,000;0,000;25,69;25,00;25,56;25,19;24,81;25,50;0;0;
2026-07-07 17:06:49;4210494;DONE;3;4;0,000;0,000;0,000;0,000;0,000;0,000;0,000;0,000;0,000;0,000;0,000;0,000;0,000;0,000;0,000;0,000;0,000;0,000;0,000;0,000;25,69;25,00;25,56;25,19;24,87;25,50;0;0;
2026-07-07 17:06:50;4211494;DONE;3;4;0,000;0,000;0,000;0,000;0,000;0,000;0,000;0,000;0,000;0,000;0,000;0,000;0,000;0,000;0,000;0,000;0,000;0,000;0,000;0,000;25,69;25,06;25,56;25,19;24,87;25,50;0;0;
2026-07-07 17:06:51;4212494;DONE;3;4;0,000;0,000;0,000;0,000;0,000;0,000;0,000;0,000;0,000;0,000;0,000;0,000;0,000;0,000;0,000;0,000;0,000;0,000;0,000;0,000;25,69;25,00;25,56;25,19;24,87;25,50;0;0;
2026-07-07 17:06:52;4213494;DONE;3;4;0,000;0,000;0,000;0,000;0,000;0,000;0,000;0,000;0,000;0,000;0,000;0,000;0,000;0,000;0,000;0,000;0,000;0,000;0,000;0,000;25,69;25,06;25,56;25,19;24,87;25,50;0;0;
2026-07-07 17:06:53;4214494;DONE;3;4;0,000;0,000;0,000;0,000;0,000;0,000;0,000;0,000;0,000;0,000;0,000;0,000;0,000;0,000;0,000;0,000;0,000;0,000;0,000;0,000;25,69;25,06;25,56;25,19;24,87;25,50;0;0;
2026-07-07 17:06:54;4215494;DONE;3;4;0,000;0,000;0,000;0,000;0,000;0,000;0,000;0,000;0,000;0,000;0,000;0,000;0,000;0,000;0,000;0,000;0,000;0,000;0,000;0,000;25,69;25,06;25,56;25,25;24,87;25,50;0;0;
2026-07-07 17:06:56;4216494;DONE;3;4;0,000;0,000;0,000;0,000;0,000;0,000;0,000;0,000;0,000;0,000;0,000;0,000;0,000;0,000;0,000;0,000;0,000;0,000;0,000;0,000;25,69;25,06;25,56;25,19;24,87;25,50;0;0;
2026-07-07 17:06:56;4217494;DONE;3;4;0,000;0,000;0,000;0,000;0,000;0,000;0,000;0,000;0,000;0,000;0,000;0,000;0,000;0,000;0,000;0,000;0,000;0,000;0,000;0,000;25,69;25,06;25,56;25,19;24,87;25,50;0;0;
2026-07-07 17:06:58;4218494;DONE;3;4;0,000;0,000;0,000;0,000;0,000;0,000;0,000;0,000;0,000;0,000;0,000;0,000;0,000;0,000;0,000;0,000;0,000;0,000;0,000;0,000;25,69;25,00;25,56;25,19;24,87;25,50;0;0;
2026-07-07 17:06:58;4219494;DONE;3;4;0,000;0,000;0,000;0,000;0,000;0,000;0,000;0,000;0,000;0,000;0,000;0,000;0,000;0,000;0,000;0,000;0,000;0,000;0,000;0,000;25,69;25,06;25,56;25,19;24,87;25,50;0;0;
2026-07-07 17:07:00;4220494;DONE;3;4;0,000;0,000;0,000;0,000;0,000;0,000;0,000;0,000;0,000;0,000;0,000;0,000;0,000;0,000;0,000;0,000;0,000;0,000;0,000;0,000;25,69;25,06;25,56;25,19;24,87;25,50;0;0;
2026-07-07 17:07:00;4221494;DONE;3;4;0,000;0,000;0,000;0,000;0,000;0,000;0,000;0,000;0,000;0,000;0,000;0,000;0,000;0,000;0,000;0,000;0,000;0,000;0,000;0,000;25,69;25,06;25,56;25,19;24,87;25,50;0;0;
2026-07-07 17:07:02;4222494;DONE;3;4;0,000;0,000;0,000;0,000;0,000;0,000;0,000;0,000;0,000;0,000;0,000;0,000;0,000;0,000;0,000;0,000;0,000;0,000;0,000;0,000;25,69;25,06;25,56;25,19;24,87;25,50;0;0;
2026-07-07 17:07:02;4223494;DONE;3;4;0,000;0,000;0,000;0,000;0,000;0,000;0,000;0,000;0,000;0,000;0,000;0,000;0,000;0,000;0,000;0,000;0,000;0,000;0,000;0,000;25,69;25,06;25,56;25,19;24,87;25,50;0;0;
2026-07-07 17:07:03;4224494;DONE;3;4;0,000;0,000;0,000;0,000;0,000;0,000;0,000;0,000;0,000;0,000;0,000;0,000;0,000;0,000;0,000;0,000;0,000;0,000;0,000;0,000;25,69;25,06;25,56;25,19;24,87;25,50;0;0;
2026-07-07 17:07:04;4225494;DONE;3;4;0,000;0,000;0,000;0,000;0,000;0,000;0,000;0,000;0,000;0,000;0,000;0,000;0,000;0,000;0,000;0,000;0,000;0,000;0,000;0,000;25,69;25,00;25,56;25,19;24,87;25,50;0;0;
2026-07-07 17:07:05;4226494;DONE;3;4;0,000;0,000;0,000;0,000;0,000;0,000;0,000;0,000;0,000;0,000;0,000;0,000;0,000;0,000;0,000;0,000;0,000;0,000;0,000;0,000;25,69;25,06;25,56;25,19;24,87;25,50;0;0;
2026-07-07 17:07:06;4227494;DONE;3;4;0,000;0,000;0,000;0,000;0,000;0,000;0,000;0,000;0,000;0,000;0,000;0,000;0,000;0,000;0,000;0,000;0,000;0,000;0,000;0,000;25,69;25,06;25,56;25,19;24,87;25,50;0;0;
2026-07-07 17:07:07;4228494;DONE;3;4;0,000;0,000;0,000;0,000;0,000;0,000;0,000;0,000;0,000;0,000;0,000;0,000;0,000;0,000;0,000;0,000;0,000;0,000;0,000;0,000;25,69;25,06;25,56;25,25;24,87;25,50;0;0;
2026-07-07 17:07:08;4229494;DONE;3;4;0,000;0,000;0,000;0,000;0,000;0,000;0,000;0,000;0,000;0,000;0,000;0,000;0,000;0,000;0,000;0,000;0,000;0,000;0,000;0,000;25,69;25,06;25,56;25,19;24,87;25,50;0;0;
2026-07-07 17:07:09;4230494;DONE;3;4;0,000;0,000;0,000;0,000;0,000;0,000;0,000;0,000;0,000;0,000;0,000;0,000;0,000;0,000;0,000;0,000;0,000;0,000;0,000;0,000;25,69;25,06;25,56;25,19;24,87;25,50;0;0;
2026-07-07 17:07:10;4231494;DONE;3;4;0,000;0,000;0,000;0,000;0,000;0,000;0,000;0,000;0,000;0,000;0,000;0,000;0,000;0,000;0,000;0,000;0,000;0,000;0,000;0,000;25,69;25,06;25,56;25,19;24,87;25,50;0;0;
2026-07-07 17:07:11;4232494;DONE;3;4;0,000;0,000;0,000;0,000;0,000;0,000;0,000;0,000;0,000;0,000;0,000;0,000;0,000;0,000;0,000;0,000;0,000;0,000;0,000;0,000;25,69;25,06;25,56;25,25;24,87;25,50;0;0;
2026-07-07 17:07:12;4233494;DONE;3;4;0,000;0,000;0,000;0,000;0,000;0,000;0,000;0,000;0,000;0,000;0,000;0,000;0,000;0,000;0,000;0,000;0,000;0,000;0,000;0,000;25,69;25,06;25,56;25,19;24,87;25,50;0;0;
2026-07-07 17:07:13;4234494;DONE;3;4;0,000;0,000;0,000;0,000;0,000;0,000;0,000;0,000;0,000;0,000;0,000;0,000;0,000;0,000;0,000;0,000;0,000;0,000;0,000;0,000;25,69;25,06;25,56;25,25;24,94;25,50;0;0;
2026-07-07 17:07:14;4235494;DONE;3;4;0,000;0,000;0,000;0,000;0,000;0,000;0,000;0,000;0,000;0,000;0,000;0,000;0,000;0,000;0,000;0,000;0,000;0,000;0,000;0,000;25,69;25,06;25,56;25,25;24,87;25,50;0;0;
2026-07-07 17:07:15;4236494;DONE;3;4;0,000;0,000;0,000;0,000;0,000;0,000;0,000;0,000;0,000;0,000;0,000;0,000;0,000;0,000;0,000;0,000;0,000;0,000;0,000;0,000;25,69;25,06;25,56;25,25;24,94;25,50;0;0;
2026-07-07 17:07:16;4237494;DONE;3;4;0,000;0,000;0,000;0,000;0,000;0,000;0,000;0,000;0,000;0,000;0,000;0,000;0,000;0,000;0,000;0,000;0,000;0,000;0,000;0,000;25,69;25,06;25,56;25,25;24,94;25,50;0;0;
2026-07-07 17:07:18;4238494;DONE;3;4;0,000;0,000;0,000;0,000;0,000;0,000;0,000;0,000;0,000;0,000;0,000;0,000;0,000;0,000;0,000;0,000;0,000;0,000;0,000;0,000;25,69;25,06;25,56;25,19;24,94;25,50;0;0;
2026-07-07 17:07:18;4239494;DONE;3;4;0,000;0,000;0,000;0,000;0,000;0,000;0,000;0,000;0,000;0,000;0,000;0,000;0,000;0,000;0,000;0,000;0,000;0,000;0,000;0,000;25,69;25,06;25,56;25,25;24,87;25,50;0;0;
2026-07-07 17:07:20;4240494;DONE;3;4;0,000;0,000;0,000;0,000;0,000;0,000;0,000;0,000;0,000;0,000;0,000;0,000;0,000;0,000;0,000;0,000;0,000;0,000;0,000;0,000;25,69;25,06;25,56;25,25;24,94;25,50;0;0;
2026-07-07 17:07:20;4241494;DONE;3;4;0,000;0,000;0,000;0,000;0,000;0,000;0,000;0,000;0,000;0,000;0,000;0,000;0,000;0,000;0,000;0,000;0,000;0,000;0,000;0,000;25,69;25,06;25,56;25,25;24,94;25,50;0;0;
2026-07-07 17:07:22;4242494;DONE;3;4;0,000;0,000;0,000;0,000;0,000;0,000;0,000;0,000;0,000;0,000;0,000;0,000;0,000;0,000;0,000;0,000;0,000;0,000;0,000;0,000;25,69;25,06;25,56;25,25;24,94;25,50;0;0;
2026-07-07 17:07:22;4243494;DONE;3;4;0,000;0,000;0,000;0,000;0,000;0,000;0,000;0,000;0,000;0,000;0,000;0,000;0,000;0,000;0,000;0,000;0,000;0,000;0,000;0,000;25,69;25,06;25,56;25,25;24,94;25,50;0;0;
2026-07-07 17:07:24;4244494;DONE;3;4;0,000;0,000;0,000;0,000;0,000;0,000;0,000;0,000;0,000;0,000;0,000;0,000;0,000;0,000;0,000;0,000;0,000;0,000;0,000;0,000;25,69;25,12;25,56;25,19;24,94;25,56;0;0;
2026-07-07 17:07:24;4245494;DONE;3;4;0,000;0,000;0,000;0,000;0,000;0,000;0,000;0,000;0,000;0,000;0,000;0,000;0,000;0,000;0,000;0,000;0,000;0,000;0,000;0,000;25,69;25,06;25,56;25,25;24,87;25,50;0;0;
2026-07-07 17:07:26;4246494;DONE;3;4;0,000;0,000;0,000;0,000;0,000;0,000;0,000;0,000;0,000;0,000;0,000;0,000;0,000;0,000;0,000;0,000;0,000;0,000;0,000;0,000;25,69;25,06;25,56;25,25;24,94;25,56;0;0;
2026-07-07 17:07:26;4247494;DONE;3;4;0,000;0,000;0,000;0,000;0,000;0,000;0,000;0,000;0,000;0,000;0,000;0,000;0,000;0,000;0,000;0,000;0,000;0,000;0,000;0,000;25,69;25,06;25,56;25,25;24,94;25,56;0;0;
2026-07-07 17:07:28;4248494;DONE;3;4;0,000;0,000;0,000;0,000;0,000;0,000;0,000;0,000;0,000;0,000;0,000;0,000;0,000;0,000;0,000;0,000;0,000;0,000;0,000;0,000;25,69;25,06;25,56;25,25;24,94;25,56;0;0;
2026-07-07 17:07:28;4249494;DONE;3;4;0,000;0,000;0,000;0,000;0,000;0,000;0,000;0,000;0,000;0,000;0,000;0,000;0,000;0,000;0,000;0,000;0,000;0,000;0,000;0,000;25,69;25,06;25,56;25,25;24,94;25,56;0;0;
2026-07-07 17:07:30;4250494;DONE;3;4;0,000;0,000;0,000;0,000;0,000;0,000;0,000;0,000;0,000;0,000;0,000;0,000;0,000;0,000;0,000;0,000;0,000;0,000;0,000;0,000;25,75;25,12;25,56;25,25;24,94;25,50;0;0;
2026-07-07 17:07:30;4251494;DONE;3;4;0,000;0,000;0,000;0,000;0,000;0,000;0,000;0,000;0,000;0,000;0,000;0,000;0,000;0,000;0,000;0,000;0,000;0,000;0,000;0,000;25,69;25,06;25,56;25,25;24,94;25,56;0;0;
2026-07-07 17:07:31;4252494;DONE;3;4;0,000;0,000;0,000;0,000;0,000;0,000;0,000;0,000;0,000;0,000;0,000;0,000;0,000;0,000;0,000;0,000;0,000;0,000;0,000;0,000;25,75;25,06;25,56;25,19;24,94;25,56;0;0;
2026-07-07 17:07:32;4253494;DONE;3;4;0,000;0,000;0,000;0,000;0,000;0,000;0,000;0,000;0,000;0,000;0,000;0,000;0,000;0,000;0,000;0,000;0,000;0,000;0,000;0,000;25,75;25,12;25,56;25,25;24,94;25,50;0;0;
2026-07-07 17:07:33;4254494;DONE;3;4;0,000;0,000;0,000;0,000;0,000;0,000;0,000;0,000;0,000;0,000;0,000;0,000;0,000;0,000;0,000;0,000;0,000;0,000;0,000;0,000;25,69;25,12;25,56;25,25;24,94;25,50;0;0;
2026-07-07 17:07:34;4255494;DONE;3;4;0,000;0,000;0,000;0,000;0,000;0,000;0,000;0,000;0,000;0,000;0,000;0,000;0,000;0,000;0,000;0,000;0,000;0,000;0,000;0,000;25,75;25,12;25,56;25,25;24,94;25,56;0;0;
2026-07-07 17:07:35;4256494;DONE;3;4;0,000;0,000;0,000;0,000;0,000;0,000;0,000;0,000;0,000;0,000;0,000;0,000;0,000;0,000;0,000;0,000;0,000;0,000;0,000;0,000;25,75;25,12;25,56;25,25;24,94;25,56;0;0;
2026-07-07 17:07:36;4257494;DONE;3;4;0,000;0,000;0,000;0,000;0,000;0,000;0,000;0,000;0,000;0,000;0,000;0,000;0,000;0,000;0,000;0,000;0,000;0,000;0,000;0,000;25,69;25,06;25,56;25,25;24,94;25,56;0;0;
2026-07-07 17:07:37;4258494;DONE;3;4;0,000;0,000;0,000;0,000;0,000;0,000;0,000;0,000;0,000;0,000;0,000;0,000;0,000;0,000;0,000;0,000;0,000;0,000;0,000;0,000;25,75;25,12;25,62;25,25;24,94;25,56;0;0;
2026-07-07 17:07:38;4259494;DONE;3;4;0,000;0,000;0,000;0,000;0,000;0,000;0,000;0,000;0,000;0,000;0,000;0,000;0,000;0,000;0,000;0,000;0,000;0,000;0,000;0,000;25,69;25,12;25,56;25,25;24,94;25,56;0;0;
2026-07-07 17:07:39;4260494;DONE;3;4;0,000;0,000;0,000;0,000;0,000;0,000;0,000;0,000;0,000;0,000;0,000;0,000;0,000;0,000;0,000;0,000;0,000;0,000;0,000;0,000;25,75;25,12;25,56;25,25;24,94;25,56;0;0;
2026-07-07 17:07:40;4261494;DONE;3;4;0,000;0,000;0,000;0,000;0,000;0,000;0,000;0,000;0,000;0,000;0,000;0,000;0,000;0,000;0,000;0,000;0,000;0,000;0,000;0,000;25,75;25,12;25,62;25,25;24,94;25,56;0;0;
2026-07-07 17:07:41;4262494;DONE;3;4;0,000;0,000;0,000;0,000;0,000;0,000;0,000;0,000;0,000;0,000;0,000;0,000;0,000;0,000;0,000;0,000;0,000;0,000;0,000;0,000;25,75;25,12;25,62;25,25;24,94;25,56;0;0;
2026-07-07 17:07:42;4263494;DONE;3;4;0,000;0,000;0,000;0,000;0,000;0,000;0,000;0,000;0,000;0,000;0,000;0,000;0,000;0,000;0,000;0,000;0,000;0,000;0,000;0,000;25,75;25,12;25,56;25,25;24,94;25,56;0;0;
2026-07-07 17:07:43;4264494;DONE;3;4;0,000;0,000;0,000;0,000;0,000;0,000;0,000;0,000;0,000;0,000;0,000;0,000;0,000;0,000;0,000;0,000;0,000;0,000;0,000;0,000;25,75;25,12;25,56;25,25;24,94;25,56;0;0;
2026-07-07 17:07:44;4265494;DONE;3;4;0,000;0,000;0,000;0,000;0,000;0,000;0,000;0,000;0,000;0,000;0,000;0,000;0,000;0,000;0,000;0,000;0,000;0,000;0,000;0,000;25,75;25,12;25,56;25,25;24,94;25,56;0;0;
2026-07-07 17:07:45;4266494;DONE;3;4;0,000;0,000;0,000;0,000;0,000;0,000;0,000;0,000;0,000;0,000;0,000;0,000;0,000;0,000;0,000;0,000;0,000;0,000;0,000;0,000;25,75;25,12;25,62;25,25;24,94;25,56;0;0;
2026-07-07 17:07:46;4267494;DONE;3;4;0,000;0,000;0,000;0,000;0,000;0,000;0,000;0,000;0,000;0,000;0,000;0,000;0,000;0,000;0,000;0,000;0,000;0,000;0,000;0,000;25,75;25,12;25,62;25,25;24,94;25,56;0;0;
2026-07-07 17:07:48;4268494;DONE;3;4;0,000;0,000;0,000;0,000;0,000;0,000;0,000;0,000;0,000;0,000;0,000;0,000;0,000;0,000;0,000;0,000;0,000;0,000;0,000;0,000;25,75;25,12;25,62;25,25;24,94;25,56;0;0;
2026-07-07 17:07:48;4269494;DONE;3;4;0,000;0,000;0,000;0,000;0,000;0,000;0,000;0,000;0,000;0,000;0,000;0,000;0,000;0,000;0,000;0,000;0,000;0,000;0,000;0,000;25,75;25,12;25,56;25,25;24,94;25,56;0;0;
2026-07-07 17:07:49;4270494;DONE;3;4;0,000;0,000;0,000;0,000;0,000;0,000;0,000;0,000;0,000;0,000;0,000;0,000;0,000;0,000;0,000;0,000;0,000;0,000;0,000;0,000;25,75;25,12;25,56;25,25;24,94;25,56;0;0;
2026-07-07 17:07:50;4271494;DONE;3;4;0,000;0,000;0,000;0,000;0,000;0,000;0,000;0,000;0,000;0,000;0,000;0,000;0,000;0,000;0,000;0,000;0,000;0,000;0,000;0,000;25,75;25,12;25,56;25,25;24,94;25,56;0;0;
2026-07-07 17:07:51;4272494;DONE;3;4;0,000;0,000;0,000;0,000;0,000;0,000;0,000;0,000;0,000;0,000;0,000;0,000;0,000;0,000;0,000;0,000;0,000;0,000;0,000;0,000;25,75;25,12;25,62;25,25;24,94;25,56;0;0;
2026-07-07 17:07:52;4273494;DONE;3;4;0,000;0,000;0,000;0,000;0,000;0,000;0,000;0,000;0,000;0,000;0,000;0,000;0,000;0,000;0,000;0,000;0,000;0,000;0,000;0,000;25,75;25,12;25,62;25,25;24,94;25,56;0;0;
2026-07-07 17:07:54;4274494;DONE;3;4;0,000;0,000;0,000;0,000;0,000;0,000;0,000;0,000;0,000;0,000;0,000;0,000;0,000;0,000;0,000;0,000;0,000;0,000;0,000;0,000;25,75;25,12;25,62;25,25;24,94;25,56;0;0;
2026-07-07 17:07:54;4275494;DONE;3;4;0,000;0,000;0,000;0,000;0,000;0,000;0,000;0,000;0,000;0,000;0,000;0,000;0,000;0,000;0,000;0,000;0,000;0,000;0,000;0,000;25,75;25,12;25,62;25,25;24,94;25,56;0;0;
2026-07-07 17:07:55;4276494;DONE;3;4;0,000;0,000;0,000;0,000;0,000;0,000;0,000;0,000;0,000;0,000;0,000;0,000;0,000;0,000;0,000;0,000;0,000;0,000;0,000;0,000;25,75;25,12;25,62;25,25;24,94;25,56;0;0;
2026-07-07 17:07:56;4277494;DONE;3;4;0,000;0,000;0,000;0,000;0,000;0,000;0,000;0,000;0,000;0,000;0,000;0,000;0,000;0,000;0,000;0,000;0,000;0,000;0,000;0,000;25,75;25,12;25,62;25,25;24,94;25,56;0;0;
2026-07-07 17:07:57;4278494;DONE;3;4;0,000;0,000;0,000;0,000;0,000;0,000;0,000;0,000;0,000;0,000;0,000;0,000;0,000;0,000;0,000;0,000;0,000;0,000;0,000;0,000;25,75;25,12;25,62;25,25;24,94;25,56;0;0;
2026-07-07 17:07:58;4279494;DONE;3;4;0,000;0,000;0,000;0,000;0,000;0,000;0,000;0,000;0,000;0,000;0,000;0,000;0,000;0,000;0,000;0,000;0,000;0,000;0,000;0,000;25,75;25,19;25,62;25,25;24,94;25,56;0;0;
2026-07-07 17:07:59;4280494;DONE;3;4;0,000;0,000;0,000;0,000;0,000;0,000;0,000;0,000;0,000;0,000;0,000;0,000;0,000;0,000;0,000;0,000;0,000;0,000;0,000;0,000;25,75;25,12;25,62;25,25;25,00;25,56;0;0;
2026-07-07 17:08:00;4281494;DONE;3;4;0,000;0,000;0,000;0,000;0,000;0,000;0,000;0,000;0,000;0,000;0,000;0,000;0,000;0,000;0,000;0,000;0,000;0,000;0,000;0,000;25,75;25,12;25,62;25,25;24,94;25,56;0;0;
2026-07-07 17:08:01;4282494;DONE;3;4;0,000;0,000;0,000;0,000;0,000;0,000;0,000;0,000;0,000;0,000;0,000;0,000;0,000;0,000;0,000;0,000;0,000;0,000;0,000;0,000;25,75;25,12;25,62;25,25;24,94;25,56;0;0;
2026-07-07 17:08:02;4283494;DONE;3;4;0,000;0,000;0,000;0,000;0,000;0,000;0,000;0,000;0,000;0,000;0,000;0,000;0,000;0,000;0,000;0,000;0,000;0,000;0,000;0,000;25,75;25,12;25,62;25,25;25,00;25,56;0;0;
2026-07-07 17:08:03;4284494;DONE;3;4;0,000;0,000;0,000;0,000;0,000;0,000;0,000;0,000;0,000;0,000;0,000;0,000;0,000;0,000;0,000;0,000;0,000;0,000;0,000;0,000;25,75;25,12;25,62;25,25;25,00;25,56;0;0;
2026-07-07 17:08:04;4285494;DONE;3;4;0,000;0,000;0,000;0,000;0,000;0,000;0,000;0,000;0,000;0,000;0,000;0,000;0,000;0,000;0,000;0,000;0,000;0,000;0,000;0,000;25,75;25,19;25,62;25,25;24,94;25,56;0;0;
2026-07-07 17:08:05;4286494;DONE;3;4;0,000;0,000;0,000;0,000;0,000;0,000;0,000;0,000;0,000;0,000;0,000;0,000;0,000;0,000;0,000;0,000;0,000;0,000;0,000;0,000;25,75;25,12;25,62;25,25;24,94;25,56;0;0;
2026-07-07 17:08:06;4287494;DONE;3;4;0,000;0,000;0,000;0,000;0,000;0,000;0,000;0,000;0,000;0,000;0,000;0,000;0,000;0,000;0,000;0,000;0,000;0,000;0,000;0,000;25,75;25,12;25,62;25,25;24,94;25,56;0;0;
2026-07-07 17:08:07;4288494;DONE;3;4;0,000;0,000;0,000;0,000;0,000;0,000;0,000;0,000;0,000;0,000;0,000;0,000;0,000;0,000;0,000;0,000;0,000;0,000;0,000;0,000;25,75;25,19;25,62;25,31;24,94;25,56;0;0;
2026-07-07 17:08:08;4289494;DONE;3;4;0,000;0,000;0,000;0,000;0,000;0,000;0,000;0,000;0,000;0,000;0,000;0,000;0,000;0,000;0,000;0,000;0,000;0,000;0,000;0,000;25,75;25,19;25,62;25,25;25,00;25,56;0;0;
2026-07-07 17:08:09;4290494;DONE;3;4;0,000;0,000;0,000;0,000;0,000;0,000;0,000;0,000;0,000;0,000;0,000;0,000;0,000;0,000;0,000;0,000;0,000;0,000;0,000;0,000;25,75;25,19;25,62;25,25;25,00;25,56;0;0;
2026-07-07 17:08:10;4291494;DONE;3;4;0,000;0,000;0,000;0,000;0,000;0,000;0,000;0,000;0,000;0,000;0,000;0,000;0,000;0,000;0,000;0,000;0,000;0,000;0,000;0,000;25,75;25,19;25,62;25,25;25,00;25,56;0;0;
2026-07-07 17:08:11;4292494;DONE;3;4;0,000;0,000;0,000;0,000;0,000;0,000;0,000;0,000;0,000;0,000;0,000;0,000;0,000;0,000;0,000;0,000;0,000;0,000;0,000;0,000;25,75;25,19;25,62;25,25;24,94;25,56;0;0;
2026-07-07 17:08:12;4293494;DONE;3;4;0,000;0,000;0,000;0,000;0,000;0,000;0,000;0,000;0,000;0,000;0,000;0,000;0,000;0,000;0,000;0,000;0,000;0,000;0,000;0,000;25,75;25,12;25,62;25,25;24,94;25,62;0;0;
2026-07-07 17:08:13;4294494;DONE;3;4;0,000;0,000;0,000;0,000;0,000;0,000;0,000;0,000;0,000;0,000;0,000;0,000;0,000;0,000;0,000;0,000;0,000;0,000;0,000;0,000;25,75;25,19;25,62;25,25;25,00;25,56;0;0;
2026-07-07 17:08:14;4295494;DONE;3;4;0,000;0,000;0,000;0,000;0,000;0,000;0,000;0,000;0,000;0,000;0,000;0,000;0,000;0,000;0,000;0,000;0,000;0,000;0,000;0,000;25,75;25,19;25,62;25,31;25,00;25,56;0;0;
2026-07-07 17:08:15;4296494;DONE;3;4;0,000;0,000;0,000;0,000;0,000;0,000;0,000;0,000;0,000;0,000;0,000;0,000;0,000;0,000;0,000;0,000;0,000;0,000;0,000;0,000;25,75;25,19;25,62;25,31;25,00;25,62;0;0;
2026-07-07 17:08:17;4297494;DONE;3;4;0,000;0,000;0,000;0,000;0,000;0,000;0,000;0,000;0,000;0,000;0,000;0,000;0,000;0,000;0,000;0,000;0,000;0,000;0,000;0,000;25,75;25,19;25,62;25,25;25,00;25,56;0;0;
2026-07-07 17:08:17;4298494;DONE;3;4;0,000;0,000;0,000;0,000;0,000;0,000;0,000;0,000;0,000;0,000;0,000;0,000;0,000;0,000;0,000;0,000;0,000;0,000;0,000;0,000;25,75;25,19;25,62;25,31;25,00;25,56;0;0;
2026-07-07 17:08:18;4299494;DONE;3;4;0,000;0,000;0,000;0,000;0,000;0,000;0,000;0,000;0,000;0,000;0,000;0,000;0,000;0,000;0,000;0,000;0,000;0,000;0,000;0,000;25,75;25,19;25,62;25,31;25,00;25,56;0;0;
2026-07-07 17:08:19;4300494;DONE;3;4;0,000;0,000;0,000;0,000;0,000;0,000;0,000;0,000;0,000;0,000;0,000;0,000;0,000;0,000;0,000;0,000;0,000;0,000;0,000;0,000;25,75;25,19;25,62;25,31;25,00;25,56;0;0;
2026-07-07 17:08:20;4301494;DONE;3;4;0,000;0,000;0,000;0,000;0,000;0,000;0,000;0,000;0,000;0,000;0,000;0,000;0,000;0,000;0,000;0,000;0,000;0,000;0,000;0,000;25,75;25,19;25,62;25,25;25,00;25,56;0;0;
2026-07-07 17:08:21;4302494;DONE;3;4;0,000;0,000;0,000;0,000;0,000;0,000;0,000;0,000;0,000;0,000;0,000;0,000;0,000;0,000;0,000;0,000;0,000;0,000;0,000;0,000;25,75;25,19;25,62;25,31;25,00;25,56;0;0;
2026-07-07 17:08:22;4303494;DONE;3;4;0,000;0,000;0,000;0,000;0,000;0,000;0,000;0,000;0,000;0,000;0,000;0,000;0,000;0,000;0,000;0,000;0,000;0,000;0,000;0,000;25,75;25,19;25,62;25,31;25,00;25,62;0;0;
2026-07-07 17:08:23;4304494;DONE;3;4;0,000;0,000;0,000;0,000;0,000;0,000;0,000;0,000;0,000;0,000;0,000;0,000;0,000;0,000;0,000;0,000;0,000;0,000;0,000;0,000;25,75;25,19;25,62;25,31;25,00;25,62;0;0;
2026-07-07 17:08:24;4305494;DONE;3;4;0,000;0,000;0,000;0,000;0,000;0,000;0,000;0,000;0,000;0,000;0,000;0,000;0,000;0,000;0,000;0,000;0,000;0,000;0,000;0,000;25,81;25,19;25,62;25,31;25,00;25,56;0;0;
2026-07-07 17:08:25;4306494;DONE;3;4;0,000;0,000;0,000;0,000;0,000;0,000;0,000;0,000;0,000;0,000;0,000;0,000;0,000;0,000;0,000;0,000;0,000;0,000;0,000;0,000;25,75;25,19;25,62;25,25;25,00;25,56;0;0;
2026-07-07 17:08:26;4307494;DONE;3;4;0,000;0,000;0,000;0,000;0,000;0,000;0,000;0,000;0,000;0,000;0,000;0,000;0,000;0,000;0,000;0,000;0,000;0,000;0,000;0,000;25,75;25,19;25,62;25,31;25,00;25,62;0;0;
2026-07-07 17:08:27;4308494;DONE;3;4;0,000;0,000;0,000;0,000;0,000;0,000;0,000;0,000;0,000;0,000;0,000;0,000;0,000;0,000;0,000;0,000;0,000;0,000;0,000;0,000;25,81;25,19;25,62;25,31;25,00;25,62;0;0;
2026-07-07 17:08:28;4309494;DONE;3;4;0,000;0,000;0,000;0,000;0,000;0,000;0,000;0,000;0,000;0,000;0,000;0,000;0,000;0,000;0,000;0,000;0,000;0,000;0,000;0,000;25,75;25,19;25,62;25,25;25,00;25,62;0;0;
2026-07-07 17:08:29;4310494;DONE;3;4;0,000;0,000;0,000;0,000;0,000;0,000;0,000;0,000;0,000;0,000;0,000;0,000;0,000;0,000;0,000;0,000;0,000;0,000;0,000;0,000;25,81;25,19;25,62;25,31;25,00;25,62;0;0;
2026-07-07 17:08:30;4311494;DONE;3;4;0,000;0,000;0,000;0,000;0,000;0,000;0,000;0,000;0,000;0,000;0,000;0,000;0,000;0,000;0,000;0,000;0,000;0,000;0,000;0,000;25,75;25,19;25,62;25,31;25,00;25,62;0;0;
2026-07-07 17:08:31;4312494;DONE;3;4;0,000;0,000;0,000;0,000;0,000;0,000;0,000;0,000;0,000;0,000;0,000;0,000;0,000;0,000;0,000;0,000;0,000;0,000;0,000;0,000;25,75;25,19;25,62;25,31;25,00;25,62;0;0;
2026-07-07 17:08:33;4313494;DONE;3;4;0,000;0,000;0,000;0,000;0,000;0,000;0,000;0,000;0,000;0,000;0,000;0,000;0,000;0,000;0,000;0,000;0,000;0,000;0,000;0,000;25,81;25,19;25,69;25,31;25,00;25,62;0;0;
2026-07-07 17:08:33;4314494;DONE;3;4;0,000;0,000;0,000;0,000;0,000;0,000;0,000;0,000;0,000;0,000;0,000;0,000;0,000;0,000;0,000;0,000;0,000;0,000;0,000;0,000;25,81;25,19;25,69;25,31;25,00;25,62;0;0;
2026-07-07 17:08:35;4315494;DONE;3;4;0,000;0,000;0,000;0,000;0,000;0,000;0,000;0,000;0,000;0,000;0,000;0,000;0,000;0,000;0,000;0,000;0,000;0,000;0,000;0,000;25,81;25,19;25,62;25,31;25,00;25,62;0;0;
2026-07-07 17:08:35;4316494;DONE;3;4;0,000;0,000;0,000;0,000;0,000;0,000;0,000;0,000;0,000;0,000;0,000;0,000;0,000;0,000;0,000;0,000;0,000;0,000;0,000;0,000;25,75;25,19;25,62;25,31;25,00;25,62;0;0;
2026-07-07 17:08:37;4317494;DONE;3;4;0,000;0,000;0,000;0,000;0,000;0,000;0,000;0,000;0,000;0,000;0,000;0,000;0,000;0,000;0,000;0,000;0,000;0,000;0,000;0,000;25,81;25,19;25,69;25,31;25,00;25,62;0;0;
2026-07-07 17:08:37;4318494;DONE;3;4;0,000;0,000;0,000;0,000;0,000;0,000;0,000;0,000;0,000;0,000;0,000;0,000;0,000;0,000;0,000;0,000;0,000;0,000;0,000;0,000;25,81;25,19;25,69;25,31;25,00;25,62;0;0;
2026-07-07 17:08:39;4319494;DONE;3;4;0,000;0,000;0,000;0,000;0,000;0,000;0,000;0,000;0,000;0,000;0,000;0,000;0,000;0,000;0,000;0,000;0,000;0,000;0,000;0,000;25,81;25,19;25,69;25,31;25,00;25,62;0;0;
2026-07-07 17:08:40;4320494;DONE;3;4;0,000;0,000;0,000;0,000;0,000;0,000;0,000;0,000;0,000;0,000;0,000;0,000;0,000;0,000;0,000;0,000;0,000;0,000;0,000;0,000;25,81;25,19;25,69;25,31;25,00;25,62;0;0;
2026-07-07 17:08:41;4321494;DONE;3;4;0,000;0,000;0,000;0,000;0,000;0,000;0,000;0,000;0,000;0,000;0,000;0,000;0,000;0,000;0,000;0,000;0,000;0,000;0,000;0,000;25,81;25,19;25,69;25,31;25,00;25,62;0;0;
2026-07-07 17:08:41;4322494;DONE;3;4;0,000;0,000;0,000;0,000;0,000;0,000;0,000;0,000;0,000;0,000;0,000;0,000;0,000;0,000;0,000;0,000;0,000;0,000;0,000;0,000;25,81;25,19;25,62;25,31;25,00;25,62;0;0;
2026-07-07 17:08:43;4323494;DONE;3;4;0,000;0,000;0,000;0,000;0,000;0,000;0,000;0,000;0,000;0,000;0,000;0,000;0,000;0,000;0,000;0,000;0,000;0,000;0,000;0,000;25,75;25,19;25,69;25,31;25,00;25,62;0;0;
2026-07-07 17:08:43;4324494;DONE;3;4;0,000;0,000;0,000;0,000;0,000;0,000;0,000;0,000;0,000;0,000;0,000;0,000;0,000;0,000;0,000;0,000;0,000;0,000;0,000;0,000;25,81;25,19;25,69;25,31;25,00;25,62;0;0;
2026-07-07 17:08:45;4325494;DONE;3;4;0,000;0,000;0,000;0,000;0,000;0,000;0,000;0,000;0,000;0,000;0,000;0,000;0,000;0,000;0,000;0,000;0,000;0,000;0,000;0,000;25,81;25,19;25,69;25,31;25,00;25,62;0;0;
2026-07-07 17:08:45;4326494;DONE;3;4;0,000;0,000;0,000;0,000;0,000;0,000;0,000;0,000;0,000;0,000;0,000;0,000;0,000;0,000;0,000;0,000;0,000;0,000;0,000;0,000;25,81;25,19;25,69;25,31;25,00;25,62;0;0;
2026-07-07 17:08:47;4327494;DONE;3;4;0,000;0,000;0,000;0,000;0,000;0,000;0,000;0,000;0,000;0,000;0,000;0,000;0,000;0,000;0,000;0,000;0,000;0,000;0,000;0,000;25,81;25,19;25,69;25,31;25,00;25,62;0;0;
2026-07-07 17:08:47;4328494;DONE;3;4;0,000;0,000;0,000;0,000;0,000;0,000;0,000;0,000;0,000;0,000;0,000;0,000;0,000;0,000;0,000;0,000;0,000;0,000;0,000;0,000;25,81;25,19;25,69;25,31;25,00;25,62;0;0;
2026-07-07 17:08:49;4329494;DONE;3;4;0,000;0,000;0,000;0,000;0,000;0,000;0,000;0,000;0,000;0,000;0,000;0,000;0,000;0,000;0,000;0,000;0,000;0,000;0,000;0,000;25,81;25,19;25,69;25,31;25,00;25,62;0;0;
2026-07-07 17:08:49;4330494;DONE;3;4;0,000;0,000;0,000;0,000;0,000;0,000;0,000;0,000;0,000;0,000;0,000;0,000;0,000;0,000;0,000;0,000;0,000;0,000;0,000;0,000;25,81;25,19;25,69;25,31;25,00;25,62;0;0;
2026-07-07 17:08:51;4331494;DONE;3;4;0,000;0,000;0,000;0,000;0,000;0,000;0,000;0,000;0,000;0,000;0,000;0,000;0,000;0,000;0,000;0,000;0,000;0,000;0,000;0,000;25,81;25,19;25,69;25,31;25,00;25,62;0;0;
2026-07-07 17:08:51;4332494;DONE;3;4;0,000;0,000;0,000;0,000;0,000;0,000;0,000;0,000;0,000;0,000;0,000;0,000;0,000;0,000;0,000;0,000;0,000;0,000;0,000;0,000;25,81;25,19;25,69;25,31;25,00;25,62;0;0;
2026-07-07 17:08:53;4333494;DONE;3;4;0,000;0,000;0,000;0,000;0,000;0,000;0,000;0,000;0,000;0,000;0,000;0,000;0,000;0,000;0,000;0,000;0,000;0,000;0,000;0,000;25,81;25,25;25,69;25,31;25,00;25,62;0;0;
2026-07-07 17:08:53;4334494;DONE;3;4;0,000;0,000;0,000;0,000;0,000;0,000;0,000;0,000;0,000;0,000;0,000;0,000;0,000;0,000;0,000;0,000;0,000;0,000;0,000;0,000;25,81;25,19;25,69;25,31;25,00;25,62;0;0;
2026-07-07 17:08:55;4335494;DONE;3;4;0,000;0,000;0,000;0,000;0,000;0,000;0,000;0,000;0,000;0,000;0,000;0,000;0,000;0,000;0,000;0,000;0,000;0,000;0,000;0,000;25,81;25,25;25,69;25,31;25,00;25,62;0;0;
2026-07-07 17:08:55;4336494;DONE;3;4;0,000;0,000;0,000;0,000;0,000;0,000;0,000;0,000;0,000;0,000;0,000;0,000;0,000;0,000;0,000;0,000;0,000;0,000;0,000;0,000;25,81;25,19;25,69;25,31;25,00;25,62;0;0;
2026-07-07 17:08:57;4337494;DONE;3;4;0,000;0,000;0,000;0,000;0,000;0,000;0,000;0,000;0,000;0,000;0,000;0,000;0,000;0,000;0,000;0,000;0,000;0,000;0,000;0,000;25,81;25,19;25,69;25,31;25,00;25,62;0;0;
2026-07-07 17:08:57;4338494;DONE;3;4;0,000;0,000;0,000;0,000;0,000;0,000;0,000;0,000;0,000;0,000;0,000;0,000;0,000;0,000;0,000;0,000;0,000;0,000;0,000;0,000;25,81;25,19;25,69;25,31;25,00;25,62;0;0;
2026-07-07 17:08:59;4339494;DONE;3;4;0,000;0,000;0,000;0,000;0,000;0,000;0,000;0,000;0,000;0,000;0,000;0,000;0,000;0,000;0,000;0,000;0,000;0,000;0,000;0,000;25,81;25,19;25,69;25,31;25,00;25,62;0;0;
2026-07-07 17:08:59;4340494;DONE;3;4;0,000;0,000;0,000;0,000;0,000;0,000;0,000;0,000;0,000;0,000;0,000;0,000;0,000;0,000;0,000;0,000;0,000;0,000;0,000;0,000;25,81;25,19;25,69;25,31;25,00;25,62;0;0;
2026-07-07 17:09:01;4341494;DONE;3;4;0,000;0,000;0,000;0,000;0,000;0,000;0,000;0,000;0,000;0,000;0,000;0,000;0,000;0,000;0,000;0,000;0,000;0,000;0,000;0,000;25,81;25,19;25,69;25,31;25,00;25,62;0;0;
2026-07-07 17:09:01;4342494;DONE;3;4;0,000;0,000;0,000;0,000;0,000;0,000;0,000;0,000;0,000;0,000;0,000;0,000;0,000;0,000;0,000;0,000;0,000;0,000;0,000;0,000;25,81;25,19;25,69;25,31;25,00;25,62;0;0;
2026-07-07 17:09:02;4343494;DONE;3;4;0,000;0,000;0,000;0,000;0,000;0,000;0,000;0,000;0,000;0,000;0,000;0,000;0,000;0,000;0,000;0,000;0,000;0,000;0,000;0,000;25,81;25,19;25,69;25,31;25,00;25,62;0;0;
2026-07-07 17:09:03;4344494;DONE;3;4;0,000;0,000;0,000;0,000;0,000;0,000;0,000;0,000;0,000;0,000;0,000;0,000;0,000;0,000;0,000;0,000;0,000;0,000;0,000;0,000;25,81;25,19;25,69;25,31;25,00;25,62;0;0;
2026-07-07 17:09:04;4345494;DONE;3;4;0,000;0,000;0,000;0,000;0,000;0,000;0,000;0,000;0,000;0,000;0,000;0,000;0,000;0,000;0,000;0,000;0,000;0,000;0,000;0,000;25,81;25,19;25,69;25,31;25,00;25,62;0;0;
